# WaveFront *.obj file (generated by Autodesk ATF)

mtllib shop_brick.mtl

g Body1

v 3.040000 0.390000 1.110000
v 3.031481 0.454705 1.110000
v 3.006506 0.515000 1.110000
v 2.966777 0.566777 1.110000
v 2.915000 0.606506 1.110000
v 2.854705 0.631481 1.110000
v 2.790000 0.640000 1.110000
v 2.725295 0.631481 1.110000
v 2.665000 0.606506 1.110000
v 2.613223 0.566777 1.110000
v 2.573494 0.515000 1.110000
v 2.548519 0.454705 1.110000
v 2.540000 0.390000 1.110000
v 2.548519 0.325295 1.110000
v 2.573494 0.265000 1.110000
v 2.613223 0.213223 1.110000
v 2.665000 0.173494 1.110000
v 2.725295 0.148519 1.110000
v 2.790000 0.140000 1.110000
v 2.854705 0.148519 1.110000
v 2.915000 0.173494 1.110000
v 2.966777 0.213223 1.110000
v 3.006506 0.265000 1.110000
v 3.031481 0.325295 1.110000
v 3.020000 0.390000 1.130000
v 3.012163 0.330472 1.130000
v 2.989186 0.275000 1.130000
v 2.952635 0.227365 1.130000
v 2.905000 0.190814 1.130000
v 2.849528 0.167837 1.130000
v 2.790000 0.160000 1.130000
v 2.730472 0.167837 1.130000
v 2.675000 0.190814 1.130000
v 2.627365 0.227365 1.130000
v 2.590814 0.275000 1.130000
v 2.567837 0.330472 1.130000
v 2.560000 0.390000 1.130000
v 2.567837 0.449528 1.130000
v 2.590814 0.505000 1.130000
v 2.627365 0.552635 1.130000
v 2.675000 0.589186 1.130000
v 2.730472 0.612163 1.130000
v 2.790000 0.620000 1.130000
v 2.849528 0.612163 1.130000
v 2.905000 0.589186 1.130000
v 2.952635 0.552635 1.130000
v 2.989186 0.505000 1.130000
v 3.012163 0.449528 1.130000
v 2.540681 0.390000 1.115176
v 2.542679 0.390000 1.120000
v 2.545858 0.390000 1.124142
v 2.550000 0.390000 1.127321
v 2.554824 0.390000 1.129319
v 3.030823 0.454528 1.115176
v 3.028893 0.454011 1.120000
v 3.025823 0.453189 1.124142
v 3.021822 0.452117 1.127321
v 3.017163 0.450868 1.129319
v 3.025176 0.390000 1.129319
v 3.030000 0.390000 1.127321
v 3.034142 0.390000 1.124142
v 3.037321 0.390000 1.120000
v 3.039319 0.390000 1.115176
v 3.005916 0.514659 1.115176
v 3.004186 0.513660 1.120000
v 3.001433 0.512071 1.124142
v 2.997846 0.510000 1.127321
v 2.993669 0.507588 1.129319
v 2.966295 0.566295 1.115176
v 2.964882 0.564882 1.120000
v 2.962635 0.562635 1.124142
v 2.959706 0.559706 1.127321
v 2.956295 0.556295 1.129319
v 2.914659 0.605916 1.115176
v 2.913660 0.604186 1.120000
v 2.912071 0.601433 1.124142
v 2.910000 0.597846 1.127321
v 2.907588 0.593669 1.129319
v 2.854528 0.630823 1.115176
v 2.854011 0.628893 1.120000
v 2.853189 0.625823 1.124142
v 2.852117 0.621822 1.127321
v 2.850868 0.617163 1.129319
v 2.790000 0.639319 1.115176
v 2.790000 0.637321 1.120000
v 2.790000 0.634142 1.124142
v 2.790000 0.630000 1.127321
v 2.790000 0.625176 1.129319
v 2.725472 0.630823 1.115176
v 2.725989 0.628893 1.120000
v 2.726811 0.625823 1.124142
v 2.727883 0.621822 1.127321
v 2.729132 0.617163 1.129319
v 2.665341 0.605916 1.115176
v 2.666340 0.604186 1.120000
v 2.667929 0.601433 1.124142
v 2.670000 0.597846 1.127321
v 2.672412 0.593669 1.129319
v 2.613705 0.566295 1.115176
v 2.615118 0.564882 1.120000
v 2.617365 0.562635 1.124142
v 2.620294 0.559706 1.127321
v 2.623705 0.556295 1.129319
v 2.574084 0.514659 1.115176
v 2.575814 0.513660 1.120000
v 2.578567 0.512071 1.124142
v 2.582154 0.510000 1.127321
v 2.586331 0.507588 1.129319
v 2.549177 0.454528 1.115176
v 2.551107 0.454011 1.120000
v 2.554177 0.453189 1.124142
v 2.558178 0.452117 1.127321
v 2.562837 0.450868 1.129319
v 2.549177 0.325472 1.115176
v 2.551107 0.325989 1.120000
v 2.554177 0.326811 1.124142
v 2.558178 0.327883 1.127321
v 2.562837 0.329132 1.129319
v 2.574084 0.265341 1.115176
v 2.575814 0.266340 1.120000
v 2.578567 0.267929 1.124142
v 2.582154 0.270000 1.127321
v 2.586331 0.272412 1.129319
v 2.613705 0.213705 1.115176
v 2.615118 0.215118 1.120000
v 2.617365 0.217365 1.124142
v 2.620294 0.220294 1.127321
v 2.623705 0.223705 1.129319
v 2.665341 0.174084 1.115176
v 2.666340 0.175814 1.120000
v 2.667929 0.178567 1.124142
v 2.670000 0.182154 1.127321
v 2.672412 0.186331 1.129319
v 2.725472 0.149177 1.115176
v 2.725989 0.151107 1.120000
v 2.726811 0.154177 1.124142
v 2.727883 0.158178 1.127321
v 2.729132 0.162837 1.129319
v 2.790000 0.140681 1.115176
v 2.790000 0.142679 1.120000
v 2.790000 0.145858 1.124142
v 2.790000 0.150000 1.127321
v 2.790000 0.154824 1.129319
v 2.854528 0.149177 1.115176
v 2.854011 0.151107 1.120000
v 2.853189 0.154177 1.124142
v 2.852117 0.158178 1.127321
v 2.850868 0.162837 1.129319
v 2.914659 0.174084 1.115176
v 2.913660 0.175814 1.120000
v 2.912071 0.178567 1.124142
v 2.910000 0.182154 1.127321
v 2.907588 0.186331 1.129319
v 2.966295 0.213705 1.115176
v 2.964882 0.215118 1.120000
v 2.962635 0.217365 1.124142
v 2.959706 0.220294 1.127321
v 2.956295 0.223705 1.129319
v 3.005916 0.265341 1.115176
v 3.004186 0.266340 1.120000
v 3.001433 0.267929 1.124142
v 2.997846 0.270000 1.127321
v 2.993669 0.272412 1.129319
v 3.030823 0.325472 1.115176
v 3.028893 0.325989 1.120000
v 3.025823 0.326811 1.124142
v 3.021822 0.327883 1.127321
v 3.017163 0.329132 1.129319
v 3.040000 0.390000 0.960000
v 3.031481 0.454705 0.960000
v 3.006506 0.515000 0.960000
v 2.966777 0.566777 0.960000
v 2.915000 0.606506 0.960000
v 2.854705 0.631481 0.960000
v 2.790000 0.640000 0.960000
v 2.725295 0.631481 0.960000
v 2.665000 0.606506 0.960000
v 2.613223 0.566777 0.960000
v 2.573494 0.515000 0.960000
v 2.548519 0.454705 0.960000
v 2.540000 0.390000 0.960000
v 2.548519 0.325295 0.960000
v 2.573494 0.265000 0.960000
v 2.613223 0.213223 0.960000
v 2.665000 0.173494 0.960000
v 2.725295 0.148519 0.960000
v 2.790000 0.140000 0.960000
v 2.854705 0.148519 0.960000
v 2.915000 0.173494 0.960000
v 2.966777 0.213223 0.960000
v 3.006506 0.265000 0.960000
v 3.031481 0.325295 0.960000
v 3.040000 1.190000 1.110000
v 3.031481 1.254705 1.110000
v 3.006506 1.315000 1.110000
v 2.966777 1.366777 1.110000
v 2.915000 1.406506 1.110000
v 2.854705 1.431481 1.110000
v 2.790000 1.440000 1.110000
v 2.725295 1.431481 1.110000
v 2.665000 1.406506 1.110000
v 2.613223 1.366777 1.110000
v 2.573494 1.315000 1.110000
v 2.548519 1.254705 1.110000
v 2.540000 1.190000 1.110000
v 2.548519 1.125295 1.110000
v 2.573494 1.065000 1.110000
v 2.613223 1.013223 1.110000
v 2.665000 0.973494 1.110000
v 2.725295 0.948519 1.110000
v 2.790000 0.940000 1.110000
v 2.854705 0.948519 1.110000
v 2.915000 0.973494 1.110000
v 2.966777 1.013223 1.110000
v 3.006506 1.065000 1.110000
v 3.031481 1.125295 1.110000
v 3.020000 1.190000 1.130000
v 3.012163 1.130472 1.130000
v 2.989186 1.075000 1.130000
v 2.952635 1.027365 1.130000
v 2.905000 0.990814 1.130000
v 2.849528 0.967837 1.130000
v 2.790000 0.960000 1.130000
v 2.730472 0.967837 1.130000
v 2.675000 0.990814 1.130000
v 2.627365 1.027365 1.130000
v 2.590814 1.075000 1.130000
v 2.567837 1.130472 1.130000
v 2.560000 1.190000 1.130000
v 2.567837 1.249528 1.130000
v 2.590814 1.305000 1.130000
v 2.627365 1.352635 1.130000
v 2.675000 1.389186 1.130000
v 2.730472 1.412163 1.130000
v 2.790000 1.420000 1.130000
v 2.849528 1.412163 1.130000
v 2.905000 1.389186 1.130000
v 2.952635 1.352635 1.130000
v 2.989186 1.305000 1.130000
v 3.012163 1.249528 1.130000
v 2.540681 1.190000 1.115176
v 2.542679 1.190000 1.120000
v 2.545858 1.190000 1.124142
v 2.550000 1.190000 1.127321
v 2.554824 1.190000 1.129319
v 3.030823 1.254528 1.115176
v 3.028893 1.254011 1.120000
v 3.025823 1.253189 1.124142
v 3.021822 1.252117 1.127321
v 3.017163 1.250868 1.129319
v 3.025176 1.190000 1.129319
v 3.030000 1.190000 1.127321
v 3.034142 1.190000 1.124142
v 3.037321 1.190000 1.120000
v 3.039319 1.190000 1.115176
v 3.005916 1.314659 1.115176
v 3.004186 1.313660 1.120000
v 3.001433 1.312071 1.124142
v 2.997846 1.310000 1.127321
v 2.993669 1.307588 1.129319
v 2.966295 1.366295 1.115176
v 2.964882 1.364882 1.120000
v 2.962635 1.362635 1.124142
v 2.959706 1.359706 1.127321
v 2.956295 1.356295 1.129319
v 2.914659 1.405916 1.115176
v 2.913660 1.404186 1.120000
v 2.912071 1.401433 1.124142
v 2.910000 1.397846 1.127321
v 2.907588 1.393669 1.129319
v 2.854528 1.430823 1.115176
v 2.854011 1.428893 1.120000
v 2.853189 1.425823 1.124142
v 2.852117 1.421822 1.127321
v 2.850868 1.417163 1.129319
v 2.790000 1.439319 1.115176
v 2.790000 1.437321 1.120000
v 2.790000 1.434142 1.124142
v 2.790000 1.430000 1.127321
v 2.790000 1.425176 1.129319
v 2.725472 1.430823 1.115176
v 2.725989 1.428893 1.120000
v 2.726811 1.425823 1.124142
v 2.727883 1.421822 1.127321
v 2.729132 1.417163 1.129319
v 2.665341 1.405916 1.115176
v 2.666340 1.404186 1.120000
v 2.667929 1.401433 1.124142
v 2.670000 1.397846 1.127321
v 2.672412 1.393669 1.129319
v 2.613705 1.366295 1.115176
v 2.615118 1.364882 1.120000
v 2.617365 1.362635 1.124142
v 2.620294 1.359706 1.127321
v 2.623705 1.356295 1.129319
v 2.574084 1.314659 1.115176
v 2.575814 1.313660 1.120000
v 2.578567 1.312071 1.124142
v 2.582154 1.310000 1.127321
v 2.586331 1.307588 1.129319
v 2.549177 1.254528 1.115176
v 2.551107 1.254011 1.120000
v 2.554177 1.253189 1.124142
v 2.558178 1.252117 1.127321
v 2.562837 1.250868 1.129319
v 2.549177 1.125472 1.115176
v 2.551107 1.125989 1.120000
v 2.554177 1.126811 1.124142
v 2.558178 1.127883 1.127321
v 2.562837 1.129132 1.129319
v 2.574084 1.065341 1.115176
v 2.575814 1.066340 1.120000
v 2.578567 1.067929 1.124142
v 2.582154 1.070000 1.127321
v 2.586331 1.072412 1.129319
v 2.613705 1.013705 1.115176
v 2.615118 1.015118 1.120000
v 2.617365 1.017365 1.124142
v 2.620294 1.020294 1.127321
v 2.623705 1.023705 1.129319
v 2.665341 0.974084 1.115176
v 2.666340 0.975814 1.120000
v 2.667929 0.978567 1.124142
v 2.670000 0.982154 1.127321
v 2.672412 0.986331 1.129319
v 2.725472 0.949177 1.115176
v 2.725989 0.951107 1.120000
v 2.726811 0.954177 1.124142
v 2.727883 0.958178 1.127321
v 2.729132 0.962837 1.129319
v 2.790000 0.940681 1.115176
v 2.790000 0.942679 1.120000
v 2.790000 0.945858 1.124142
v 2.790000 0.950000 1.127321
v 2.790000 0.954824 1.129319
v 2.854528 0.949177 1.115176
v 2.854011 0.951107 1.120000
v 2.853189 0.954177 1.124142
v 2.852117 0.958178 1.127321
v 2.850868 0.962837 1.129319
v 2.914659 0.974084 1.115176
v 2.913660 0.975814 1.120000
v 2.912071 0.978567 1.124142
v 2.910000 0.982154 1.127321
v 2.907588 0.986331 1.129319
v 2.966295 1.013705 1.115176
v 2.964882 1.015118 1.120000
v 2.962635 1.017365 1.124142
v 2.959706 1.020294 1.127321
v 2.956295 1.023705 1.129319
v 3.005916 1.065341 1.115176
v 3.004186 1.066340 1.120000
v 3.001433 1.067929 1.124142
v 2.997846 1.070000 1.127321
v 2.993669 1.072412 1.129319
v 3.030823 1.125472 1.115176
v 3.028893 1.125989 1.120000
v 3.025823 1.126811 1.124142
v 3.021822 1.127883 1.127321
v 3.017163 1.129132 1.129319
v 3.040000 1.190000 0.960000
v 3.031481 1.254705 0.960000
v 3.006506 1.315000 0.960000
v 2.966777 1.366777 0.960000
v 2.915000 1.406506 0.960000
v 2.854705 1.431481 0.960000
v 2.790000 1.440000 0.960000
v 2.725295 1.431481 0.960000
v 2.665000 1.406506 0.960000
v 2.613223 1.366777 0.960000
v 2.573494 1.315000 0.960000
v 2.548519 1.254705 0.960000
v 2.540000 1.190000 0.960000
v 2.548519 1.125295 0.960000
v 2.573494 1.065000 0.960000
v 2.613223 1.013223 0.960000
v 2.665000 0.973494 0.960000
v 2.725295 0.948519 0.960000
v 2.790000 0.940000 0.960000
v 2.854705 0.948519 0.960000
v 2.915000 0.973494 0.960000
v 2.966777 1.013223 0.960000
v 3.006506 1.065000 0.960000
v 3.031481 1.125295 0.960000
v 2.240000 1.190000 1.110000
v 2.231481 1.254705 1.110000
v 2.206506 1.315000 1.110000
v 2.166777 1.366777 1.110000
v 2.115000 1.406506 1.110000
v 2.054705 1.431481 1.110000
v 1.990000 1.440000 1.110000
v 1.925295 1.431481 1.110000
v 1.865000 1.406506 1.110000
v 1.813223 1.366777 1.110000
v 1.773494 1.315000 1.110000
v 1.748519 1.254705 1.110000
v 1.740000 1.190000 1.110000
v 1.748519 1.125295 1.110000
v 1.773494 1.065000 1.110000
v 1.813223 1.013223 1.110000
v 1.865000 0.973494 1.110000
v 1.925295 0.948519 1.110000
v 1.990000 0.940000 1.110000
v 2.054705 0.948519 1.110000
v 2.115000 0.973494 1.110000
v 2.166777 1.013223 1.110000
v 2.206506 1.065000 1.110000
v 2.231481 1.125295 1.110000
v 2.220000 1.190000 1.130000
v 2.212163 1.130472 1.130000
v 2.189186 1.075000 1.130000
v 2.152635 1.027365 1.130000
v 2.105000 0.990814 1.130000
v 2.049528 0.967837 1.130000
v 1.990000 0.960000 1.130000
v 1.930472 0.967837 1.130000
v 1.875000 0.990814 1.130000
v 1.827365 1.027365 1.130000
v 1.790814 1.075000 1.130000
v 1.767837 1.130472 1.130000
v 1.760000 1.190000 1.130000
v 1.767837 1.249528 1.130000
v 1.790814 1.305000 1.130000
v 1.827365 1.352635 1.130000
v 1.875000 1.389186 1.130000
v 1.930472 1.412163 1.130000
v 1.990000 1.420000 1.130000
v 2.049528 1.412163 1.130000
v 2.105000 1.389186 1.130000
v 2.152635 1.352635 1.130000
v 2.189186 1.305000 1.130000
v 2.212163 1.249528 1.130000
v 1.740681 1.190000 1.115176
v 1.742679 1.190000 1.120000
v 1.745858 1.190000 1.124142
v 1.750000 1.190000 1.127321
v 1.754824 1.190000 1.129319
v 2.230823 1.254528 1.115176
v 2.228893 1.254011 1.120000
v 2.225823 1.253189 1.124142
v 2.221822 1.252117 1.127321
v 2.217163 1.250868 1.129319
v 2.225176 1.190000 1.129319
v 2.230000 1.190000 1.127321
v 2.234142 1.190000 1.124142
v 2.237321 1.190000 1.120000
v 2.239319 1.190000 1.115176
v 2.205916 1.314659 1.115176
v 2.204186 1.313660 1.120000
v 2.201433 1.312071 1.124142
v 2.197846 1.310000 1.127321
v 2.193669 1.307588 1.129319
v 2.166295 1.366295 1.115176
v 2.164882 1.364882 1.120000
v 2.162635 1.362635 1.124142
v 2.159706 1.359706 1.127321
v 2.156295 1.356295 1.129319
v 2.114659 1.405916 1.115176
v 2.113660 1.404186 1.120000
v 2.112071 1.401433 1.124142
v 2.110000 1.397846 1.127321
v 2.107588 1.393669 1.129319
v 2.054528 1.430823 1.115176
v 2.054011 1.428893 1.120000
v 2.053189 1.425823 1.124142
v 2.052117 1.421822 1.127321
v 2.050868 1.417163 1.129319
v 1.990000 1.439319 1.115176
v 1.990000 1.437321 1.120000
v 1.990000 1.434142 1.124142
v 1.990000 1.430000 1.127321
v 1.990000 1.425176 1.129319
v 1.925472 1.430823 1.115176
v 1.925989 1.428893 1.120000
v 1.926811 1.425823 1.124142
v 1.927883 1.421822 1.127321
v 1.929132 1.417163 1.129319
v 1.865341 1.405916 1.115176
v 1.866340 1.404186 1.120000
v 1.867929 1.401433 1.124142
v 1.870000 1.397846 1.127321
v 1.872412 1.393669 1.129319
v 1.813705 1.366295 1.115176
v 1.815118 1.364882 1.120000
v 1.817365 1.362635 1.124142
v 1.820294 1.359706 1.127321
v 1.823705 1.356295 1.129319
v 1.774084 1.314659 1.115176
v 1.775814 1.313660 1.120000
v 1.778567 1.312071 1.124142
v 1.782154 1.310000 1.127321
v 1.786331 1.307588 1.129319
v 1.749177 1.254528 1.115176
v 1.751107 1.254011 1.120000
v 1.754177 1.253189 1.124142
v 1.758178 1.252117 1.127321
v 1.762837 1.250868 1.129319
v 1.749177 1.125472 1.115176
v 1.751107 1.125989 1.120000
v 1.754177 1.126811 1.124142
v 1.758178 1.127883 1.127321
v 1.762837 1.129132 1.129319
v 1.774084 1.065341 1.115176
v 1.775814 1.066340 1.120000
v 1.778567 1.067929 1.124142
v 1.782154 1.070000 1.127321
v 1.786331 1.072412 1.129319
v 1.813705 1.013705 1.115176
v 1.815118 1.015118 1.120000
v 1.817365 1.017365 1.124142
v 1.820294 1.020294 1.127321
v 1.823705 1.023705 1.129319
v 1.865341 0.974084 1.115176
v 1.866340 0.975814 1.120000
v 1.867929 0.978567 1.124142
v 1.870000 0.982154 1.127321
v 1.872412 0.986331 1.129319
v 1.925472 0.949177 1.115176
v 1.925989 0.951107 1.120000
v 1.926811 0.954177 1.124142
v 1.927883 0.958178 1.127321
v 1.929132 0.962837 1.129319
v 1.990000 0.940681 1.115176
v 1.990000 0.942679 1.120000
v 1.990000 0.945858 1.124142
v 1.990000 0.950000 1.127321
v 1.990000 0.954824 1.129319
v 2.054528 0.949177 1.115176
v 2.054011 0.951107 1.120000
v 2.053189 0.954177 1.124142
v 2.052117 0.958178 1.127321
v 2.050868 0.962837 1.129319
v 2.114659 0.974084 1.115176
v 2.113660 0.975814 1.120000
v 2.112071 0.978567 1.124142
v 2.110000 0.982154 1.127321
v 2.107588 0.986331 1.129319
v 2.166295 1.013705 1.115176
v 2.164882 1.015118 1.120000
v 2.162635 1.017365 1.124142
v 2.159706 1.020294 1.127321
v 2.156295 1.023705 1.129319
v 2.205916 1.065341 1.115176
v 2.204186 1.066340 1.120000
v 2.201433 1.067929 1.124142
v 2.197846 1.070000 1.127321
v 2.193669 1.072412 1.129319
v 2.230823 1.125472 1.115176
v 2.228893 1.125989 1.120000
v 2.225823 1.126811 1.124142
v 2.221822 1.127883 1.127321
v 2.217163 1.129132 1.129319
v 2.240000 1.190000 0.960000
v 2.231481 1.254705 0.960000
v 2.206506 1.315000 0.960000
v 2.166777 1.366777 0.960000
v 2.115000 1.406506 0.960000
v 2.054705 1.431481 0.960000
v 1.990000 1.440000 0.960000
v 1.925295 1.431481 0.960000
v 1.865000 1.406506 0.960000
v 1.813223 1.366777 0.960000
v 1.773494 1.315000 0.960000
v 1.748519 1.254705 0.960000
v 1.740000 1.190000 0.960000
v 1.748519 1.125295 0.960000
v 1.773494 1.065000 0.960000
v 1.813223 1.013223 0.960000
v 1.865000 0.973494 0.960000
v 1.925295 0.948519 0.960000
v 1.990000 0.940000 0.960000
v 2.054705 0.948519 0.960000
v 2.115000 0.973494 0.960000
v 2.166777 1.013223 0.960000
v 2.206506 1.065000 0.960000
v 2.231481 1.125295 0.960000
v 2.240000 0.390000 1.110000
v 2.231481 0.454705 1.110000
v 2.206506 0.515000 1.110000
v 2.166777 0.566777 1.110000
v 2.115000 0.606506 1.110000
v 2.054705 0.631481 1.110000
v 1.990000 0.640000 1.110000
v 1.925295 0.631481 1.110000
v 1.865000 0.606506 1.110000
v 1.813223 0.566777 1.110000
v 1.773494 0.515000 1.110000
v 1.748519 0.454705 1.110000
v 1.740000 0.390000 1.110000
v 1.748519 0.325295 1.110000
v 1.773494 0.265000 1.110000
v 1.813223 0.213223 1.110000
v 1.865000 0.173494 1.110000
v 1.925295 0.148519 1.110000
v 1.990000 0.140000 1.110000
v 2.054705 0.148519 1.110000
v 2.115000 0.173494 1.110000
v 2.166777 0.213223 1.110000
v 2.206506 0.265000 1.110000
v 2.231481 0.325295 1.110000
v 2.220000 0.390000 1.130000
v 2.212163 0.330472 1.130000
v 2.189186 0.275000 1.130000
v 2.152635 0.227365 1.130000
v 2.105000 0.190814 1.130000
v 2.049528 0.167837 1.130000
v 1.990000 0.160000 1.130000
v 1.930472 0.167837 1.130000
v 1.875000 0.190814 1.130000
v 1.827365 0.227365 1.130000
v 1.790814 0.275000 1.130000
v 1.767837 0.330472 1.130000
v 1.760000 0.390000 1.130000
v 1.767837 0.449528 1.130000
v 1.790814 0.505000 1.130000
v 1.827365 0.552635 1.130000
v 1.875000 0.589186 1.130000
v 1.930472 0.612163 1.130000
v 1.990000 0.620000 1.130000
v 2.049528 0.612163 1.130000
v 2.105000 0.589186 1.130000
v 2.152635 0.552635 1.130000
v 2.189186 0.505000 1.130000
v 2.212163 0.449528 1.130000
v 1.740681 0.390000 1.115176
v 1.742679 0.390000 1.120000
v 1.745858 0.390000 1.124142
v 1.750000 0.390000 1.127321
v 1.754824 0.390000 1.129319
v 2.230823 0.454528 1.115176
v 2.228893 0.454011 1.120000
v 2.225823 0.453189 1.124142
v 2.221822 0.452117 1.127321
v 2.217163 0.450868 1.129319
v 2.225176 0.390000 1.129319
v 2.230000 0.390000 1.127321
v 2.234142 0.390000 1.124142
v 2.237321 0.390000 1.120000
v 2.239319 0.390000 1.115176
v 2.205916 0.514659 1.115176
v 2.204186 0.513660 1.120000
v 2.201433 0.512071 1.124142
v 2.197846 0.510000 1.127321
v 2.193669 0.507588 1.129319
v 2.166295 0.566295 1.115176
v 2.164882 0.564882 1.120000
v 2.162635 0.562635 1.124142
v 2.159706 0.559706 1.127321
v 2.156295 0.556295 1.129319
v 2.114659 0.605916 1.115176
v 2.113660 0.604186 1.120000
v 2.112071 0.601433 1.124142
v 2.110000 0.597846 1.127321
v 2.107588 0.593669 1.129319
v 2.054528 0.630823 1.115176
v 2.054011 0.628893 1.120000
v 2.053189 0.625823 1.124142
v 2.052117 0.621822 1.127321
v 2.050868 0.617163 1.129319
v 1.990000 0.639319 1.115176
v 1.990000 0.637321 1.120000
v 1.990000 0.634142 1.124142
v 1.990000 0.630000 1.127321
v 1.990000 0.625176 1.129319
v 1.925472 0.630823 1.115176
v 1.925989 0.628893 1.120000
v 1.926811 0.625823 1.124142
v 1.927883 0.621822 1.127321
v 1.929132 0.617163 1.129319
v 1.865341 0.605916 1.115176
v 1.866340 0.604186 1.120000
v 1.867929 0.601433 1.124142
v 1.870000 0.597846 1.127321
v 1.872412 0.593669 1.129319
v 1.813705 0.566295 1.115176
v 1.815118 0.564882 1.120000
v 1.817365 0.562635 1.124142
v 1.820294 0.559706 1.127321
v 1.823705 0.556295 1.129319
v 1.774084 0.514659 1.115176
v 1.775814 0.513660 1.120000
v 1.778567 0.512071 1.124142
v 1.782154 0.510000 1.127321
v 1.786331 0.507588 1.129319
v 1.749177 0.454528 1.115176
v 1.751107 0.454011 1.120000
v 1.754177 0.453189 1.124142
v 1.758178 0.452117 1.127321
v 1.762837 0.450868 1.129319
v 1.749177 0.325472 1.115176
v 1.751107 0.325989 1.120000
v 1.754177 0.326811 1.124142
v 1.758178 0.327883 1.127321
v 1.762837 0.329132 1.129319
v 1.774084 0.265341 1.115176
v 1.775814 0.266340 1.120000
v 1.778567 0.267929 1.124142
v 1.782154 0.270000 1.127321
v 1.786331 0.272412 1.129319
v 1.813705 0.213705 1.115176
v 1.815118 0.215118 1.120000
v 1.817365 0.217365 1.124142
v 1.820294 0.220294 1.127321
v 1.823705 0.223705 1.129319
v 1.865341 0.174084 1.115176
v 1.866340 0.175814 1.120000
v 1.867929 0.178567 1.124142
v 1.870000 0.182154 1.127321
v 1.872412 0.186331 1.129319
v 1.925472 0.149177 1.115176
v 1.925989 0.151107 1.120000
v 1.926811 0.154177 1.124142
v 1.927883 0.158178 1.127321
v 1.929132 0.162837 1.129319
v 1.990000 0.140681 1.115176
v 1.990000 0.142679 1.120000
v 1.990000 0.145858 1.124142
v 1.990000 0.150000 1.127321
v 1.990000 0.154824 1.129319
v 2.054528 0.149177 1.115176
v 2.054011 0.151107 1.120000
v 2.053189 0.154177 1.124142
v 2.052117 0.158178 1.127321
v 2.050868 0.162837 1.129319
v 2.114659 0.174084 1.115176
v 2.113660 0.175814 1.120000
v 2.112071 0.178567 1.124142
v 2.110000 0.182154 1.127321
v 2.107588 0.186331 1.129319
v 2.166295 0.213705 1.115176
v 2.164882 0.215118 1.120000
v 2.162635 0.217365 1.124142
v 2.159706 0.220294 1.127321
v 2.156295 0.223705 1.129319
v 2.205916 0.265341 1.115176
v 2.204186 0.266340 1.120000
v 2.201433 0.267929 1.124142
v 2.197846 0.270000 1.127321
v 2.193669 0.272412 1.129319
v 2.230823 0.325472 1.115176
v 2.228893 0.325989 1.120000
v 2.225823 0.326811 1.124142
v 2.221822 0.327883 1.127321
v 2.217163 0.329132 1.129319
v 2.240000 0.390000 0.960000
v 2.231481 0.454705 0.960000
v 2.206506 0.515000 0.960000
v 2.166777 0.566777 0.960000
v 2.115000 0.606506 0.960000
v 2.054705 0.631481 0.960000
v 1.990000 0.640000 0.960000
v 1.925295 0.631481 0.960000
v 1.865000 0.606506 0.960000
v 1.813223 0.566777 0.960000
v 1.773494 0.515000 0.960000
v 1.748519 0.454705 0.960000
v 1.740000 0.390000 0.960000
v 1.748519 0.325295 0.960000
v 1.773494 0.265000 0.960000
v 1.813223 0.213223 0.960000
v 1.865000 0.173494 0.960000
v 1.925295 0.148519 0.960000
v 1.990000 0.140000 0.960000
v 2.054705 0.148519 0.960000
v 2.115000 0.173494 0.960000
v 2.166777 0.213223 0.960000
v 2.206506 0.265000 0.960000
v 2.231481 0.325295 0.960000
v 1.440000 0.390000 1.110000
v 1.431481 0.454705 1.110000
v 1.406506 0.515000 1.110000
v 1.366777 0.566777 1.110000
v 1.315000 0.606506 1.110000
v 1.254705 0.631481 1.110000
v 1.190000 0.640000 1.110000
v 1.125295 0.631481 1.110000
v 1.065000 0.606506 1.110000
v 1.013223 0.566777 1.110000
v 0.973494 0.515000 1.110000
v 0.948519 0.454705 1.110000
v 0.940000 0.390000 1.110000
v 0.948519 0.325295 1.110000
v 0.973494 0.265000 1.110000
v 1.013223 0.213223 1.110000
v 1.065000 0.173494 1.110000
v 1.125295 0.148519 1.110000
v 1.190000 0.140000 1.110000
v 1.254705 0.148519 1.110000
v 1.315000 0.173494 1.110000
v 1.366777 0.213223 1.110000
v 1.406506 0.265000 1.110000
v 1.431481 0.325295 1.110000
v 1.420000 0.390000 1.130000
v 1.412163 0.330472 1.130000
v 1.389186 0.275000 1.130000
v 1.352635 0.227365 1.130000
v 1.305000 0.190814 1.130000
v 1.249528 0.167837 1.130000
v 1.190000 0.160000 1.130000
v 1.130472 0.167837 1.130000
v 1.075000 0.190814 1.130000
v 1.027365 0.227365 1.130000
v 0.990814 0.275000 1.130000
v 0.967837 0.330472 1.130000
v 0.960000 0.390000 1.130000
v 0.967837 0.449528 1.130000
v 0.990814 0.505000 1.130000
v 1.027365 0.552635 1.130000
v 1.075000 0.589186 1.130000
v 1.130472 0.612163 1.130000
v 1.190000 0.620000 1.130000
v 1.249528 0.612163 1.130000
v 1.305000 0.589186 1.130000
v 1.352635 0.552635 1.130000
v 1.389186 0.505000 1.130000
v 1.412163 0.449528 1.130000
v 0.940681 0.390000 1.115176
v 0.942679 0.390000 1.120000
v 0.945858 0.390000 1.124142
v 0.950000 0.390000 1.127321
v 0.954824 0.390000 1.129319
v 1.430823 0.454528 1.115176
v 1.428893 0.454011 1.120000
v 1.425823 0.453189 1.124142
v 1.421822 0.452117 1.127321
v 1.417163 0.450868 1.129319
v 1.425176 0.390000 1.129319
v 1.430000 0.390000 1.127321
v 1.434142 0.390000 1.124142
v 1.437321 0.390000 1.120000
v 1.439319 0.390000 1.115176
v 1.405916 0.514659 1.115176
v 1.404186 0.513660 1.120000
v 1.401433 0.512071 1.124142
v 1.397846 0.510000 1.127321
v 1.393669 0.507588 1.129319
v 1.366295 0.566295 1.115176
v 1.364882 0.564882 1.120000
v 1.362635 0.562635 1.124142
v 1.359706 0.559706 1.127321
v 1.356295 0.556295 1.129319
v 1.314659 0.605916 1.115176
v 1.313660 0.604186 1.120000
v 1.312071 0.601433 1.124142
v 1.310000 0.597846 1.127321
v 1.307588 0.593669 1.129319
v 1.254528 0.630823 1.115176
v 1.254011 0.628893 1.120000
v 1.253189 0.625823 1.124142
v 1.252117 0.621822 1.127321
v 1.250868 0.617163 1.129319
v 1.190000 0.639319 1.115176
v 1.190000 0.637321 1.120000
v 1.190000 0.634142 1.124142
v 1.190000 0.630000 1.127321
v 1.190000 0.625176 1.129319
v 1.125472 0.630823 1.115176
v 1.125989 0.628893 1.120000
v 1.126811 0.625823 1.124142
v 1.127883 0.621822 1.127321
v 1.129132 0.617163 1.129319
v 1.065341 0.605916 1.115176
v 1.066340 0.604186 1.120000
v 1.067929 0.601433 1.124142
v 1.070000 0.597846 1.127321
v 1.072412 0.593669 1.129319
v 1.013705 0.566295 1.115176
v 1.015118 0.564882 1.120000
v 1.017365 0.562635 1.124142
v 1.020294 0.559706 1.127321
v 1.023705 0.556295 1.129319
v 0.974084 0.514659 1.115176
v 0.975814 0.513660 1.120000
v 0.978567 0.512071 1.124142
v 0.982154 0.510000 1.127321
v 0.986331 0.507588 1.129319
v 0.949177 0.454528 1.115176
v 0.951107 0.454011 1.120000
v 0.954177 0.453189 1.124142
v 0.958178 0.452117 1.127321
v 0.962837 0.450868 1.129319
v 0.949177 0.325472 1.115176
v 0.951107 0.325989 1.120000
v 0.954177 0.326811 1.124142
v 0.958178 0.327883 1.127321
v 0.962837 0.329132 1.129319
v 0.974084 0.265341 1.115176
v 0.975814 0.266340 1.120000
v 0.978567 0.267929 1.124142
v 0.982154 0.270000 1.127321
v 0.986331 0.272412 1.129319
v 1.013705 0.213705 1.115176
v 1.015118 0.215118 1.120000
v 1.017365 0.217365 1.124142
v 1.020294 0.220294 1.127321
v 1.023705 0.223705 1.129319
v 1.065341 0.174084 1.115176
v 1.066340 0.175814 1.120000
v 1.067929 0.178567 1.124142
v 1.070000 0.182154 1.127321
v 1.072412 0.186331 1.129319
v 1.125472 0.149177 1.115176
v 1.125989 0.151107 1.120000
v 1.126811 0.154177 1.124142
v 1.127883 0.158178 1.127321
v 1.129132 0.162837 1.129319
v 1.190000 0.140681 1.115176
v 1.190000 0.142679 1.120000
v 1.190000 0.145858 1.124142
v 1.190000 0.150000 1.127321
v 1.190000 0.154824 1.129319
v 1.254528 0.149177 1.115176
v 1.254011 0.151107 1.120000
v 1.253189 0.154177 1.124142
v 1.252117 0.158178 1.127321
v 1.250868 0.162837 1.129319
v 1.314659 0.174084 1.115176
v 1.313660 0.175814 1.120000
v 1.312071 0.178567 1.124142
v 1.310000 0.182154 1.127321
v 1.307588 0.186331 1.129319
v 1.366295 0.213705 1.115176
v 1.364882 0.215118 1.120000
v 1.362635 0.217365 1.124142
v 1.359706 0.220294 1.127321
v 1.356295 0.223705 1.129319
v 1.405916 0.265341 1.115176
v 1.404186 0.266340 1.120000
v 1.401433 0.267929 1.124142
v 1.397846 0.270000 1.127321
v 1.393669 0.272412 1.129319
v 1.430823 0.325472 1.115176
v 1.428893 0.325989 1.120000
v 1.425823 0.326811 1.124142
v 1.421822 0.327883 1.127321
v 1.417163 0.329132 1.129319
v 1.440000 0.390000 0.960000
v 1.431481 0.454705 0.960000
v 1.406506 0.515000 0.960000
v 1.366777 0.566777 0.960000
v 1.315000 0.606506 0.960000
v 1.254705 0.631481 0.960000
v 1.190000 0.640000 0.960000
v 1.125295 0.631481 0.960000
v 1.065000 0.606506 0.960000
v 1.013223 0.566777 0.960000
v 0.973494 0.515000 0.960000
v 0.948519 0.454705 0.960000
v 0.940000 0.390000 0.960000
v 0.948519 0.325295 0.960000
v 0.973494 0.265000 0.960000
v 1.013223 0.213223 0.960000
v 1.065000 0.173494 0.960000
v 1.125295 0.148519 0.960000
v 1.190000 0.140000 0.960000
v 1.254705 0.148519 0.960000
v 1.315000 0.173494 0.960000
v 1.366777 0.213223 0.960000
v 1.406506 0.265000 0.960000
v 1.431481 0.325295 0.960000
v 1.440000 1.190000 1.110000
v 1.431481 1.254705 1.110000
v 1.406506 1.315000 1.110000
v 1.366777 1.366777 1.110000
v 1.315000 1.406506 1.110000
v 1.254705 1.431481 1.110000
v 1.190000 1.440000 1.110000
v 1.125295 1.431481 1.110000
v 1.065000 1.406506 1.110000
v 1.013223 1.366777 1.110000
v 0.973494 1.315000 1.110000
v 0.948519 1.254705 1.110000
v 0.940000 1.190000 1.110000
v 0.948519 1.125295 1.110000
v 0.973494 1.065000 1.110000
v 1.013223 1.013223 1.110000
v 1.065000 0.973494 1.110000
v 1.125295 0.948519 1.110000
v 1.190000 0.940000 1.110000
v 1.254705 0.948519 1.110000
v 1.315000 0.973494 1.110000
v 1.366777 1.013223 1.110000
v 1.406506 1.065000 1.110000
v 1.431481 1.125295 1.110000
v 1.420000 1.190000 1.130000
v 1.412163 1.130472 1.130000
v 1.389186 1.075000 1.130000
v 1.352635 1.027365 1.130000
v 1.305000 0.990814 1.130000
v 1.249528 0.967837 1.130000
v 1.190000 0.960000 1.130000
v 1.130472 0.967837 1.130000
v 1.075000 0.990814 1.130000
v 1.027365 1.027365 1.130000
v 0.990814 1.075000 1.130000
v 0.967837 1.130472 1.130000
v 0.960000 1.190000 1.130000
v 0.967837 1.249528 1.130000
v 0.990814 1.305000 1.130000
v 1.027365 1.352635 1.130000
v 1.075000 1.389186 1.130000
v 1.130472 1.412163 1.130000
v 1.190000 1.420000 1.130000
v 1.249528 1.412163 1.130000
v 1.305000 1.389186 1.130000
v 1.352635 1.352635 1.130000
v 1.389186 1.305000 1.130000
v 1.412163 1.249528 1.130000
v 0.940681 1.190000 1.115176
v 0.942679 1.190000 1.120000
v 0.945858 1.190000 1.124142
v 0.950000 1.190000 1.127321
v 0.954824 1.190000 1.129319
v 1.430823 1.254528 1.115176
v 1.428893 1.254011 1.120000
v 1.425823 1.253189 1.124142
v 1.421822 1.252117 1.127321
v 1.417163 1.250868 1.129319
v 1.425176 1.190000 1.129319
v 1.430000 1.190000 1.127321
v 1.434142 1.190000 1.124142
v 1.437321 1.190000 1.120000
v 1.439319 1.190000 1.115176
v 1.405916 1.314659 1.115176
v 1.404186 1.313660 1.120000
v 1.401433 1.312071 1.124142
v 1.397846 1.310000 1.127321
v 1.393669 1.307588 1.129319
v 1.366295 1.366295 1.115176
v 1.364882 1.364882 1.120000
v 1.362635 1.362635 1.124142
v 1.359706 1.359706 1.127321
v 1.356295 1.356295 1.129319
v 1.314659 1.405916 1.115176
v 1.313660 1.404186 1.120000
v 1.312071 1.401433 1.124142
v 1.310000 1.397846 1.127321
v 1.307588 1.393669 1.129319
v 1.254528 1.430823 1.115176
v 1.254011 1.428893 1.120000
v 1.253189 1.425823 1.124142
v 1.252117 1.421822 1.127321
v 1.250868 1.417163 1.129319
v 1.190000 1.439319 1.115176
v 1.190000 1.437321 1.120000
v 1.190000 1.434142 1.124142
v 1.190000 1.430000 1.127321
v 1.190000 1.425176 1.129319
v 1.125472 1.430823 1.115176
v 1.125989 1.428893 1.120000
v 1.126811 1.425823 1.124142
v 1.127883 1.421822 1.127321
v 1.129132 1.417163 1.129319
v 1.065341 1.405916 1.115176
v 1.066340 1.404186 1.120000
v 1.067929 1.401433 1.124142
v 1.070000 1.397846 1.127321
v 1.072412 1.393669 1.129319
v 1.013705 1.366295 1.115176
v 1.015118 1.364882 1.120000
v 1.017365 1.362635 1.124142
v 1.020294 1.359706 1.127321
v 1.023705 1.356295 1.129319
v 0.974084 1.314659 1.115176
v 0.975814 1.313660 1.120000
v 0.978567 1.312071 1.124142
v 0.982154 1.310000 1.127321
v 0.986331 1.307588 1.129319
v 0.949177 1.254528 1.115176
v 0.951107 1.254011 1.120000
v 0.954177 1.253189 1.124142
v 0.958178 1.252117 1.127321
v 0.962837 1.250868 1.129319
v 0.949177 1.125472 1.115176
v 0.951107 1.125989 1.120000
v 0.954177 1.126811 1.124142
v 0.958178 1.127883 1.127321
v 0.962837 1.129132 1.129319
v 0.974084 1.065341 1.115176
v 0.975814 1.066340 1.120000
v 0.978567 1.067929 1.124142
v 0.982154 1.070000 1.127321
v 0.986331 1.072412 1.129319
v 1.013705 1.013705 1.115176
v 1.015118 1.015118 1.120000
v 1.017365 1.017365 1.124142
v 1.020294 1.020294 1.127321
v 1.023705 1.023705 1.129319
v 1.065341 0.974084 1.115176
v 1.066340 0.975814 1.120000
v 1.067929 0.978567 1.124142
v 1.070000 0.982154 1.127321
v 1.072412 0.986331 1.129319
v 1.125472 0.949177 1.115176
v 1.125989 0.951107 1.120000
v 1.126811 0.954177 1.124142
v 1.127883 0.958178 1.127321
v 1.129132 0.962837 1.129319
v 1.190000 0.940681 1.115176
v 1.190000 0.942679 1.120000
v 1.190000 0.945858 1.124142
v 1.190000 0.950000 1.127321
v 1.190000 0.954824 1.129319
v 1.254528 0.949177 1.115176
v 1.254011 0.951107 1.120000
v 1.253189 0.954177 1.124142
v 1.252117 0.958178 1.127321
v 1.250868 0.962837 1.129319
v 1.314659 0.974084 1.115176
v 1.313660 0.975814 1.120000
v 1.312071 0.978567 1.124142
v 1.310000 0.982154 1.127321
v 1.307588 0.986331 1.129319
v 1.366295 1.013705 1.115176
v 1.364882 1.015118 1.120000
v 1.362635 1.017365 1.124142
v 1.359706 1.020294 1.127321
v 1.356295 1.023705 1.129319
v 1.405916 1.065341 1.115176
v 1.404186 1.066340 1.120000
v 1.401433 1.067929 1.124142
v 1.397846 1.070000 1.127321
v 1.393669 1.072412 1.129319
v 1.430823 1.125472 1.115176
v 1.428893 1.125989 1.120000
v 1.425823 1.126811 1.124142
v 1.421822 1.127883 1.127321
v 1.417163 1.129132 1.129319
v 1.440000 1.190000 0.960000
v 1.431481 1.254705 0.960000
v 1.406506 1.315000 0.960000
v 1.366777 1.366777 0.960000
v 1.315000 1.406506 0.960000
v 1.254705 1.431481 0.960000
v 1.190000 1.440000 0.960000
v 1.125295 1.431481 0.960000
v 1.065000 1.406506 0.960000
v 1.013223 1.366777 0.960000
v 0.973494 1.315000 0.960000
v 0.948519 1.254705 0.960000
v 0.940000 1.190000 0.960000
v 0.948519 1.125295 0.960000
v 0.973494 1.065000 0.960000
v 1.013223 1.013223 0.960000
v 1.065000 0.973494 0.960000
v 1.125295 0.948519 0.960000
v 1.190000 0.940000 0.960000
v 1.254705 0.948519 0.960000
v 1.315000 0.973494 0.960000
v 1.366777 1.013223 0.960000
v 1.406506 1.065000 0.960000
v 1.431481 1.125295 0.960000
v 0.640000 1.190000 1.110000
v 0.631481 1.254705 1.110000
v 0.606506 1.315000 1.110000
v 0.566777 1.366777 1.110000
v 0.515000 1.406506 1.110000
v 0.454705 1.431481 1.110000
v 0.390000 1.440000 1.110000
v 0.325295 1.431481 1.110000
v 0.265000 1.406506 1.110000
v 0.213223 1.366777 1.110000
v 0.173494 1.315000 1.110000
v 0.148519 1.254705 1.110000
v 0.140000 1.190000 1.110000
v 0.148519 1.125295 1.110000
v 0.173494 1.065000 1.110000
v 0.213223 1.013223 1.110000
v 0.265000 0.973494 1.110000
v 0.325295 0.948519 1.110000
v 0.390000 0.940000 1.110000
v 0.454705 0.948519 1.110000
v 0.515000 0.973494 1.110000
v 0.566777 1.013223 1.110000
v 0.606506 1.065000 1.110000
v 0.631481 1.125295 1.110000
v 0.620000 1.190000 1.130000
v 0.612163 1.130472 1.130000
v 0.589186 1.075000 1.130000
v 0.552635 1.027365 1.130000
v 0.505000 0.990814 1.130000
v 0.449528 0.967837 1.130000
v 0.390000 0.960000 1.130000
v 0.330472 0.967837 1.130000
v 0.275000 0.990814 1.130000
v 0.227365 1.027365 1.130000
v 0.190814 1.075000 1.130000
v 0.167837 1.130472 1.130000
v 0.160000 1.190000 1.130000
v 0.167837 1.249528 1.130000
v 0.190814 1.305000 1.130000
v 0.227365 1.352635 1.130000
v 0.275000 1.389186 1.130000
v 0.330472 1.412163 1.130000
v 0.390000 1.420000 1.130000
v 0.449528 1.412163 1.130000
v 0.505000 1.389186 1.130000
v 0.552635 1.352635 1.130000
v 0.589186 1.305000 1.130000
v 0.612163 1.249528 1.130000
v 0.140681 1.190000 1.115176
v 0.142679 1.190000 1.120000
v 0.145858 1.190000 1.124142
v 0.150000 1.190000 1.127321
v 0.154824 1.190000 1.129319
v 0.630823 1.254528 1.115176
v 0.628893 1.254011 1.120000
v 0.625823 1.253189 1.124142
v 0.621822 1.252117 1.127321
v 0.617163 1.250868 1.129319
v 0.625176 1.190000 1.129319
v 0.630000 1.190000 1.127321
v 0.634142 1.190000 1.124142
v 0.637321 1.190000 1.120000
v 0.639319 1.190000 1.115176
v 0.605916 1.314659 1.115176
v 0.604186 1.313660 1.120000
v 0.601433 1.312071 1.124142
v 0.597846 1.310000 1.127321
v 0.593669 1.307588 1.129319
v 0.566295 1.366295 1.115176
v 0.564882 1.364882 1.120000
v 0.562635 1.362635 1.124142
v 0.559706 1.359706 1.127321
v 0.556295 1.356295 1.129319
v 0.514659 1.405916 1.115176
v 0.513660 1.404186 1.120000
v 0.512071 1.401433 1.124142
v 0.510000 1.397846 1.127321
v 0.507588 1.393669 1.129319
v 0.454528 1.430823 1.115176
v 0.454011 1.428893 1.120000
v 0.453189 1.425823 1.124142
v 0.452117 1.421822 1.127321
v 0.450868 1.417163 1.129319
v 0.390000 1.439319 1.115176
v 0.390000 1.437321 1.120000
v 0.390000 1.434142 1.124142
v 0.390000 1.430000 1.127321
v 0.390000 1.425176 1.129319
v 0.325472 1.430823 1.115176
v 0.325989 1.428893 1.120000
v 0.326811 1.425823 1.124142
v 0.327883 1.421822 1.127321
v 0.329132 1.417163 1.129319
v 0.265341 1.405916 1.115176
v 0.266340 1.404186 1.120000
v 0.267929 1.401433 1.124142
v 0.270000 1.397846 1.127321
v 0.272412 1.393669 1.129319
v 0.213705 1.366295 1.115176
v 0.215118 1.364882 1.120000
v 0.217365 1.362635 1.124142
v 0.220294 1.359706 1.127321
v 0.223705 1.356295 1.129319
v 0.174084 1.314659 1.115176
v 0.175814 1.313660 1.120000
v 0.178567 1.312071 1.124142
v 0.182154 1.310000 1.127321
v 0.186331 1.307588 1.129319
v 0.149177 1.254528 1.115176
v 0.151107 1.254011 1.120000
v 0.154177 1.253189 1.124142
v 0.158178 1.252117 1.127321
v 0.162837 1.250868 1.129319
v 0.149177 1.125472 1.115176
v 0.151107 1.125989 1.120000
v 0.154177 1.126811 1.124142
v 0.158178 1.127883 1.127321
v 0.162837 1.129132 1.129319
v 0.174084 1.065341 1.115176
v 0.175814 1.066340 1.120000
v 0.178567 1.067929 1.124142
v 0.182154 1.070000 1.127321
v 0.186331 1.072412 1.129319
v 0.213705 1.013705 1.115176
v 0.215118 1.015118 1.120000
v 0.217365 1.017365 1.124142
v 0.220294 1.020294 1.127321
v 0.223705 1.023705 1.129319
v 0.265341 0.974084 1.115176
v 0.266340 0.975814 1.120000
v 0.267929 0.978567 1.124142
v 0.270000 0.982154 1.127321
v 0.272412 0.986331 1.129319
v 0.325472 0.949177 1.115176
v 0.325989 0.951107 1.120000
v 0.326811 0.954177 1.124142
v 0.327883 0.958178 1.127321
v 0.329132 0.962837 1.129319
v 0.390000 0.940681 1.115176
v 0.390000 0.942679 1.120000
v 0.390000 0.945858 1.124142
v 0.390000 0.950000 1.127321
v 0.390000 0.954824 1.129319
v 0.454528 0.949177 1.115176
v 0.454011 0.951107 1.120000
v 0.453189 0.954177 1.124142
v 0.452117 0.958178 1.127321
v 0.450868 0.962837 1.129319
v 0.514659 0.974084 1.115176
v 0.513660 0.975814 1.120000
v 0.512071 0.978567 1.124142
v 0.510000 0.982154 1.127321
v 0.507588 0.986331 1.129319
v 0.566295 1.013705 1.115176
v 0.564882 1.015118 1.120000
v 0.562635 1.017365 1.124142
v 0.559706 1.020294 1.127321
v 0.556295 1.023705 1.129319
v 0.605916 1.065341 1.115176
v 0.604186 1.066340 1.120000
v 0.601433 1.067929 1.124142
v 0.597846 1.070000 1.127321
v 0.593669 1.072412 1.129319
v 0.630823 1.125472 1.115176
v 0.628893 1.125989 1.120000
v 0.625823 1.126811 1.124142
v 0.621822 1.127883 1.127321
v 0.617163 1.129132 1.129319
v 0.640000 1.190000 0.960000
v 0.631481 1.254705 0.960000
v 0.606506 1.315000 0.960000
v 0.566777 1.366777 0.960000
v 0.515000 1.406506 0.960000
v 0.454705 1.431481 0.960000
v 0.390000 1.440000 0.960000
v 0.325295 1.431481 0.960000
v 0.265000 1.406506 0.960000
v 0.213223 1.366777 0.960000
v 0.173494 1.315000 0.960000
v 0.148519 1.254705 0.960000
v 0.140000 1.190000 0.960000
v 0.148519 1.125295 0.960000
v 0.173494 1.065000 0.960000
v 0.213223 1.013223 0.960000
v 0.265000 0.973494 0.960000
v 0.325295 0.948519 0.960000
v 0.390000 0.940000 0.960000
v 0.454705 0.948519 0.960000
v 0.515000 0.973494 0.960000
v 0.566777 1.013223 0.960000
v 0.606506 1.065000 0.960000
v 0.631481 1.125295 0.960000
v 0.640000 0.390000 1.110000
v 0.631481 0.454705 1.110000
v 0.606506 0.515000 1.110000
v 0.566777 0.566777 1.110000
v 0.515000 0.606506 1.110000
v 0.454705 0.631481 1.110000
v 0.390000 0.640000 1.110000
v 0.325295 0.631481 1.110000
v 0.265000 0.606506 1.110000
v 0.213223 0.566777 1.110000
v 0.173494 0.515000 1.110000
v 0.148519 0.454705 1.110000
v 0.140000 0.390000 1.110000
v 0.148519 0.325295 1.110000
v 0.173494 0.265000 1.110000
v 0.213223 0.213223 1.110000
v 0.265000 0.173494 1.110000
v 0.325295 0.148519 1.110000
v 0.390000 0.140000 1.110000
v 0.454705 0.148519 1.110000
v 0.515000 0.173494 1.110000
v 0.566777 0.213223 1.110000
v 0.606506 0.265000 1.110000
v 0.631481 0.325295 1.110000
v 0.620000 0.390000 1.130000
v 0.612163 0.330472 1.130000
v 0.589186 0.275000 1.130000
v 0.552635 0.227365 1.130000
v 0.505000 0.190814 1.130000
v 0.449528 0.167837 1.130000
v 0.390000 0.160000 1.130000
v 0.330472 0.167837 1.130000
v 0.275000 0.190814 1.130000
v 0.227365 0.227365 1.130000
v 0.190814 0.275000 1.130000
v 0.167837 0.330472 1.130000
v 0.160000 0.390000 1.130000
v 0.167837 0.449528 1.130000
v 0.190814 0.505000 1.130000
v 0.227365 0.552635 1.130000
v 0.275000 0.589186 1.130000
v 0.330472 0.612163 1.130000
v 0.390000 0.620000 1.130000
v 0.449528 0.612163 1.130000
v 0.505000 0.589186 1.130000
v 0.552635 0.552635 1.130000
v 0.589186 0.505000 1.130000
v 0.612163 0.449528 1.130000
v 0.140681 0.390000 1.115176
v 0.142679 0.390000 1.120000
v 0.145858 0.390000 1.124142
v 0.150000 0.390000 1.127321
v 0.154824 0.390000 1.129319
v 0.630823 0.454528 1.115176
v 0.628893 0.454011 1.120000
v 0.625823 0.453189 1.124142
v 0.621822 0.452117 1.127321
v 0.617163 0.450868 1.129319
v 0.625176 0.390000 1.129319
v 0.630000 0.390000 1.127321
v 0.634142 0.390000 1.124142
v 0.637321 0.390000 1.120000
v 0.639319 0.390000 1.115176
v 0.605916 0.514659 1.115176
v 0.604186 0.513660 1.120000
v 0.601433 0.512071 1.124142
v 0.597846 0.510000 1.127321
v 0.593669 0.507588 1.129319
v 0.566295 0.566295 1.115176
v 0.564882 0.564882 1.120000
v 0.562635 0.562635 1.124142
v 0.559706 0.559706 1.127321
v 0.556295 0.556295 1.129319
v 0.514659 0.605916 1.115176
v 0.513660 0.604186 1.120000
v 0.512071 0.601433 1.124142
v 0.510000 0.597846 1.127321
v 0.507588 0.593669 1.129319
v 0.454528 0.630823 1.115176
v 0.454011 0.628893 1.120000
v 0.453189 0.625823 1.124142
v 0.452117 0.621822 1.127321
v 0.450868 0.617163 1.129319
v 0.390000 0.639319 1.115176
v 0.390000 0.637321 1.120000
v 0.390000 0.634142 1.124142
v 0.390000 0.630000 1.127321
v 0.390000 0.625176 1.129319
v 0.325472 0.630823 1.115176
v 0.325989 0.628893 1.120000
v 0.326811 0.625823 1.124142
v 0.327883 0.621822 1.127321
v 0.329132 0.617163 1.129319
v 0.265341 0.605916 1.115176
v 0.266340 0.604186 1.120000
v 0.267929 0.601433 1.124142
v 0.270000 0.597846 1.127321
v 0.272412 0.593669 1.129319
v 0.213705 0.566295 1.115176
v 0.215118 0.564882 1.120000
v 0.217365 0.562635 1.124142
v 0.220294 0.559706 1.127321
v 0.223705 0.556295 1.129319
v 0.174084 0.514659 1.115176
v 0.175814 0.513660 1.120000
v 0.178567 0.512071 1.124142
v 0.182154 0.510000 1.127321
v 0.186331 0.507588 1.129319
v 0.149177 0.454528 1.115176
v 0.151107 0.454011 1.120000
v 0.154177 0.453189 1.124142
v 0.158178 0.452117 1.127321
v 0.162837 0.450868 1.129319
v 0.149177 0.325472 1.115176
v 0.151107 0.325989 1.120000
v 0.154177 0.326811 1.124142
v 0.158178 0.327883 1.127321
v 0.162837 0.329132 1.129319
v 0.174084 0.265341 1.115176
v 0.175814 0.266340 1.120000
v 0.178567 0.267929 1.124142
v 0.182154 0.270000 1.127321
v 0.186331 0.272412 1.129319
v 0.213705 0.213705 1.115176
v 0.215118 0.215118 1.120000
v 0.217365 0.217365 1.124142
v 0.220294 0.220294 1.127321
v 0.223705 0.223705 1.129319
v 0.265341 0.174084 1.115176
v 0.266340 0.175814 1.120000
v 0.267929 0.178567 1.124142
v 0.270000 0.182154 1.127321
v 0.272412 0.186331 1.129319
v 0.325472 0.149177 1.115176
v 0.325989 0.151107 1.120000
v 0.326811 0.154177 1.124142
v 0.327883 0.158178 1.127321
v 0.329132 0.162837 1.129319
v 0.390000 0.140681 1.115176
v 0.390000 0.142679 1.120000
v 0.390000 0.145858 1.124142
v 0.390000 0.150000 1.127321
v 0.390000 0.154824 1.129319
v 0.454528 0.149177 1.115176
v 0.454011 0.151107 1.120000
v 0.453189 0.154177 1.124142
v 0.452117 0.158178 1.127321
v 0.450868 0.162837 1.129319
v 0.514659 0.174084 1.115176
v 0.513660 0.175814 1.120000
v 0.512071 0.178567 1.124142
v 0.510000 0.182154 1.127321
v 0.507588 0.186331 1.129319
v 0.566295 0.213705 1.115176
v 0.564882 0.215118 1.120000
v 0.562635 0.217365 1.124142
v 0.559706 0.220294 1.127321
v 0.556295 0.223705 1.129319
v 0.605916 0.265341 1.115176
v 0.604186 0.266340 1.120000
v 0.601433 0.267929 1.124142
v 0.597846 0.270000 1.127321
v 0.593669 0.272412 1.129319
v 0.630823 0.325472 1.115176
v 0.628893 0.325989 1.120000
v 0.625823 0.326811 1.124142
v 0.621822 0.327883 1.127321
v 0.617163 0.329132 1.129319
v 0.640000 0.390000 0.960000
v 0.631481 0.454705 0.960000
v 0.606506 0.515000 0.960000
v 0.566777 0.566777 0.960000
v 0.515000 0.606506 0.960000
v 0.454705 0.631481 0.960000
v 0.390000 0.640000 0.960000
v 0.325295 0.631481 0.960000
v 0.265000 0.606506 0.960000
v 0.213223 0.566777 0.960000
v 0.173494 0.515000 0.960000
v 0.148519 0.454705 0.960000
v 0.140000 0.390000 0.960000
v 0.148519 0.325295 0.960000
v 0.173494 0.265000 0.960000
v 0.213223 0.213223 0.960000
v 0.265000 0.173494 0.960000
v 0.325295 0.148519 0.960000
v 0.390000 0.140000 0.960000
v 0.454705 0.148519 0.960000
v 0.515000 0.173494 0.960000
v 0.566777 0.213223 0.960000
v 0.606506 0.265000 0.960000
v 0.631481 0.325295 0.960000
v 2.175000 0.790000 0.001000
v 2.182326 0.845646 0.001000
v 2.203805 0.897500 0.001000
v 2.237972 0.942028 0.001000
v 2.282500 0.976195 0.001000
v 2.334354 0.997674 0.001000
v 2.390000 1.005000 0.001000
v 2.445646 0.997674 0.001000
v 2.497500 0.976195 0.001000
v 2.542028 0.942028 0.001000
v 2.576195 0.897500 0.001000
v 2.597674 0.845646 0.001000
v 2.605000 0.790000 0.001000
v 2.597674 0.734354 0.001000
v 2.576195 0.682500 0.001000
v 2.542028 0.637972 0.001000
v 2.497500 0.603805 0.001000
v 2.445646 0.582326 0.001000
v 2.390000 0.575000 0.001000
v 2.334354 0.582326 0.001000
v 2.282500 0.603805 0.001000
v 2.237972 0.637972 0.001000
v 2.203805 0.682500 0.001000
v 2.182326 0.734354 0.001000
v 2.175000 0.790000 0.811000
v 2.182326 0.734354 0.811000
v 2.203805 0.682500 0.811000
v 2.237972 0.637972 0.811000
v 2.282500 0.603805 0.811000
v 2.334354 0.582326 0.811000
v 2.390000 0.575000 0.811000
v 2.445646 0.582326 0.811000
v 2.497500 0.603805 0.811000
v 2.542028 0.637972 0.811000
v 2.576195 0.682500 0.811000
v 2.597674 0.734354 0.811000
v 2.605000 0.790000 0.811000
v 2.597674 0.845646 0.811000
v 2.576195 0.897500 0.811000
v 2.542028 0.942028 0.811000
v 2.497500 0.976195 0.811000
v 2.445646 0.997674 0.811000
v 2.390000 1.005000 0.811000
v 2.334354 0.997674 0.811000
v 2.282500 0.976195 0.811000
v 2.237972 0.942028 0.811000
v 2.203805 0.897500 0.811000
v 2.182326 0.845646 0.811000
v 2.075000 0.790000 0.001000
v 2.085733 0.708472 0.001000
v 2.117202 0.632500 0.001000
v 2.167261 0.567261 0.001000
v 2.232500 0.517202 0.001000
v 2.308472 0.485733 0.001000
v 2.390000 0.475000 0.001000
v 2.471528 0.485733 0.001000
v 2.547500 0.517202 0.001000
v 2.612739 0.567261 0.001000
v 2.662798 0.632500 0.001000
v 2.694267 0.708472 0.001000
v 2.705000 0.790000 0.001000
v 2.694267 0.871528 0.001000
v 2.662798 0.947500 0.001000
v 2.612739 1.012739 0.001000
v 2.547500 1.062798 0.001000
v 2.471528 1.094267 0.001000
v 2.390000 1.105000 0.001000
v 2.308472 1.094267 0.001000
v 2.232500 1.062798 0.001000
v 2.167261 1.012739 0.001000
v 2.117202 0.947500 0.001000
v 2.085733 0.871528 0.001000
v 2.075000 0.790000 0.811000
v 2.085733 0.871528 0.811000
v 2.117202 0.947500 0.811000
v 2.167261 1.012739 0.811000
v 2.232500 1.062798 0.811000
v 2.308472 1.094267 0.811000
v 2.390000 1.105000 0.811000
v 2.471528 1.094267 0.811000
v 2.547500 1.062798 0.811000
v 2.612739 1.012739 0.811000
v 2.662798 0.947500 0.811000
v 2.694267 0.871528 0.811000
v 2.705000 0.790000 0.811000
v 2.694267 0.708472 0.811000
v 2.662798 0.632500 0.811000
v 2.612739 0.567261 0.811000
v 2.547500 0.517202 0.811000
v 2.471528 0.485733 0.811000
v 2.390000 0.475000 0.811000
v 2.308472 0.485733 0.811000
v 2.232500 0.517202 0.811000
v 2.167261 0.567261 0.811000
v 2.117202 0.632500 0.811000
v 2.085733 0.708472 0.811000
v 1.275000 0.790000 0.811000
v 1.285733 0.708472 0.811000
v 1.317202 0.632500 0.811000
v 1.367261 0.567261 0.811000
v 1.432500 0.517202 0.811000
v 1.508472 0.485733 0.811000
v 1.590000 0.475000 0.811000
v 1.671528 0.485733 0.811000
v 1.747500 0.517202 0.811000
v 1.812739 0.567261 0.811000
v 1.862798 0.632500 0.811000
v 1.894267 0.708472 0.811000
v 1.905000 0.790000 0.811000
v 1.894267 0.871528 0.811000
v 1.862798 0.947500 0.811000
v 1.812739 1.012739 0.811000
v 1.747500 1.062798 0.811000
v 1.671528 1.094267 0.811000
v 1.590000 1.105000 0.811000
v 1.508472 1.094267 0.811000
v 1.432500 1.062798 0.811000
v 1.367261 1.012739 0.811000
v 1.317202 0.947500 0.811000
v 1.285733 0.871528 0.811000
v 0.149000 0.149000 0.811000
v 0.149000 1.431000 0.811000
v 3.031000 1.431000 0.811000
v 3.031000 0.149000 0.811000
v 0.491000 1.190000 0.811000
v 0.487559 1.216141 0.811000
v 0.477469 1.240500 0.811000
v 0.461418 1.261418 0.811000
v 0.440500 1.277469 0.811000
v 0.416141 1.287559 0.811000
v 0.390000 1.291000 0.811000
v 0.363859 1.287559 0.811000
v 0.339500 1.277469 0.811000
v 0.318582 1.261418 0.811000
v 0.302531 1.240500 0.811000
v 0.292441 1.216141 0.811000
v 0.289000 1.190000 0.811000
v 0.292441 1.163859 0.811000
v 0.302531 1.139500 0.811000
v 0.318582 1.118582 0.811000
v 0.339500 1.102531 0.811000
v 0.363859 1.092441 0.811000
v 0.390000 1.089000 0.811000
v 0.416141 1.092441 0.811000
v 0.440500 1.102531 0.811000
v 0.461418 1.118582 0.811000
v 0.477469 1.139500 0.811000
v 0.487559 1.163859 0.811000
v 1.291000 1.190000 0.811000
v 1.287559 1.216141 0.811000
v 1.277469 1.240500 0.811000
v 1.261418 1.261418 0.811000
v 1.240500 1.277469 0.811000
v 1.216141 1.287559 0.811000
v 1.190000 1.291000 0.811000
v 1.163859 1.287559 0.811000
v 1.139500 1.277469 0.811000
v 1.118582 1.261418 0.811000
v 1.102531 1.240500 0.811000
v 1.092441 1.216141 0.811000
v 1.089000 1.190000 0.811000
v 1.092441 1.163859 0.811000
v 1.102531 1.139500 0.811000
v 1.118582 1.118582 0.811000
v 1.139500 1.102531 0.811000
v 1.163859 1.092441 0.811000
v 1.190000 1.089000 0.811000
v 1.216141 1.092441 0.811000
v 1.240500 1.102531 0.811000
v 1.261418 1.118582 0.811000
v 1.277469 1.139500 0.811000
v 1.287559 1.163859 0.811000
v 2.091000 1.190000 0.811000
v 2.087559 1.216141 0.811000
v 2.077469 1.240500 0.811000
v 2.061418 1.261418 0.811000
v 2.040500 1.277469 0.811000
v 2.016141 1.287559 0.811000
v 1.990000 1.291000 0.811000
v 1.963859 1.287559 0.811000
v 1.939500 1.277469 0.811000
v 1.918582 1.261418 0.811000
v 1.902531 1.240500 0.811000
v 1.892441 1.216141 0.811000
v 1.889000 1.190000 0.811000
v 1.892441 1.163859 0.811000
v 1.902531 1.139500 0.811000
v 1.918582 1.118582 0.811000
v 1.939500 1.102531 0.811000
v 1.963859 1.092441 0.811000
v 1.990000 1.089000 0.811000
v 2.016141 1.092441 0.811000
v 2.040500 1.102531 0.811000
v 2.061418 1.118582 0.811000
v 2.077469 1.139500 0.811000
v 2.087559 1.163859 0.811000
v 2.891000 1.190000 0.811000
v 2.887559 1.216141 0.811000
v 2.877469 1.240500 0.811000
v 2.861418 1.261418 0.811000
v 2.840500 1.277469 0.811000
v 2.816141 1.287559 0.811000
v 2.790000 1.291000 0.811000
v 2.763859 1.287559 0.811000
v 2.739500 1.277469 0.811000
v 2.718582 1.261418 0.811000
v 2.702531 1.240500 0.811000
v 2.692441 1.216141 0.811000
v 2.689000 1.190000 0.811000
v 2.692441 1.163859 0.811000
v 2.702531 1.139500 0.811000
v 2.718582 1.118582 0.811000
v 2.739500 1.102531 0.811000
v 2.763859 1.092441 0.811000
v 2.790000 1.089000 0.811000
v 2.816141 1.092441 0.811000
v 2.840500 1.102531 0.811000
v 2.861418 1.118582 0.811000
v 2.877469 1.139500 0.811000
v 2.887559 1.163859 0.811000
v 0.491000 0.390000 0.811000
v 0.487559 0.416141 0.811000
v 0.477469 0.440500 0.811000
v 0.461418 0.461418 0.811000
v 0.440500 0.477469 0.811000
v 0.416141 0.487559 0.811000
v 0.390000 0.491000 0.811000
v 0.363859 0.487559 0.811000
v 0.339500 0.477469 0.811000
v 0.318582 0.461418 0.811000
v 0.302531 0.440500 0.811000
v 0.292441 0.416141 0.811000
v 0.289000 0.390000 0.811000
v 0.292441 0.363859 0.811000
v 0.302531 0.339500 0.811000
v 0.318582 0.318582 0.811000
v 0.339500 0.302531 0.811000
v 0.363859 0.292441 0.811000
v 0.390000 0.289000 0.811000
v 0.416141 0.292441 0.811000
v 0.440500 0.302531 0.811000
v 0.461418 0.318582 0.811000
v 0.477469 0.339500 0.811000
v 0.487559 0.363859 0.811000
v 1.291000 0.390000 0.811000
v 1.287559 0.416141 0.811000
v 1.277469 0.440500 0.811000
v 1.261418 0.461418 0.811000
v 1.240500 0.477469 0.811000
v 1.216141 0.487559 0.811000
v 1.190000 0.491000 0.811000
v 1.163859 0.487559 0.811000
v 1.139500 0.477469 0.811000
v 1.118582 0.461418 0.811000
v 1.102531 0.440500 0.811000
v 1.092441 0.416141 0.811000
v 1.089000 0.390000 0.811000
v 1.092441 0.363859 0.811000
v 1.102531 0.339500 0.811000
v 1.118582 0.318582 0.811000
v 1.139500 0.302531 0.811000
v 1.163859 0.292441 0.811000
v 1.190000 0.289000 0.811000
v 1.216141 0.292441 0.811000
v 1.240500 0.302531 0.811000
v 1.261418 0.318582 0.811000
v 1.277469 0.339500 0.811000
v 1.287559 0.363859 0.811000
v 2.091000 0.390000 0.811000
v 2.087559 0.416141 0.811000
v 2.077469 0.440500 0.811000
v 2.061418 0.461418 0.811000
v 2.040500 0.477469 0.811000
v 2.016141 0.487559 0.811000
v 1.990000 0.491000 0.811000
v 1.963859 0.487559 0.811000
v 1.939500 0.477469 0.811000
v 1.918582 0.461418 0.811000
v 1.902531 0.440500 0.811000
v 1.892441 0.416141 0.811000
v 1.889000 0.390000 0.811000
v 1.892441 0.363859 0.811000
v 1.902531 0.339500 0.811000
v 1.918582 0.318582 0.811000
v 1.939500 0.302531 0.811000
v 1.963859 0.292441 0.811000
v 1.990000 0.289000 0.811000
v 2.016141 0.292441 0.811000
v 2.040500 0.302531 0.811000
v 2.061418 0.318582 0.811000
v 2.077469 0.339500 0.811000
v 2.087559 0.363859 0.811000
v 2.891000 0.390000 0.811000
v 2.887559 0.416141 0.811000
v 2.877469 0.440500 0.811000
v 2.861418 0.461418 0.811000
v 2.840500 0.477469 0.811000
v 2.816141 0.487559 0.811000
v 2.790000 0.491000 0.811000
v 2.763859 0.487559 0.811000
v 2.739500 0.477469 0.811000
v 2.718582 0.461418 0.811000
v 2.702531 0.440500 0.811000
v 2.692441 0.416141 0.811000
v 2.689000 0.390000 0.811000
v 2.692441 0.363859 0.811000
v 2.702531 0.339500 0.811000
v 2.718582 0.318582 0.811000
v 2.739500 0.302531 0.811000
v 2.763859 0.292441 0.811000
v 2.790000 0.289000 0.811000
v 2.816141 0.292441 0.811000
v 2.840500 0.302531 0.811000
v 2.861418 0.318582 0.811000
v 2.877469 0.339500 0.811000
v 2.887559 0.363859 0.811000
v 0.475000 0.790000 0.811000
v 0.485733 0.708472 0.811000
v 0.517202 0.632500 0.811000
v 0.567261 0.567261 0.811000
v 0.632500 0.517202 0.811000
v 0.708472 0.485733 0.811000
v 0.790000 0.475000 0.811000
v 0.871528 0.485733 0.811000
v 0.947500 0.517202 0.811000
v 1.012739 0.567261 0.811000
v 1.062798 0.632500 0.811000
v 1.094267 0.708472 0.811000
v 1.105000 0.790000 0.811000
v 1.094267 0.871528 0.811000
v 1.062798 0.947500 0.811000
v 1.012739 1.012739 0.811000
v 0.947500 1.062798 0.811000
v 0.871528 1.094267 0.811000
v 0.790000 1.105000 0.811000
v 0.708472 1.094267 0.811000
v 0.632500 1.062798 0.811000
v 0.567261 1.012739 0.811000
v 0.517202 0.947500 0.811000
v 0.485733 0.871528 0.811000
v 1.375000 0.790000 0.001000
v 1.382326 0.845646 0.001000
v 1.403805 0.897500 0.001000
v 1.437972 0.942028 0.001000
v 1.482500 0.976195 0.001000
v 1.534354 0.997674 0.001000
v 1.590000 1.005000 0.001000
v 1.645646 0.997674 0.001000
v 1.697500 0.976195 0.001000
v 1.742028 0.942028 0.001000
v 1.776195 0.897500 0.001000
v 1.797674 0.845646 0.001000
v 1.805000 0.790000 0.001000
v 1.797674 0.734354 0.001000
v 1.776195 0.682500 0.001000
v 1.742028 0.637972 0.001000
v 1.697500 0.603805 0.001000
v 1.645646 0.582326 0.001000
v 1.590000 0.575000 0.001000
v 1.534354 0.582326 0.001000
v 1.482500 0.603805 0.001000
v 1.437972 0.637972 0.001000
v 1.403805 0.682500 0.001000
v 1.382326 0.734354 0.001000
v 1.375000 0.790000 0.811000
v 1.382326 0.734354 0.811000
v 1.403805 0.682500 0.811000
v 1.437972 0.637972 0.811000
v 1.482500 0.603805 0.811000
v 1.534354 0.582326 0.811000
v 1.590000 0.575000 0.811000
v 1.645646 0.582326 0.811000
v 1.697500 0.603805 0.811000
v 1.742028 0.637972 0.811000
v 1.776195 0.682500 0.811000
v 1.797674 0.734354 0.811000
v 1.805000 0.790000 0.811000
v 1.797674 0.845646 0.811000
v 1.776195 0.897500 0.811000
v 1.742028 0.942028 0.811000
v 1.697500 0.976195 0.811000
v 1.645646 0.997674 0.811000
v 1.590000 1.005000 0.811000
v 1.534354 0.997674 0.811000
v 1.482500 0.976195 0.811000
v 1.437972 0.942028 0.811000
v 1.403805 0.897500 0.811000
v 1.382326 0.845646 0.811000
v 1.275000 0.790000 0.001000
v 1.285733 0.708472 0.001000
v 1.317202 0.632500 0.001000
v 1.367261 0.567261 0.001000
v 1.432500 0.517202 0.001000
v 1.508472 0.485733 0.001000
v 1.590000 0.475000 0.001000
v 1.671528 0.485733 0.001000
v 1.747500 0.517202 0.001000
v 1.812739 0.567261 0.001000
v 1.862798 0.632500 0.001000
v 1.894267 0.708472 0.001000
v 1.905000 0.790000 0.001000
v 1.894267 0.871528 0.001000
v 1.862798 0.947500 0.001000
v 1.812739 1.012739 0.001000
v 1.747500 1.062798 0.001000
v 1.671528 1.094267 0.001000
v 1.590000 1.105000 0.001000
v 1.508472 1.094267 0.001000
v 1.432500 1.062798 0.001000
v 1.367261 1.012739 0.001000
v 1.317202 0.947500 0.001000
v 1.285733 0.871528 0.001000
v 0.575000 0.790000 0.001000
v 0.582326 0.845646 0.001000
v 0.603805 0.897500 0.001000
v 0.637972 0.942028 0.001000
v 0.682500 0.976195 0.001000
v 0.734354 0.997674 0.001000
v 0.790000 1.005000 0.001000
v 0.845646 0.997674 0.001000
v 0.897500 0.976195 0.001000
v 0.942028 0.942028 0.001000
v 0.976195 0.897500 0.001000
v 0.997674 0.845646 0.001000
v 1.005000 0.790000 0.001000
v 0.997674 0.734354 0.001000
v 0.976195 0.682500 0.001000
v 0.942028 0.637972 0.001000
v 0.897500 0.603805 0.001000
v 0.845646 0.582326 0.001000
v 0.790000 0.575000 0.001000
v 0.734354 0.582326 0.001000
v 0.682500 0.603805 0.001000
v 0.637972 0.637972 0.001000
v 0.603805 0.682500 0.001000
v 0.582326 0.734354 0.001000
v 0.575000 0.790000 0.811000
v 0.582326 0.734354 0.811000
v 0.603805 0.682500 0.811000
v 0.637972 0.637972 0.811000
v 0.682500 0.603805 0.811000
v 0.734354 0.582326 0.811000
v 0.790000 0.575000 0.811000
v 0.845646 0.582326 0.811000
v 0.897500 0.603805 0.811000
v 0.942028 0.637972 0.811000
v 0.976195 0.682500 0.811000
v 0.997674 0.734354 0.811000
v 1.005000 0.790000 0.811000
v 0.997674 0.845646 0.811000
v 0.976195 0.897500 0.811000
v 0.942028 0.942028 0.811000
v 0.897500 0.976195 0.811000
v 0.845646 0.997674 0.811000
v 0.790000 1.005000 0.811000
v 0.734354 0.997674 0.811000
v 0.682500 0.976195 0.811000
v 0.637972 0.942028 0.811000
v 0.603805 0.897500 0.811000
v 0.582326 0.845646 0.811000
v 0.475000 0.790000 0.001000
v 0.485733 0.708472 0.001000
v 0.517202 0.632500 0.001000
v 0.567261 0.567261 0.001000
v 0.632500 0.517202 0.001000
v 0.708472 0.485733 0.001000
v 0.790000 0.475000 0.001000
v 0.871528 0.485733 0.001000
v 0.947500 0.517202 0.001000
v 1.012739 0.567261 0.001000
v 1.062798 0.632500 0.001000
v 1.094267 0.708472 0.001000
v 1.105000 0.790000 0.001000
v 1.094267 0.871528 0.001000
v 1.062798 0.947500 0.001000
v 1.012739 1.012739 0.001000
v 0.947500 1.062798 0.001000
v 0.871528 1.094267 0.001000
v 0.790000 1.105000 0.001000
v 0.708472 1.094267 0.001000
v 0.632500 1.062798 0.001000
v 0.567261 1.012739 0.001000
v 0.517202 0.947500 0.001000
v 0.485733 0.871528 0.001000
v 2.891000 0.390000 0.981000
v 2.887559 0.416141 0.981000
v 2.877469 0.440500 0.981000
v 2.861418 0.461418 0.981000
v 2.840500 0.477469 0.981000
v 2.816141 0.487559 0.981000
v 2.790000 0.491000 0.981000
v 2.763859 0.487559 0.981000
v 2.739500 0.477469 0.981000
v 2.718582 0.461418 0.981000
v 2.702531 0.440500 0.981000
v 2.692441 0.416141 0.981000
v 2.689000 0.390000 0.981000
v 2.692441 0.363859 0.981000
v 2.702531 0.339500 0.981000
v 2.718582 0.318582 0.981000
v 2.739500 0.302531 0.981000
v 2.763859 0.292441 0.981000
v 2.790000 0.289000 0.981000
v 2.816141 0.292441 0.981000
v 2.840500 0.302531 0.981000
v 2.861418 0.318582 0.981000
v 2.877469 0.339500 0.981000
v 2.887559 0.363859 0.981000
v 2.091000 0.390000 0.981000
v 2.087559 0.416141 0.981000
v 2.077469 0.440500 0.981000
v 2.061418 0.461418 0.981000
v 2.040500 0.477469 0.981000
v 2.016141 0.487559 0.981000
v 1.990000 0.491000 0.981000
v 1.963859 0.487559 0.981000
v 1.939500 0.477469 0.981000
v 1.918582 0.461418 0.981000
v 1.902531 0.440500 0.981000
v 1.892441 0.416141 0.981000
v 1.889000 0.390000 0.981000
v 1.892441 0.363859 0.981000
v 1.902531 0.339500 0.981000
v 1.918582 0.318582 0.981000
v 1.939500 0.302531 0.981000
v 1.963859 0.292441 0.981000
v 1.990000 0.289000 0.981000
v 2.016141 0.292441 0.981000
v 2.040500 0.302531 0.981000
v 2.061418 0.318582 0.981000
v 2.077469 0.339500 0.981000
v 2.087559 0.363859 0.981000
v 1.291000 0.390000 0.981000
v 1.287559 0.416141 0.981000
v 1.277469 0.440500 0.981000
v 1.261418 0.461418 0.981000
v 1.240500 0.477469 0.981000
v 1.216141 0.487559 0.981000
v 1.190000 0.491000 0.981000
v 1.163859 0.487559 0.981000
v 1.139500 0.477469 0.981000
v 1.118582 0.461418 0.981000
v 1.102531 0.440500 0.981000
v 1.092441 0.416141 0.981000
v 1.089000 0.390000 0.981000
v 1.092441 0.363859 0.981000
v 1.102531 0.339500 0.981000
v 1.118582 0.318582 0.981000
v 1.139500 0.302531 0.981000
v 1.163859 0.292441 0.981000
v 1.190000 0.289000 0.981000
v 1.216141 0.292441 0.981000
v 1.240500 0.302531 0.981000
v 1.261418 0.318582 0.981000
v 1.277469 0.339500 0.981000
v 1.287559 0.363859 0.981000
v 0.491000 0.390000 0.981000
v 0.487559 0.416141 0.981000
v 0.477469 0.440500 0.981000
v 0.461418 0.461418 0.981000
v 0.440500 0.477469 0.981000
v 0.416141 0.487559 0.981000
v 0.390000 0.491000 0.981000
v 0.363859 0.487559 0.981000
v 0.339500 0.477469 0.981000
v 0.318582 0.461418 0.981000
v 0.302531 0.440500 0.981000
v 0.292441 0.416141 0.981000
v 0.289000 0.390000 0.981000
v 0.292441 0.363859 0.981000
v 0.302531 0.339500 0.981000
v 0.318582 0.318582 0.981000
v 0.339500 0.302531 0.981000
v 0.363859 0.292441 0.981000
v 0.390000 0.289000 0.981000
v 0.416141 0.292441 0.981000
v 0.440500 0.302531 0.981000
v 0.461418 0.318582 0.981000
v 0.477469 0.339500 0.981000
v 0.487559 0.363859 0.981000
v 2.891000 1.190000 0.981000
v 2.887559 1.216141 0.981000
v 2.877469 1.240500 0.981000
v 2.861418 1.261418 0.981000
v 2.840500 1.277469 0.981000
v 2.816141 1.287559 0.981000
v 2.790000 1.291000 0.981000
v 2.763859 1.287559 0.981000
v 2.739500 1.277469 0.981000
v 2.718582 1.261418 0.981000
v 2.702531 1.240500 0.981000
v 2.692441 1.216141 0.981000
v 2.689000 1.190000 0.981000
v 2.692441 1.163859 0.981000
v 2.702531 1.139500 0.981000
v 2.718582 1.118582 0.981000
v 2.739500 1.102531 0.981000
v 2.763859 1.092441 0.981000
v 2.790000 1.089000 0.981000
v 2.816141 1.092441 0.981000
v 2.840500 1.102531 0.981000
v 2.861418 1.118582 0.981000
v 2.877469 1.139500 0.981000
v 2.887559 1.163859 0.981000
v 2.091000 1.190000 0.981000
v 2.087559 1.216141 0.981000
v 2.077469 1.240500 0.981000
v 2.061418 1.261418 0.981000
v 2.040500 1.277469 0.981000
v 2.016141 1.287559 0.981000
v 1.990000 1.291000 0.981000
v 1.963859 1.287559 0.981000
v 1.939500 1.277469 0.981000
v 1.918582 1.261418 0.981000
v 1.902531 1.240500 0.981000
v 1.892441 1.216141 0.981000
v 1.889000 1.190000 0.981000
v 1.892441 1.163859 0.981000
v 1.902531 1.139500 0.981000
v 1.918582 1.118582 0.981000
v 1.939500 1.102531 0.981000
v 1.963859 1.092441 0.981000
v 1.990000 1.089000 0.981000
v 2.016141 1.092441 0.981000
v 2.040500 1.102531 0.981000
v 2.061418 1.118582 0.981000
v 2.077469 1.139500 0.981000
v 2.087559 1.163859 0.981000
v 1.291000 1.190000 0.981000
v 1.287559 1.216141 0.981000
v 1.277469 1.240500 0.981000
v 1.261418 1.261418 0.981000
v 1.240500 1.277469 0.981000
v 1.216141 1.287559 0.981000
v 1.190000 1.291000 0.981000
v 1.163859 1.287559 0.981000
v 1.139500 1.277469 0.981000
v 1.118582 1.261418 0.981000
v 1.102531 1.240500 0.981000
v 1.092441 1.216141 0.981000
v 1.089000 1.190000 0.981000
v 1.092441 1.163859 0.981000
v 1.102531 1.139500 0.981000
v 1.118582 1.118582 0.981000
v 1.139500 1.102531 0.981000
v 1.163859 1.092441 0.981000
v 1.190000 1.089000 0.981000
v 1.216141 1.092441 0.981000
v 1.240500 1.102531 0.981000
v 1.261418 1.118582 0.981000
v 1.277469 1.139500 0.981000
v 1.287559 1.163859 0.981000
v 0.491000 1.190000 0.981000
v 0.487559 1.216141 0.981000
v 0.477469 1.240500 0.981000
v 0.461418 1.261418 0.981000
v 0.440500 1.277469 0.981000
v 0.416141 1.287559 0.981000
v 0.390000 1.291000 0.981000
v 0.363859 1.287559 0.981000
v 0.339500 1.277469 0.981000
v 0.318582 1.261418 0.981000
v 0.302531 1.240500 0.981000
v 0.292441 1.216141 0.981000
v 0.289000 1.190000 0.981000
v 0.292441 1.163859 0.981000
v 0.302531 1.139500 0.981000
v 0.318582 1.118582 0.981000
v 0.339500 1.102531 0.981000
v 0.363859 1.092441 0.981000
v 0.390000 1.089000 0.981000
v 0.416141 1.092441 0.981000
v 0.440500 1.102531 0.981000
v 0.461418 1.118582 0.981000
v 0.477469 1.139500 0.981000
v 0.487559 1.163859 0.981000
v 0.149000 1.431000 0.000000
v 3.031000 1.431000 0.000000
v 3.031000 0.149000 0.000000
v 0.149000 0.149000 0.000000
v 3.180000 1.580000 0.000000
v 0.000000 1.580000 0.000000
v 0.000000 1.580000 0.960000
v 3.180000 1.580000 0.960000
v 3.180000 0.000000 0.000000
v 3.180000 0.000000 0.960000
v 0.000000 0.000000 0.000000
v 0.000000 0.000000 0.960000
vt -0.000000 0.063916 0.000000
vt -0.005236 0.063916 0.000000
vt -0.000000 0.000000 0.000000
vt -0.005236 0.000000 0.000000
vt -0.000000 -0.063916 0.000000
vt -0.005236 -0.063916 0.000000
vt -0.000000 -0.127833 0.000000
vt -0.005236 -0.127833 0.000000
vt -0.000000 -0.191749 0.000000
vt -0.005236 -0.191749 0.000000
vt -0.000000 -0.255665 0.000000
vt -0.005236 -0.255665 0.000000
vt -0.000000 -0.319581 0.000000
vt -0.005236 -0.319581 0.000000
vt -0.000000 -0.383498 0.000000
vt -0.005236 -0.383498 0.000000
vt -0.000000 -0.447414 0.000000
vt -0.005236 -0.447414 0.000000
vt -0.000000 -0.511330 0.000000
vt -0.005236 -0.511330 0.000000
vt -0.000000 -0.575246 0.000000
vt -0.005236 -0.575246 0.000000
vt -0.000000 -0.639163 0.000000
vt -0.005236 -0.639163 0.000000
vt -0.000000 -0.703079 0.000000
vt -0.005236 -0.703079 0.000000
vt -0.000000 -0.766995 0.000000
vt -0.005236 -0.766995 0.000000
vt -0.000000 0.766995 0.000000
vt -0.005236 0.766995 0.000000
vt -0.000000 0.703079 0.000000
vt -0.005236 0.703079 0.000000
vt -0.000000 0.639163 0.000000
vt -0.005236 0.639163 0.000000
vt -0.000000 0.575246 0.000000
vt -0.005236 0.575246 0.000000
vt -0.000000 0.511330 0.000000
vt -0.005236 0.511330 0.000000
vt -0.000000 0.447414 0.000000
vt -0.005236 0.447414 0.000000
vt -0.000000 0.383498 0.000000
vt -0.005236 0.383498 0.000000
vt -0.000000 0.319581 0.000000
vt -0.005236 0.319581 0.000000
vt -0.000000 0.255665 0.000000
vt -0.005236 0.255665 0.000000
vt -0.000000 0.191749 0.000000
vt -0.005236 0.191749 0.000000
vt -0.000000 0.127833 0.000000
vt -0.005236 0.127833 0.000000
vt -0.031416 -0.063916 0.000000
vt -0.026180 -0.063916 0.000000
vt -0.031416 -0.000000 0.000000
vt -0.026180 -0.000000 0.000000
vt -0.031416 0.063916 0.000000
vt -0.026180 0.063916 0.000000
vt -0.031416 0.127833 0.000000
vt -0.026180 0.127833 0.000000
vt -0.031416 0.191749 0.000000
vt -0.026180 0.191749 0.000000
vt -0.031416 0.255665 0.000000
vt -0.026180 0.255665 0.000000
vt -0.031416 0.319581 0.000000
vt -0.026180 0.319581 0.000000
vt -0.031416 0.383498 0.000000
vt -0.026180 0.383498 0.000000
vt -0.031416 0.447414 0.000000
vt -0.026180 0.447414 0.000000
vt -0.031416 0.511330 0.000000
vt -0.026180 0.511330 0.000000
vt -0.031416 0.575246 0.000000
vt -0.026180 0.575246 0.000000
vt -0.031416 0.639163 0.000000
vt -0.026180 0.639163 0.000000
vt -0.031416 0.703079 0.000000
vt -0.026180 0.703079 0.000000
vt -0.031416 0.766995 0.000000
vt -0.026180 0.766995 0.000000
vt -0.031416 -0.766995 0.000000
vt -0.026180 -0.766995 0.000000
vt -0.031416 -0.703079 0.000000
vt -0.026180 -0.703079 0.000000
vt -0.031416 -0.639163 0.000000
vt -0.026180 -0.639163 0.000000
vt -0.031416 -0.575246 0.000000
vt -0.026180 -0.575246 0.000000
vt -0.031416 -0.511330 0.000000
vt -0.026180 -0.511330 0.000000
vt -0.031416 -0.447414 0.000000
vt -0.026180 -0.447414 0.000000
vt -0.031416 -0.383498 0.000000
vt -0.026180 -0.383498 0.000000
vt -0.031416 -0.319581 0.000000
vt -0.026180 -0.319581 0.000000
vt -0.031416 -0.255665 0.000000
vt -0.026180 -0.255665 0.000000
vt -0.031416 -0.191749 0.000000
vt -0.026180 -0.191749 0.000000
vt -0.031416 -0.127833 0.000000
vt -0.026180 -0.127833 0.000000
vt -0.010472 0.766995 0.000000
vt -0.010472 0.703079 0.000000
vt -0.010472 0.639163 0.000000
vt -0.010472 0.575246 0.000000
vt -0.010472 0.511330 0.000000
vt -0.010472 0.447414 0.000000
vt -0.010472 0.383498 0.000000
vt -0.010472 0.319581 0.000000
vt -0.010472 0.255665 0.000000
vt -0.010472 0.191749 0.000000
vt -0.010472 0.127833 0.000000
vt -0.010472 0.063916 0.000000
vt -0.010472 0.000000 0.000000
vt -0.010472 -0.063916 0.000000
vt -0.010472 -0.127833 0.000000
vt -0.010472 -0.191749 0.000000
vt -0.010472 -0.255665 0.000000
vt -0.010472 -0.319581 0.000000
vt -0.010472 -0.383498 0.000000
vt -0.010472 -0.447414 0.000000
vt -0.010472 -0.511330 0.000000
vt -0.010472 -0.575246 0.000000
vt -0.010472 -0.639163 0.000000
vt -0.010472 -0.703079 0.000000
vt -0.010472 -0.766995 0.000000
vt -0.015708 0.766995 0.000000
vt -0.015708 0.703079 0.000000
vt -0.015708 0.639163 0.000000
vt -0.015708 0.575246 0.000000
vt -0.015708 0.511330 0.000000
vt -0.015708 0.447414 0.000000
vt -0.015708 0.383498 0.000000
vt -0.015708 0.319581 0.000000
vt -0.015708 0.255665 0.000000
vt -0.015708 0.191749 0.000000
vt -0.015708 0.127833 0.000000
vt -0.015708 0.063916 0.000000
vt -0.015708 -0.000000 0.000000
vt -0.015708 -0.063916 0.000000
vt -0.015708 -0.127833 0.000000
vt -0.015708 -0.191749 0.000000
vt -0.015708 -0.255665 0.000000
vt -0.015708 -0.319581 0.000000
vt -0.015708 -0.383498 0.000000
vt -0.015708 -0.447414 0.000000
vt -0.015708 -0.511330 0.000000
vt -0.015708 -0.575246 0.000000
vt -0.015708 -0.639163 0.000000
vt -0.015708 -0.703079 0.000000
vt -0.015708 -0.766995 0.000000
vt -0.020944 0.766995 0.000000
vt -0.020944 0.703079 0.000000
vt -0.020944 0.639163 0.000000
vt -0.020944 0.575246 0.000000
vt -0.020944 0.511330 0.000000
vt -0.020944 0.447414 0.000000
vt -0.020944 0.383498 0.000000
vt -0.020944 0.319581 0.000000
vt -0.020944 0.255665 0.000000
vt -0.020944 0.191749 0.000000
vt -0.020944 0.127833 0.000000
vt -0.020944 0.063916 0.000000
vt -0.020944 -0.000000 0.000000
vt -0.020944 -0.063916 0.000000
vt -0.020944 -0.127833 0.000000
vt -0.020944 -0.191749 0.000000
vt -0.020944 -0.255665 0.000000
vt -0.020944 -0.319581 0.000000
vt -0.020944 -0.383498 0.000000
vt -0.020944 -0.447414 0.000000
vt -0.020944 -0.511330 0.000000
vt -0.020944 -0.575246 0.000000
vt -0.020944 -0.639163 0.000000
vt -0.020944 -0.703079 0.000000
vt -0.020944 -0.766995 0.000000
vt -0.000000 -0.719948 0.000000
vt -0.150000 -0.719948 0.000000
vt -0.000000 -0.785398 0.000000
vt -0.150000 -0.785398 0.000000
vt -0.000000 0.785398 0.000000
vt -0.150000 0.785398 0.000000
vt -0.000000 0.719948 0.000000
vt -0.150000 0.719948 0.000000
vt -0.000000 0.654498 0.000000
vt -0.150000 0.654498 0.000000
vt -0.000000 0.589049 0.000000
vt -0.150000 0.589049 0.000000
vt -0.000000 0.523599 0.000000
vt -0.150000 0.523599 0.000000
vt -0.000000 0.458149 0.000000
vt -0.150000 0.458149 0.000000
vt -0.000000 0.392699 0.000000
vt -0.150000 0.392699 0.000000
vt -0.000000 0.327249 0.000000
vt -0.150000 0.327249 0.000000
vt -0.000000 0.261799 0.000000
vt -0.150000 0.261799 0.000000
vt -0.000000 0.196350 0.000000
vt -0.150000 0.196350 0.000000
vt -0.000000 0.130900 0.000000
vt -0.150000 0.130900 0.000000
vt -0.000000 0.065450 0.000000
vt -0.150000 0.065450 0.000000
vt -0.000000 0.000000 0.000000
vt -0.150000 0.000000 0.000000
vt -0.000000 -0.065450 0.000000
vt -0.150000 -0.065450 0.000000
vt -0.000000 -0.130900 0.000000
vt -0.150000 -0.130900 0.000000
vt -0.000000 -0.196350 0.000000
vt -0.150000 -0.196350 0.000000
vt -0.000000 -0.261799 0.000000
vt -0.150000 -0.261799 0.000000
vt -0.000000 -0.327249 0.000000
vt -0.150000 -0.327249 0.000000
vt -0.000000 -0.392699 0.000000
vt -0.150000 -0.392699 0.000000
vt -0.000000 -0.458149 0.000000
vt -0.150000 -0.458149 0.000000
vt -0.000000 -0.523599 0.000000
vt -0.150000 -0.523599 0.000000
vt -0.000000 -0.589049 0.000000
vt -0.150000 -0.589049 0.000000
vt -0.000000 -0.654498 0.000000
vt -0.150000 -0.654498 0.000000
vt -0.222163 -0.059528 0.000000
vt 0.222163 -0.059528 0.000000
vt -0.230000 0.000000 0.000000
vt 0.230000 0.000000 0.000000
vt -0.222163 0.059528 0.000000
vt 0.222163 0.059528 0.000000
vt -0.199186 0.115000 0.000000
vt 0.199186 0.115000 0.000000
vt -0.162635 0.162635 0.000000
vt 0.162635 0.162635 0.000000
vt -0.115000 0.199186 0.000000
vt 0.115000 0.199186 0.000000
vt -0.059528 0.222163 0.000000
vt 0.059528 0.222163 0.000000
vt 0.000000 0.230000 0.000000
vt 0.199186 -0.115000 0.000000
vt -0.199186 -0.115000 0.000000
vt 0.162635 -0.162635 0.000000
vt -0.162635 -0.162635 0.000000
vt 0.115000 -0.199186 0.000000
vt -0.115000 -0.199186 0.000000
vt 0.059528 -0.222163 0.000000
vt -0.059528 -0.222163 0.000000
vt 0.000000 -0.230000 0.000000
vt -0.000000 0.063916 0.000000
vt -0.005236 0.063916 0.000000
vt -0.000000 0.000000 0.000000
vt -0.005236 0.000000 0.000000
vt -0.000000 -0.063916 0.000000
vt -0.005236 -0.063916 0.000000
vt -0.000000 -0.127833 0.000000
vt -0.005236 -0.127833 0.000000
vt -0.000000 -0.191749 0.000000
vt -0.005236 -0.191749 0.000000
vt -0.000000 -0.255665 0.000000
vt -0.005236 -0.255665 0.000000
vt -0.000000 -0.319581 0.000000
vt -0.005236 -0.319581 0.000000
vt -0.000000 -0.383498 0.000000
vt -0.005236 -0.383498 0.000000
vt -0.000000 -0.447414 0.000000
vt -0.005236 -0.447414 0.000000
vt -0.000000 -0.511330 0.000000
vt -0.005236 -0.511330 0.000000
vt -0.000000 -0.575246 0.000000
vt -0.005236 -0.575246 0.000000
vt -0.000000 -0.639163 0.000000
vt -0.005236 -0.639163 0.000000
vt -0.000000 -0.703079 0.000000
vt -0.005236 -0.703079 0.000000
vt -0.000000 -0.766995 0.000000
vt -0.005236 -0.766995 0.000000
vt -0.000000 0.766995 0.000000
vt -0.005236 0.766995 0.000000
vt -0.000000 0.703079 0.000000
vt -0.005236 0.703079 0.000000
vt -0.000000 0.639163 0.000000
vt -0.005236 0.639163 0.000000
vt -0.000000 0.575246 0.000000
vt -0.005236 0.575246 0.000000
vt -0.000000 0.511330 0.000000
vt -0.005236 0.511330 0.000000
vt -0.000000 0.447414 0.000000
vt -0.005236 0.447414 0.000000
vt -0.000000 0.383498 0.000000
vt -0.005236 0.383498 0.000000
vt -0.000000 0.319581 0.000000
vt -0.005236 0.319581 0.000000
vt -0.000000 0.255665 0.000000
vt -0.005236 0.255665 0.000000
vt -0.000000 0.191749 0.000000
vt -0.005236 0.191749 0.000000
vt -0.000000 0.127833 0.000000
vt -0.005236 0.127833 0.000000
vt -0.031416 -0.063916 0.000000
vt -0.026180 -0.063916 0.000000
vt -0.031416 0.000000 0.000000
vt -0.026180 0.000000 0.000000
vt -0.031416 0.063916 0.000000
vt -0.026180 0.063916 0.000000
vt -0.031416 0.127833 0.000000
vt -0.026180 0.127833 0.000000
vt -0.031416 0.191749 0.000000
vt -0.026180 0.191749 0.000000
vt -0.031416 0.255665 0.000000
vt -0.026180 0.255665 0.000000
vt -0.031416 0.319581 0.000000
vt -0.026180 0.319581 0.000000
vt -0.031416 0.383498 0.000000
vt -0.026180 0.383498 0.000000
vt -0.031416 0.447414 0.000000
vt -0.026180 0.447414 0.000000
vt -0.031416 0.511330 0.000000
vt -0.026180 0.511330 0.000000
vt -0.031416 0.575246 0.000000
vt -0.026180 0.575246 0.000000
vt -0.031416 0.639163 0.000000
vt -0.026180 0.639163 0.000000
vt -0.031416 0.703079 0.000000
vt -0.026180 0.703079 0.000000
vt -0.031416 0.766995 0.000000
vt -0.026180 0.766995 0.000000
vt -0.031416 -0.766995 0.000000
vt -0.026180 -0.766995 0.000000
vt -0.031416 -0.703079 0.000000
vt -0.026180 -0.703079 0.000000
vt -0.031416 -0.639163 0.000000
vt -0.026180 -0.639163 0.000000
vt -0.031416 -0.575246 0.000000
vt -0.026180 -0.575246 0.000000
vt -0.031416 -0.511330 0.000000
vt -0.026180 -0.511330 0.000000
vt -0.031416 -0.447414 0.000000
vt -0.026180 -0.447414 0.000000
vt -0.031416 -0.383498 0.000000
vt -0.026180 -0.383498 0.000000
vt -0.031416 -0.319581 0.000000
vt -0.026180 -0.319581 0.000000
vt -0.031416 -0.255665 0.000000
vt -0.026180 -0.255665 0.000000
vt -0.031416 -0.191749 0.000000
vt -0.026180 -0.191749 0.000000
vt -0.031416 -0.127833 0.000000
vt -0.026180 -0.127833 0.000000
vt -0.010472 0.766995 0.000000
vt -0.010472 0.703079 0.000000
vt -0.010472 0.639163 0.000000
vt -0.010472 0.575246 0.000000
vt -0.010472 0.511330 0.000000
vt -0.010472 0.447414 0.000000
vt -0.010472 0.383498 0.000000
vt -0.010472 0.319581 0.000000
vt -0.010472 0.255665 0.000000
vt -0.010472 0.191749 0.000000
vt -0.010472 0.127833 0.000000
vt -0.010472 0.063916 0.000000
vt -0.010472 0.000000 0.000000
vt -0.010472 -0.063916 0.000000
vt -0.010472 -0.127833 0.000000
vt -0.010472 -0.191749 0.000000
vt -0.010472 -0.255665 0.000000
vt -0.010472 -0.319581 0.000000
vt -0.010472 -0.383498 0.000000
vt -0.010472 -0.447414 0.000000
vt -0.010472 -0.511330 0.000000
vt -0.010472 -0.575246 0.000000
vt -0.010472 -0.639163 0.000000
vt -0.010472 -0.703079 0.000000
vt -0.010472 -0.766995 0.000000
vt -0.015708 0.766995 0.000000
vt -0.015708 0.703079 0.000000
vt -0.015708 0.639163 0.000000
vt -0.015708 0.575246 0.000000
vt -0.015708 0.511330 0.000000
vt -0.015708 0.447414 0.000000
vt -0.015708 0.383498 0.000000
vt -0.015708 0.319581 0.000000
vt -0.015708 0.255665 0.000000
vt -0.015708 0.191749 0.000000
vt -0.015708 0.127833 0.000000
vt -0.015708 0.063916 0.000000
vt -0.015708 0.000000 0.000000
vt -0.015708 -0.063916 0.000000
vt -0.015708 -0.127833 0.000000
vt -0.015708 -0.191749 0.000000
vt -0.015708 -0.255665 0.000000
vt -0.015708 -0.319581 0.000000
vt -0.015708 -0.383498 0.000000
vt -0.015708 -0.447414 0.000000
vt -0.015708 -0.511330 0.000000
vt -0.015708 -0.575246 0.000000
vt -0.015708 -0.639163 0.000000
vt -0.015708 -0.703079 0.000000
vt -0.015708 -0.766995 0.000000
vt -0.020944 0.766995 0.000000
vt -0.020944 0.703079 0.000000
vt -0.020944 0.639163 0.000000
vt -0.020944 0.575246 0.000000
vt -0.020944 0.511330 0.000000
vt -0.020944 0.447414 0.000000
vt -0.020944 0.383498 0.000000
vt -0.020944 0.319581 0.000000
vt -0.020944 0.255665 0.000000
vt -0.020944 0.191749 0.000000
vt -0.020944 0.127833 0.000000
vt -0.020944 0.063916 0.000000
vt -0.020944 0.000000 0.000000
vt -0.020944 -0.063916 0.000000
vt -0.020944 -0.127833 0.000000
vt -0.020944 -0.191749 0.000000
vt -0.020944 -0.255665 0.000000
vt -0.020944 -0.319581 0.000000
vt -0.020944 -0.383498 0.000000
vt -0.020944 -0.447414 0.000000
vt -0.020944 -0.511330 0.000000
vt -0.020944 -0.575246 0.000000
vt -0.020944 -0.639163 0.000000
vt -0.020944 -0.703079 0.000000
vt -0.020944 -0.766995 0.000000
vt -0.000000 -0.719948 0.000000
vt -0.150000 -0.719948 0.000000
vt -0.000000 -0.785398 0.000000
vt -0.150000 -0.785398 0.000000
vt -0.000000 0.785398 0.000000
vt -0.150000 0.785398 0.000000
vt -0.000000 0.719948 0.000000
vt -0.150000 0.719948 0.000000
vt -0.000000 0.654498 0.000000
vt -0.150000 0.654498 0.000000
vt -0.000000 0.589049 0.000000
vt -0.150000 0.589049 0.000000
vt -0.000000 0.523599 0.000000
vt -0.150000 0.523599 0.000000
vt -0.000000 0.458149 0.000000
vt -0.150000 0.458149 0.000000
vt -0.000000 0.392699 0.000000
vt -0.150000 0.392699 0.000000
vt -0.000000 0.327249 0.000000
vt -0.150000 0.327249 0.000000
vt -0.000000 0.261799 0.000000
vt -0.150000 0.261799 0.000000
vt -0.000000 0.196350 0.000000
vt -0.150000 0.196350 0.000000
vt -0.000000 0.130900 0.000000
vt -0.150000 0.130900 0.000000
vt -0.000000 0.065450 0.000000
vt -0.150000 0.065450 0.000000
vt -0.000000 0.000000 0.000000
vt -0.150000 0.000000 0.000000
vt -0.000000 -0.065450 0.000000
vt -0.150000 -0.065450 0.000000
vt -0.000000 -0.130900 0.000000
vt -0.150000 -0.130900 0.000000
vt -0.000000 -0.196350 0.000000
vt -0.150000 -0.196350 0.000000
vt -0.000000 -0.261799 0.000000
vt -0.150000 -0.261799 0.000000
vt -0.000000 -0.327249 0.000000
vt -0.150000 -0.327249 0.000000
vt -0.000000 -0.392699 0.000000
vt -0.150000 -0.392699 0.000000
vt -0.000000 -0.458149 0.000000
vt -0.150000 -0.458149 0.000000
vt -0.000000 -0.523599 0.000000
vt -0.150000 -0.523599 0.000000
vt -0.000000 -0.589049 0.000000
vt -0.150000 -0.589049 0.000000
vt -0.000000 -0.654498 0.000000
vt -0.150000 -0.654498 0.000000
vt -0.222163 -0.059528 0.000000
vt 0.222163 -0.059528 0.000000
vt -0.230000 0.000000 0.000000
vt 0.230000 0.000000 0.000000
vt -0.222163 0.059528 0.000000
vt 0.222163 0.059528 0.000000
vt -0.199186 0.115000 0.000000
vt 0.199186 0.115000 0.000000
vt -0.162635 0.162635 0.000000
vt 0.162635 0.162635 0.000000
vt -0.115000 0.199186 0.000000
vt 0.115000 0.199186 0.000000
vt -0.059528 0.222163 0.000000
vt 0.059528 0.222163 0.000000
vt 0.000000 0.230000 0.000000
vt 0.199186 -0.115000 0.000000
vt -0.199186 -0.115000 0.000000
vt 0.162635 -0.162635 0.000000
vt -0.162635 -0.162635 0.000000
vt 0.115000 -0.199186 0.000000
vt -0.115000 -0.199186 0.000000
vt 0.059528 -0.222163 0.000000
vt -0.059528 -0.222163 0.000000
vt 0.000000 -0.230000 0.000000
vt -0.000000 0.063916 0.000000
vt -0.005236 0.063916 0.000000
vt -0.000000 0.000000 0.000000
vt -0.005236 0.000000 0.000000
vt -0.000000 -0.063916 0.000000
vt -0.005236 -0.063916 0.000000
vt -0.000000 -0.127833 0.000000
vt -0.005236 -0.127833 0.000000
vt -0.000000 -0.191749 0.000000
vt -0.005236 -0.191749 0.000000
vt -0.000000 -0.255665 0.000000
vt -0.005236 -0.255665 0.000000
vt -0.000000 -0.319581 0.000000
vt -0.005236 -0.319581 0.000000
vt -0.000000 -0.383498 0.000000
vt -0.005236 -0.383498 0.000000
vt -0.000000 -0.447414 0.000000
vt -0.005236 -0.447414 0.000000
vt -0.000000 -0.511330 0.000000
vt -0.005236 -0.511330 0.000000
vt -0.000000 -0.575246 0.000000
vt -0.005236 -0.575246 0.000000
vt -0.000000 -0.639163 0.000000
vt -0.005236 -0.639163 0.000000
vt -0.000000 -0.703079 0.000000
vt -0.005236 -0.703079 0.000000
vt -0.000000 -0.766995 0.000000
vt -0.005236 -0.766995 0.000000
vt -0.000000 0.766995 0.000000
vt -0.005236 0.766995 0.000000
vt -0.000000 0.703079 0.000000
vt -0.005236 0.703079 0.000000
vt -0.000000 0.639163 0.000000
vt -0.005236 0.639163 0.000000
vt -0.000000 0.575246 0.000000
vt -0.005236 0.575246 0.000000
vt -0.000000 0.511330 0.000000
vt -0.005236 0.511330 0.000000
vt -0.000000 0.447414 0.000000
vt -0.005236 0.447414 0.000000
vt -0.000000 0.383498 0.000000
vt -0.005236 0.383498 0.000000
vt -0.000000 0.319581 0.000000
vt -0.005236 0.319581 0.000000
vt -0.000000 0.255665 0.000000
vt -0.005236 0.255665 0.000000
vt -0.000000 0.191749 0.000000
vt -0.005236 0.191749 0.000000
vt -0.000000 0.127833 0.000000
vt -0.005236 0.127833 0.000000
vt -0.031416 -0.063916 0.000000
vt -0.026180 -0.063916 0.000000
vt -0.031416 0.000000 0.000000
vt -0.026180 0.000000 0.000000
vt -0.031416 0.063916 0.000000
vt -0.026180 0.063916 0.000000
vt -0.031416 0.127833 0.000000
vt -0.026180 0.127833 0.000000
vt -0.031416 0.191749 0.000000
vt -0.026180 0.191749 0.000000
vt -0.031416 0.255665 0.000000
vt -0.026180 0.255665 0.000000
vt -0.031416 0.319581 0.000000
vt -0.026180 0.319581 0.000000
vt -0.031416 0.383498 0.000000
vt -0.026180 0.383498 0.000000
vt -0.031416 0.447414 0.000000
vt -0.026180 0.447414 0.000000
vt -0.031416 0.511330 0.000000
vt -0.026180 0.511330 0.000000
vt -0.031416 0.575246 0.000000
vt -0.026180 0.575246 0.000000
vt -0.031416 0.639163 0.000000
vt -0.026180 0.639163 0.000000
vt -0.031416 0.703079 0.000000
vt -0.026180 0.703079 0.000000
vt -0.031416 0.766995 0.000000
vt -0.026180 0.766995 0.000000
vt -0.031416 -0.766995 0.000000
vt -0.026180 -0.766995 0.000000
vt -0.031416 -0.703079 0.000000
vt -0.026180 -0.703079 0.000000
vt -0.031416 -0.639163 0.000000
vt -0.026180 -0.639163 0.000000
vt -0.031416 -0.575246 0.000000
vt -0.026180 -0.575246 0.000000
vt -0.031416 -0.511330 0.000000
vt -0.026180 -0.511330 0.000000
vt -0.031416 -0.447414 0.000000
vt -0.026180 -0.447414 0.000000
vt -0.031416 -0.383498 0.000000
vt -0.026180 -0.383498 0.000000
vt -0.031416 -0.319581 0.000000
vt -0.026180 -0.319581 0.000000
vt -0.031416 -0.255665 0.000000
vt -0.026180 -0.255665 0.000000
vt -0.031416 -0.191749 0.000000
vt -0.026180 -0.191749 0.000000
vt -0.031416 -0.127833 0.000000
vt -0.026180 -0.127833 0.000000
vt -0.010472 0.766995 0.000000
vt -0.010472 0.703079 0.000000
vt -0.010472 0.639163 0.000000
vt -0.010472 0.575246 0.000000
vt -0.010472 0.511330 0.000000
vt -0.010472 0.447414 0.000000
vt -0.010472 0.383498 0.000000
vt -0.010472 0.319581 0.000000
vt -0.010472 0.255665 0.000000
vt -0.010472 0.191749 0.000000
vt -0.010472 0.127833 0.000000
vt -0.010472 0.063916 0.000000
vt -0.010472 0.000000 0.000000
vt -0.010472 -0.063916 0.000000
vt -0.010472 -0.127833 0.000000
vt -0.010472 -0.191749 0.000000
vt -0.010472 -0.255665 0.000000
vt -0.010472 -0.319581 0.000000
vt -0.010472 -0.383498 0.000000
vt -0.010472 -0.447414 0.000000
vt -0.010472 -0.511330 0.000000
vt -0.010472 -0.575246 0.000000
vt -0.010472 -0.639163 0.000000
vt -0.010472 -0.703079 0.000000
vt -0.010472 -0.766995 0.000000
vt -0.015708 0.766995 0.000000
vt -0.015708 0.703079 0.000000
vt -0.015708 0.639163 0.000000
vt -0.015708 0.575246 0.000000
vt -0.015708 0.511330 0.000000
vt -0.015708 0.447414 0.000000
vt -0.015708 0.383498 0.000000
vt -0.015708 0.319581 0.000000
vt -0.015708 0.255665 0.000000
vt -0.015708 0.191749 0.000000
vt -0.015708 0.127833 0.000000
vt -0.015708 0.063916 0.000000
vt -0.015708 0.000000 0.000000
vt -0.015708 -0.063916 0.000000
vt -0.015708 -0.127833 0.000000
vt -0.015708 -0.191749 0.000000
vt -0.015708 -0.255665 0.000000
vt -0.015708 -0.319581 0.000000
vt -0.015708 -0.383498 0.000000
vt -0.015708 -0.447414 0.000000
vt -0.015708 -0.511330 0.000000
vt -0.015708 -0.575246 0.000000
vt -0.015708 -0.639163 0.000000
vt -0.015708 -0.703079 0.000000
vt -0.015708 -0.766995 0.000000
vt -0.020944 0.766995 0.000000
vt -0.020944 0.703079 0.000000
vt -0.020944 0.639163 0.000000
vt -0.020944 0.575246 0.000000
vt -0.020944 0.511330 0.000000
vt -0.020944 0.447414 0.000000
vt -0.020944 0.383498 0.000000
vt -0.020944 0.319581 0.000000
vt -0.020944 0.255665 0.000000
vt -0.020944 0.191749 0.000000
vt -0.020944 0.127833 0.000000
vt -0.020944 0.063916 0.000000
vt -0.020944 0.000000 0.000000
vt -0.020944 -0.063916 0.000000
vt -0.020944 -0.127833 0.000000
vt -0.020944 -0.191749 0.000000
vt -0.020944 -0.255665 0.000000
vt -0.020944 -0.319581 0.000000
vt -0.020944 -0.383498 0.000000
vt -0.020944 -0.447414 0.000000
vt -0.020944 -0.511330 0.000000
vt -0.020944 -0.575246 0.000000
vt -0.020944 -0.639163 0.000000
vt -0.020944 -0.703079 0.000000
vt -0.020944 -0.766995 0.000000
vt -0.000000 -0.719948 0.000000
vt -0.150000 -0.719948 0.000000
vt -0.000000 -0.785398 0.000000
vt -0.150000 -0.785398 0.000000
vt -0.000000 0.785398 0.000000
vt -0.150000 0.785398 0.000000
vt -0.000000 0.719948 0.000000
vt -0.150000 0.719948 0.000000
vt -0.000000 0.654498 0.000000
vt -0.150000 0.654498 0.000000
vt -0.000000 0.589049 0.000000
vt -0.150000 0.589049 0.000000
vt -0.000000 0.523599 0.000000
vt -0.150000 0.523599 0.000000
vt -0.000000 0.458149 0.000000
vt -0.150000 0.458149 0.000000
vt -0.000000 0.392699 0.000000
vt -0.150000 0.392699 0.000000
vt -0.000000 0.327249 0.000000
vt -0.150000 0.327249 0.000000
vt -0.000000 0.261799 0.000000
vt -0.150000 0.261799 0.000000
vt -0.000000 0.196350 0.000000
vt -0.150000 0.196350 0.000000
vt -0.000000 0.130900 0.000000
vt -0.150000 0.130900 0.000000
vt -0.000000 0.065450 0.000000
vt -0.150000 0.065450 0.000000
vt -0.000000 0.000000 0.000000
vt -0.150000 0.000000 0.000000
vt -0.000000 -0.065450 0.000000
vt -0.150000 -0.065450 0.000000
vt -0.000000 -0.130900 0.000000
vt -0.150000 -0.130900 0.000000
vt -0.000000 -0.196350 0.000000
vt -0.150000 -0.196350 0.000000
vt -0.000000 -0.261799 0.000000
vt -0.150000 -0.261799 0.000000
vt -0.000000 -0.327249 0.000000
vt -0.150000 -0.327249 0.000000
vt -0.000000 -0.392699 0.000000
vt -0.150000 -0.392699 0.000000
vt -0.000000 -0.458149 0.000000
vt -0.150000 -0.458149 0.000000
vt -0.000000 -0.523599 0.000000
vt -0.150000 -0.523599 0.000000
vt -0.000000 -0.589049 0.000000
vt -0.150000 -0.589049 0.000000
vt -0.000000 -0.654498 0.000000
vt -0.150000 -0.654498 0.000000
vt -0.222163 -0.059528 0.000000
vt 0.222163 -0.059528 0.000000
vt -0.230000 0.000000 0.000000
vt 0.230000 0.000000 0.000000
vt -0.222163 0.059528 0.000000
vt 0.222163 0.059528 0.000000
vt -0.199186 0.115000 0.000000
vt 0.199186 0.115000 0.000000
vt -0.162635 0.162635 0.000000
vt 0.162635 0.162635 0.000000
vt -0.115000 0.199186 0.000000
vt 0.115000 0.199186 0.000000
vt -0.059528 0.222163 0.000000
vt 0.059528 0.222163 0.000000
vt 0.000000 0.230000 0.000000
vt 0.199186 -0.115000 0.000000
vt -0.199186 -0.115000 0.000000
vt 0.162635 -0.162635 0.000000
vt -0.162635 -0.162635 0.000000
vt 0.115000 -0.199186 0.000000
vt -0.115000 -0.199186 0.000000
vt 0.059528 -0.222163 0.000000
vt -0.059528 -0.222163 0.000000
vt 0.000000 -0.230000 0.000000
vt -0.000000 0.063916 0.000000
vt -0.005236 0.063916 0.000000
vt -0.000000 0.000000 0.000000
vt -0.005236 0.000000 0.000000
vt -0.000000 -0.063916 0.000000
vt -0.005236 -0.063916 0.000000
vt -0.000000 -0.127833 0.000000
vt -0.005236 -0.127833 0.000000
vt -0.000000 -0.191749 0.000000
vt -0.005236 -0.191749 0.000000
vt -0.000000 -0.255665 0.000000
vt -0.005236 -0.255665 0.000000
vt -0.000000 -0.319581 0.000000
vt -0.005236 -0.319581 0.000000
vt -0.000000 -0.383498 0.000000
vt -0.005236 -0.383498 0.000000
vt -0.000000 -0.447414 0.000000
vt -0.005236 -0.447414 0.000000
vt -0.000000 -0.511330 0.000000
vt -0.005236 -0.511330 0.000000
vt -0.000000 -0.575246 0.000000
vt -0.005236 -0.575246 0.000000
vt -0.000000 -0.639163 0.000000
vt -0.005236 -0.639163 0.000000
vt -0.000000 -0.703079 0.000000
vt -0.005236 -0.703079 0.000000
vt -0.000000 -0.766995 0.000000
vt -0.005236 -0.766995 0.000000
vt -0.000000 0.766995 0.000000
vt -0.005236 0.766995 0.000000
vt -0.000000 0.703079 0.000000
vt -0.005236 0.703079 0.000000
vt -0.000000 0.639163 0.000000
vt -0.005236 0.639163 0.000000
vt -0.000000 0.575246 0.000000
vt -0.005236 0.575246 0.000000
vt -0.000000 0.511330 0.000000
vt -0.005236 0.511330 0.000000
vt -0.000000 0.447414 0.000000
vt -0.005236 0.447414 0.000000
vt -0.000000 0.383498 0.000000
vt -0.005236 0.383498 0.000000
vt -0.000000 0.319581 0.000000
vt -0.005236 0.319581 0.000000
vt -0.000000 0.255665 0.000000
vt -0.005236 0.255665 0.000000
vt -0.000000 0.191749 0.000000
vt -0.005236 0.191749 0.000000
vt -0.000000 0.127833 0.000000
vt -0.005236 0.127833 0.000000
vt -0.031416 -0.063916 0.000000
vt -0.026180 -0.063916 0.000000
vt -0.031416 -0.000000 0.000000
vt -0.026180 -0.000000 0.000000
vt -0.031416 0.063916 0.000000
vt -0.026180 0.063916 0.000000
vt -0.031416 0.127833 0.000000
vt -0.026180 0.127833 0.000000
vt -0.031416 0.191749 0.000000
vt -0.026180 0.191749 0.000000
vt -0.031416 0.255665 0.000000
vt -0.026180 0.255665 0.000000
vt -0.031416 0.319581 0.000000
vt -0.026180 0.319581 0.000000
vt -0.031416 0.383498 0.000000
vt -0.026180 0.383498 0.000000
vt -0.031416 0.447414 0.000000
vt -0.026180 0.447414 0.000000
vt -0.031416 0.511330 0.000000
vt -0.026180 0.511330 0.000000
vt -0.031416 0.575246 0.000000
vt -0.026180 0.575246 0.000000
vt -0.031416 0.639163 0.000000
vt -0.026180 0.639163 0.000000
vt -0.031416 0.703079 0.000000
vt -0.026180 0.703079 0.000000
vt -0.031416 0.766995 0.000000
vt -0.026180 0.766995 0.000000
vt -0.031416 -0.766995 0.000000
vt -0.026180 -0.766995 0.000000
vt -0.031416 -0.703079 0.000000
vt -0.026180 -0.703079 0.000000
vt -0.031416 -0.639163 0.000000
vt -0.026180 -0.639163 0.000000
vt -0.031416 -0.575246 0.000000
vt -0.026180 -0.575246 0.000000
vt -0.031416 -0.511330 0.000000
vt -0.026180 -0.511330 0.000000
vt -0.031416 -0.447414 0.000000
vt -0.026180 -0.447414 0.000000
vt -0.031416 -0.383498 0.000000
vt -0.026180 -0.383498 0.000000
vt -0.031416 -0.319581 0.000000
vt -0.026180 -0.319581 0.000000
vt -0.031416 -0.255665 0.000000
vt -0.026180 -0.255665 0.000000
vt -0.031416 -0.191749 0.000000
vt -0.026180 -0.191749 0.000000
vt -0.031416 -0.127833 0.000000
vt -0.026180 -0.127833 0.000000
vt -0.010472 0.766995 0.000000
vt -0.010472 0.703079 0.000000
vt -0.010472 0.639163 0.000000
vt -0.010472 0.575246 0.000000
vt -0.010472 0.511330 0.000000
vt -0.010472 0.447414 0.000000
vt -0.010472 0.383498 0.000000
vt -0.010472 0.319581 0.000000
vt -0.010472 0.255665 0.000000
vt -0.010472 0.191749 0.000000
vt -0.010472 0.127833 0.000000
vt -0.010472 0.063916 0.000000
vt -0.010472 0.000000 0.000000
vt -0.010472 -0.063916 0.000000
vt -0.010472 -0.127833 0.000000
vt -0.010472 -0.191749 0.000000
vt -0.010472 -0.255665 0.000000
vt -0.010472 -0.319581 0.000000
vt -0.010472 -0.383498 0.000000
vt -0.010472 -0.447414 0.000000
vt -0.010472 -0.511330 0.000000
vt -0.010472 -0.575246 0.000000
vt -0.010472 -0.639163 0.000000
vt -0.010472 -0.703079 0.000000
vt -0.010472 -0.766995 0.000000
vt -0.015708 0.766995 0.000000
vt -0.015708 0.703079 0.000000
vt -0.015708 0.639163 0.000000
vt -0.015708 0.575246 0.000000
vt -0.015708 0.511330 0.000000
vt -0.015708 0.447414 0.000000
vt -0.015708 0.383498 0.000000
vt -0.015708 0.319581 0.000000
vt -0.015708 0.255665 0.000000
vt -0.015708 0.191749 0.000000
vt -0.015708 0.127833 0.000000
vt -0.015708 0.063916 0.000000
vt -0.015708 -0.000000 0.000000
vt -0.015708 -0.063916 0.000000
vt -0.015708 -0.127833 0.000000
vt -0.015708 -0.191749 0.000000
vt -0.015708 -0.255665 0.000000
vt -0.015708 -0.319581 0.000000
vt -0.015708 -0.383498 0.000000
vt -0.015708 -0.447414 0.000000
vt -0.015708 -0.511330 0.000000
vt -0.015708 -0.575246 0.000000
vt -0.015708 -0.639163 0.000000
vt -0.015708 -0.703079 0.000000
vt -0.015708 -0.766995 0.000000
vt -0.020944 0.766995 0.000000
vt -0.020944 0.703079 0.000000
vt -0.020944 0.639163 0.000000
vt -0.020944 0.575246 0.000000
vt -0.020944 0.511330 0.000000
vt -0.020944 0.447414 0.000000
vt -0.020944 0.383498 0.000000
vt -0.020944 0.319581 0.000000
vt -0.020944 0.255665 0.000000
vt -0.020944 0.191749 0.000000
vt -0.020944 0.127833 0.000000
vt -0.020944 0.063916 0.000000
vt -0.020944 -0.000000 0.000000
vt -0.020944 -0.063916 0.000000
vt -0.020944 -0.127833 0.000000
vt -0.020944 -0.191749 0.000000
vt -0.020944 -0.255665 0.000000
vt -0.020944 -0.319581 0.000000
vt -0.020944 -0.383498 0.000000
vt -0.020944 -0.447414 0.000000
vt -0.020944 -0.511330 0.000000
vt -0.020944 -0.575246 0.000000
vt -0.020944 -0.639163 0.000000
vt -0.020944 -0.703079 0.000000
vt -0.020944 -0.766995 0.000000
vt -0.000000 -0.719948 0.000000
vt -0.150000 -0.719948 0.000000
vt -0.000000 -0.785398 0.000000
vt -0.150000 -0.785398 0.000000
vt -0.000000 0.785398 0.000000
vt -0.150000 0.785398 0.000000
vt -0.000000 0.719948 0.000000
vt -0.150000 0.719948 0.000000
vt -0.000000 0.654498 0.000000
vt -0.150000 0.654498 0.000000
vt -0.000000 0.589049 0.000000
vt -0.150000 0.589049 0.000000
vt -0.000000 0.523599 0.000000
vt -0.150000 0.523599 0.000000
vt -0.000000 0.458149 0.000000
vt -0.150000 0.458149 0.000000
vt -0.000000 0.392699 0.000000
vt -0.150000 0.392699 0.000000
vt -0.000000 0.327249 0.000000
vt -0.150000 0.327249 0.000000
vt -0.000000 0.261799 0.000000
vt -0.150000 0.261799 0.000000
vt -0.000000 0.196350 0.000000
vt -0.150000 0.196350 0.000000
vt -0.000000 0.130900 0.000000
vt -0.150000 0.130900 0.000000
vt -0.000000 0.065450 0.000000
vt -0.150000 0.065450 0.000000
vt -0.000000 0.000000 0.000000
vt -0.150000 0.000000 0.000000
vt -0.000000 -0.065450 0.000000
vt -0.150000 -0.065450 0.000000
vt -0.000000 -0.130900 0.000000
vt -0.150000 -0.130900 0.000000
vt -0.000000 -0.196350 0.000000
vt -0.150000 -0.196350 0.000000
vt -0.000000 -0.261799 0.000000
vt -0.150000 -0.261799 0.000000
vt -0.000000 -0.327249 0.000000
vt -0.150000 -0.327249 0.000000
vt -0.000000 -0.392699 0.000000
vt -0.150000 -0.392699 0.000000
vt -0.000000 -0.458149 0.000000
vt -0.150000 -0.458149 0.000000
vt -0.000000 -0.523599 0.000000
vt -0.150000 -0.523599 0.000000
vt -0.000000 -0.589049 0.000000
vt -0.150000 -0.589049 0.000000
vt -0.000000 -0.654498 0.000000
vt -0.150000 -0.654498 0.000000
vt -0.222163 -0.059528 0.000000
vt 0.222163 -0.059528 0.000000
vt -0.230000 0.000000 0.000000
vt 0.230000 0.000000 0.000000
vt -0.222163 0.059528 0.000000
vt 0.222163 0.059528 0.000000
vt -0.199186 0.115000 0.000000
vt 0.199186 0.115000 0.000000
vt -0.162635 0.162635 0.000000
vt 0.162635 0.162635 0.000000
vt -0.115000 0.199186 0.000000
vt 0.115000 0.199186 0.000000
vt -0.059528 0.222163 0.000000
vt 0.059528 0.222163 0.000000
vt 0.000000 0.230000 0.000000
vt 0.199186 -0.115000 0.000000
vt -0.199186 -0.115000 0.000000
vt 0.162635 -0.162635 0.000000
vt -0.162635 -0.162635 0.000000
vt 0.115000 -0.199186 0.000000
vt -0.115000 -0.199186 0.000000
vt 0.059528 -0.222163 0.000000
vt -0.059528 -0.222163 0.000000
vt 0.000000 -0.230000 0.000000
vt -0.000000 0.063916 0.000000
vt -0.005236 0.063916 0.000000
vt -0.000000 0.000000 0.000000
vt -0.005236 0.000000 0.000000
vt -0.000000 -0.063916 0.000000
vt -0.005236 -0.063916 0.000000
vt -0.000000 -0.127833 0.000000
vt -0.005236 -0.127833 0.000000
vt -0.000000 -0.191749 0.000000
vt -0.005236 -0.191749 0.000000
vt -0.000000 -0.255665 0.000000
vt -0.005236 -0.255665 0.000000
vt -0.000000 -0.319581 0.000000
vt -0.005236 -0.319581 0.000000
vt -0.000000 -0.383498 0.000000
vt -0.005236 -0.383498 0.000000
vt -0.000000 -0.447414 0.000000
vt -0.005236 -0.447414 0.000000
vt -0.000000 -0.511330 0.000000
vt -0.005236 -0.511330 0.000000
vt -0.000000 -0.575246 0.000000
vt -0.005236 -0.575246 0.000000
vt -0.000000 -0.639163 0.000000
vt -0.005236 -0.639163 0.000000
vt -0.000000 -0.703079 0.000000
vt -0.005236 -0.703079 0.000000
vt -0.000000 -0.766995 0.000000
vt -0.005236 -0.766995 0.000000
vt -0.000000 0.766995 0.000000
vt -0.005236 0.766995 0.000000
vt -0.000000 0.703079 0.000000
vt -0.005236 0.703079 0.000000
vt -0.000000 0.639163 0.000000
vt -0.005236 0.639163 0.000000
vt -0.000000 0.575246 0.000000
vt -0.005236 0.575246 0.000000
vt -0.000000 0.511330 0.000000
vt -0.005236 0.511330 0.000000
vt -0.000000 0.447414 0.000000
vt -0.005236 0.447414 0.000000
vt -0.000000 0.383498 0.000000
vt -0.005236 0.383498 0.000000
vt -0.000000 0.319581 0.000000
vt -0.005236 0.319581 0.000000
vt -0.000000 0.255665 0.000000
vt -0.005236 0.255665 0.000000
vt -0.000000 0.191749 0.000000
vt -0.005236 0.191749 0.000000
vt -0.000000 0.127833 0.000000
vt -0.005236 0.127833 0.000000
vt -0.031416 -0.063916 0.000000
vt -0.026180 -0.063916 0.000000
vt -0.031416 -0.000000 0.000000
vt -0.026180 -0.000000 0.000000
vt -0.031416 0.063916 0.000000
vt -0.026180 0.063916 0.000000
vt -0.031416 0.127833 0.000000
vt -0.026180 0.127833 0.000000
vt -0.031416 0.191749 0.000000
vt -0.026180 0.191749 0.000000
vt -0.031416 0.255665 0.000000
vt -0.026180 0.255665 0.000000
vt -0.031416 0.319581 0.000000
vt -0.026180 0.319581 0.000000
vt -0.031416 0.383498 0.000000
vt -0.026180 0.383498 0.000000
vt -0.031416 0.447414 0.000000
vt -0.026180 0.447414 0.000000
vt -0.031416 0.511330 0.000000
vt -0.026180 0.511330 0.000000
vt -0.031416 0.575246 0.000000
vt -0.026180 0.575246 0.000000
vt -0.031416 0.639163 0.000000
vt -0.026180 0.639163 0.000000
vt -0.031416 0.703079 0.000000
vt -0.026180 0.703079 0.000000
vt -0.031416 0.766995 0.000000
vt -0.026180 0.766995 0.000000
vt -0.031416 -0.766995 0.000000
vt -0.026180 -0.766995 0.000000
vt -0.031416 -0.703079 0.000000
vt -0.026180 -0.703079 0.000000
vt -0.031416 -0.639163 0.000000
vt -0.026180 -0.639163 0.000000
vt -0.031416 -0.575246 0.000000
vt -0.026180 -0.575246 0.000000
vt -0.031416 -0.511330 0.000000
vt -0.026180 -0.511330 0.000000
vt -0.031416 -0.447414 0.000000
vt -0.026180 -0.447414 0.000000
vt -0.031416 -0.383498 0.000000
vt -0.026180 -0.383498 0.000000
vt -0.031416 -0.319581 0.000000
vt -0.026180 -0.319581 0.000000
vt -0.031416 -0.255665 0.000000
vt -0.026180 -0.255665 0.000000
vt -0.031416 -0.191749 0.000000
vt -0.026180 -0.191749 0.000000
vt -0.031416 -0.127833 0.000000
vt -0.026180 -0.127833 0.000000
vt -0.010472 0.766995 0.000000
vt -0.010472 0.703079 0.000000
vt -0.010472 0.639163 0.000000
vt -0.010472 0.575246 0.000000
vt -0.010472 0.511330 0.000000
vt -0.010472 0.447414 0.000000
vt -0.010472 0.383498 0.000000
vt -0.010472 0.319581 0.000000
vt -0.010472 0.255665 0.000000
vt -0.010472 0.191749 0.000000
vt -0.010472 0.127833 0.000000
vt -0.010472 0.063916 0.000000
vt -0.010472 0.000000 0.000000
vt -0.010472 -0.063916 0.000000
vt -0.010472 -0.127833 0.000000
vt -0.010472 -0.191749 0.000000
vt -0.010472 -0.255665 0.000000
vt -0.010472 -0.319581 0.000000
vt -0.010472 -0.383498 0.000000
vt -0.010472 -0.447414 0.000000
vt -0.010472 -0.511330 0.000000
vt -0.010472 -0.575246 0.000000
vt -0.010472 -0.639163 0.000000
vt -0.010472 -0.703079 0.000000
vt -0.010472 -0.766995 0.000000
vt -0.015708 0.766995 0.000000
vt -0.015708 0.703079 0.000000
vt -0.015708 0.639163 0.000000
vt -0.015708 0.575246 0.000000
vt -0.015708 0.511330 0.000000
vt -0.015708 0.447414 0.000000
vt -0.015708 0.383498 0.000000
vt -0.015708 0.319581 0.000000
vt -0.015708 0.255665 0.000000
vt -0.015708 0.191749 0.000000
vt -0.015708 0.127833 0.000000
vt -0.015708 0.063916 0.000000
vt -0.015708 -0.000000 0.000000
vt -0.015708 -0.063916 0.000000
vt -0.015708 -0.127833 0.000000
vt -0.015708 -0.191749 0.000000
vt -0.015708 -0.255665 0.000000
vt -0.015708 -0.319581 0.000000
vt -0.015708 -0.383498 0.000000
vt -0.015708 -0.447414 0.000000
vt -0.015708 -0.511330 0.000000
vt -0.015708 -0.575246 0.000000
vt -0.015708 -0.639163 0.000000
vt -0.015708 -0.703079 0.000000
vt -0.015708 -0.766995 0.000000
vt -0.020944 0.766995 0.000000
vt -0.020944 0.703079 0.000000
vt -0.020944 0.639163 0.000000
vt -0.020944 0.575246 0.000000
vt -0.020944 0.511330 0.000000
vt -0.020944 0.447414 0.000000
vt -0.020944 0.383498 0.000000
vt -0.020944 0.319581 0.000000
vt -0.020944 0.255665 0.000000
vt -0.020944 0.191749 0.000000
vt -0.020944 0.127833 0.000000
vt -0.020944 0.063916 0.000000
vt -0.020944 -0.000000 0.000000
vt -0.020944 -0.063916 0.000000
vt -0.020944 -0.127833 0.000000
vt -0.020944 -0.191749 0.000000
vt -0.020944 -0.255665 0.000000
vt -0.020944 -0.319581 0.000000
vt -0.020944 -0.383498 0.000000
vt -0.020944 -0.447414 0.000000
vt -0.020944 -0.511330 0.000000
vt -0.020944 -0.575246 0.000000
vt -0.020944 -0.639163 0.000000
vt -0.020944 -0.703079 0.000000
vt -0.020944 -0.766995 0.000000
vt -0.000000 -0.719948 0.000000
vt -0.150000 -0.719948 0.000000
vt -0.000000 -0.785398 0.000000
vt -0.150000 -0.785398 0.000000
vt -0.000000 0.785398 0.000000
vt -0.150000 0.785398 0.000000
vt -0.000000 0.719948 0.000000
vt -0.150000 0.719948 0.000000
vt -0.000000 0.654498 0.000000
vt -0.150000 0.654498 0.000000
vt -0.000000 0.589049 0.000000
vt -0.150000 0.589049 0.000000
vt -0.000000 0.523599 0.000000
vt -0.150000 0.523599 0.000000
vt -0.000000 0.458149 0.000000
vt -0.150000 0.458149 0.000000
vt -0.000000 0.392699 0.000000
vt -0.150000 0.392699 0.000000
vt -0.000000 0.327249 0.000000
vt -0.150000 0.327249 0.000000
vt -0.000000 0.261799 0.000000
vt -0.150000 0.261799 0.000000
vt -0.000000 0.196350 0.000000
vt -0.150000 0.196350 0.000000
vt -0.000000 0.130900 0.000000
vt -0.150000 0.130900 0.000000
vt -0.000000 0.065450 0.000000
vt -0.150000 0.065450 0.000000
vt -0.000000 0.000000 0.000000
vt -0.150000 0.000000 0.000000
vt -0.000000 -0.065450 0.000000
vt -0.150000 -0.065450 0.000000
vt -0.000000 -0.130900 0.000000
vt -0.150000 -0.130900 0.000000
vt -0.000000 -0.196350 0.000000
vt -0.150000 -0.196350 0.000000
vt -0.000000 -0.261799 0.000000
vt -0.150000 -0.261799 0.000000
vt -0.000000 -0.327249 0.000000
vt -0.150000 -0.327249 0.000000
vt -0.000000 -0.392699 0.000000
vt -0.150000 -0.392699 0.000000
vt -0.000000 -0.458149 0.000000
vt -0.150000 -0.458149 0.000000
vt -0.000000 -0.523599 0.000000
vt -0.150000 -0.523599 0.000000
vt -0.000000 -0.589049 0.000000
vt -0.150000 -0.589049 0.000000
vt -0.000000 -0.654498 0.000000
vt -0.150000 -0.654498 0.000000
vt -0.222163 -0.059528 0.000000
vt 0.222163 -0.059528 0.000000
vt -0.230000 0.000000 0.000000
vt 0.230000 0.000000 0.000000
vt -0.222163 0.059528 0.000000
vt 0.222163 0.059528 0.000000
vt -0.199186 0.115000 0.000000
vt 0.199186 0.115000 0.000000
vt -0.162635 0.162635 0.000000
vt 0.162635 0.162635 0.000000
vt -0.115000 0.199186 0.000000
vt 0.115000 0.199186 0.000000
vt -0.059528 0.222163 0.000000
vt 0.059528 0.222163 0.000000
vt 0.000000 0.230000 0.000000
vt 0.199186 -0.115000 0.000000
vt -0.199186 -0.115000 0.000000
vt 0.162635 -0.162635 0.000000
vt -0.162635 -0.162635 0.000000
vt 0.115000 -0.199186 0.000000
vt -0.115000 -0.199186 0.000000
vt 0.059528 -0.222163 0.000000
vt -0.059528 -0.222163 0.000000
vt 0.000000 -0.230000 0.000000
vt -0.000000 0.063916 0.000000
vt -0.005236 0.063916 0.000000
vt -0.000000 0.000000 0.000000
vt -0.005236 0.000000 0.000000
vt -0.000000 -0.063916 0.000000
vt -0.005236 -0.063916 0.000000
vt -0.000000 -0.127833 0.000000
vt -0.005236 -0.127833 0.000000
vt -0.000000 -0.191749 0.000000
vt -0.005236 -0.191749 0.000000
vt -0.000000 -0.255665 0.000000
vt -0.005236 -0.255665 0.000000
vt -0.000000 -0.319581 0.000000
vt -0.005236 -0.319581 0.000000
vt -0.000000 -0.383498 0.000000
vt -0.005236 -0.383498 0.000000
vt -0.000000 -0.447414 0.000000
vt -0.005236 -0.447414 0.000000
vt -0.000000 -0.511330 0.000000
vt -0.005236 -0.511330 0.000000
vt -0.000000 -0.575246 0.000000
vt -0.005236 -0.575246 0.000000
vt -0.000000 -0.639163 0.000000
vt -0.005236 -0.639163 0.000000
vt -0.000000 -0.703079 0.000000
vt -0.005236 -0.703079 0.000000
vt -0.000000 -0.766995 0.000000
vt -0.005236 -0.766995 0.000000
vt -0.000000 0.766995 0.000000
vt -0.005236 0.766995 0.000000
vt -0.000000 0.703079 0.000000
vt -0.005236 0.703079 0.000000
vt -0.000000 0.639163 0.000000
vt -0.005236 0.639163 0.000000
vt -0.000000 0.575246 0.000000
vt -0.005236 0.575246 0.000000
vt -0.000000 0.511330 0.000000
vt -0.005236 0.511330 0.000000
vt -0.000000 0.447414 0.000000
vt -0.005236 0.447414 0.000000
vt -0.000000 0.383498 0.000000
vt -0.005236 0.383498 0.000000
vt -0.000000 0.319581 0.000000
vt -0.005236 0.319581 0.000000
vt -0.000000 0.255665 0.000000
vt -0.005236 0.255665 0.000000
vt -0.000000 0.191749 0.000000
vt -0.005236 0.191749 0.000000
vt -0.000000 0.127833 0.000000
vt -0.005236 0.127833 0.000000
vt -0.031416 -0.063916 0.000000
vt -0.026180 -0.063916 0.000000
vt -0.031416 0.000000 0.000000
vt -0.026180 0.000000 0.000000
vt -0.031416 0.063916 0.000000
vt -0.026180 0.063916 0.000000
vt -0.031416 0.127833 0.000000
vt -0.026180 0.127833 0.000000
vt -0.031416 0.191749 0.000000
vt -0.026180 0.191749 0.000000
vt -0.031416 0.255665 0.000000
vt -0.026180 0.255665 0.000000
vt -0.031416 0.319581 0.000000
vt -0.026180 0.319581 0.000000
vt -0.031416 0.383498 0.000000
vt -0.026180 0.383498 0.000000
vt -0.031416 0.447414 0.000000
vt -0.026180 0.447414 0.000000
vt -0.031416 0.511330 0.000000
vt -0.026180 0.511330 0.000000
vt -0.031416 0.575246 0.000000
vt -0.026180 0.575246 0.000000
vt -0.031416 0.639163 0.000000
vt -0.026180 0.639163 0.000000
vt -0.031416 0.703079 0.000000
vt -0.026180 0.703079 0.000000
vt -0.031416 0.766995 0.000000
vt -0.026180 0.766995 0.000000
vt -0.031416 -0.766995 0.000000
vt -0.026180 -0.766995 0.000000
vt -0.031416 -0.703079 0.000000
vt -0.026180 -0.703079 0.000000
vt -0.031416 -0.639163 0.000000
vt -0.026180 -0.639163 0.000000
vt -0.031416 -0.575246 0.000000
vt -0.026180 -0.575246 0.000000
vt -0.031416 -0.511330 0.000000
vt -0.026180 -0.511330 0.000000
vt -0.031416 -0.447414 0.000000
vt -0.026180 -0.447414 0.000000
vt -0.031416 -0.383498 0.000000
vt -0.026180 -0.383498 0.000000
vt -0.031416 -0.319581 0.000000
vt -0.026180 -0.319581 0.000000
vt -0.031416 -0.255665 0.000000
vt -0.026180 -0.255665 0.000000
vt -0.031416 -0.191749 0.000000
vt -0.026180 -0.191749 0.000000
vt -0.031416 -0.127833 0.000000
vt -0.026180 -0.127833 0.000000
vt -0.010472 0.766995 0.000000
vt -0.010472 0.703079 0.000000
vt -0.010472 0.639163 0.000000
vt -0.010472 0.575246 0.000000
vt -0.010472 0.511330 0.000000
vt -0.010472 0.447414 0.000000
vt -0.010472 0.383498 0.000000
vt -0.010472 0.319581 0.000000
vt -0.010472 0.255665 0.000000
vt -0.010472 0.191749 0.000000
vt -0.010472 0.127833 0.000000
vt -0.010472 0.063916 0.000000
vt -0.010472 0.000000 0.000000
vt -0.010472 -0.063916 0.000000
vt -0.010472 -0.127833 0.000000
vt -0.010472 -0.191749 0.000000
vt -0.010472 -0.255665 0.000000
vt -0.010472 -0.319581 0.000000
vt -0.010472 -0.383498 0.000000
vt -0.010472 -0.447414 0.000000
vt -0.010472 -0.511330 0.000000
vt -0.010472 -0.575246 0.000000
vt -0.010472 -0.639163 0.000000
vt -0.010472 -0.703079 0.000000
vt -0.010472 -0.766995 0.000000
vt -0.015708 0.766995 0.000000
vt -0.015708 0.703079 0.000000
vt -0.015708 0.639163 0.000000
vt -0.015708 0.575246 0.000000
vt -0.015708 0.511330 0.000000
vt -0.015708 0.447414 0.000000
vt -0.015708 0.383498 0.000000
vt -0.015708 0.319581 0.000000
vt -0.015708 0.255665 0.000000
vt -0.015708 0.191749 0.000000
vt -0.015708 0.127833 0.000000
vt -0.015708 0.063916 0.000000
vt -0.015708 0.000000 0.000000
vt -0.015708 -0.063916 0.000000
vt -0.015708 -0.127833 0.000000
vt -0.015708 -0.191749 0.000000
vt -0.015708 -0.255665 0.000000
vt -0.015708 -0.319581 0.000000
vt -0.015708 -0.383498 0.000000
vt -0.015708 -0.447414 0.000000
vt -0.015708 -0.511330 0.000000
vt -0.015708 -0.575246 0.000000
vt -0.015708 -0.639163 0.000000
vt -0.015708 -0.703079 0.000000
vt -0.015708 -0.766995 0.000000
vt -0.020944 0.766995 0.000000
vt -0.020944 0.703079 0.000000
vt -0.020944 0.639163 0.000000
vt -0.020944 0.575246 0.000000
vt -0.020944 0.511330 0.000000
vt -0.020944 0.447414 0.000000
vt -0.020944 0.383498 0.000000
vt -0.020944 0.319581 0.000000
vt -0.020944 0.255665 0.000000
vt -0.020944 0.191749 0.000000
vt -0.020944 0.127833 0.000000
vt -0.020944 0.063916 0.000000
vt -0.020944 0.000000 0.000000
vt -0.020944 -0.063916 0.000000
vt -0.020944 -0.127833 0.000000
vt -0.020944 -0.191749 0.000000
vt -0.020944 -0.255665 0.000000
vt -0.020944 -0.319581 0.000000
vt -0.020944 -0.383498 0.000000
vt -0.020944 -0.447414 0.000000
vt -0.020944 -0.511330 0.000000
vt -0.020944 -0.575246 0.000000
vt -0.020944 -0.639163 0.000000
vt -0.020944 -0.703079 0.000000
vt -0.020944 -0.766995 0.000000
vt -0.000000 -0.719948 0.000000
vt -0.150000 -0.719948 0.000000
vt -0.000000 -0.785398 0.000000
vt -0.150000 -0.785398 0.000000
vt -0.000000 0.785398 0.000000
vt -0.150000 0.785398 0.000000
vt -0.000000 0.719948 0.000000
vt -0.150000 0.719948 0.000000
vt -0.000000 0.654498 0.000000
vt -0.150000 0.654498 0.000000
vt -0.000000 0.589049 0.000000
vt -0.150000 0.589049 0.000000
vt -0.000000 0.523599 0.000000
vt -0.150000 0.523599 0.000000
vt -0.000000 0.458149 0.000000
vt -0.150000 0.458149 0.000000
vt -0.000000 0.392699 0.000000
vt -0.150000 0.392699 0.000000
vt -0.000000 0.327249 0.000000
vt -0.150000 0.327249 0.000000
vt -0.000000 0.261799 0.000000
vt -0.150000 0.261799 0.000000
vt -0.000000 0.196350 0.000000
vt -0.150000 0.196350 0.000000
vt -0.000000 0.130900 0.000000
vt -0.150000 0.130900 0.000000
vt -0.000000 0.065450 0.000000
vt -0.150000 0.065450 0.000000
vt -0.000000 0.000000 0.000000
vt -0.150000 0.000000 0.000000
vt -0.000000 -0.065450 0.000000
vt -0.150000 -0.065450 0.000000
vt -0.000000 -0.130900 0.000000
vt -0.150000 -0.130900 0.000000
vt -0.000000 -0.196350 0.000000
vt -0.150000 -0.196350 0.000000
vt -0.000000 -0.261799 0.000000
vt -0.150000 -0.261799 0.000000
vt -0.000000 -0.327249 0.000000
vt -0.150000 -0.327249 0.000000
vt -0.000000 -0.392699 0.000000
vt -0.150000 -0.392699 0.000000
vt -0.000000 -0.458149 0.000000
vt -0.150000 -0.458149 0.000000
vt -0.000000 -0.523599 0.000000
vt -0.150000 -0.523599 0.000000
vt -0.000000 -0.589049 0.000000
vt -0.150000 -0.589049 0.000000
vt -0.000000 -0.654498 0.000000
vt -0.150000 -0.654498 0.000000
vt -0.222163 -0.059528 0.000000
vt 0.222163 -0.059528 0.000000
vt -0.230000 0.000000 0.000000
vt 0.230000 0.000000 0.000000
vt -0.222163 0.059528 0.000000
vt 0.222163 0.059528 0.000000
vt -0.199186 0.115000 0.000000
vt 0.199186 0.115000 0.000000
vt -0.162635 0.162635 0.000000
vt 0.162635 0.162635 0.000000
vt -0.115000 0.199186 0.000000
vt 0.115000 0.199186 0.000000
vt -0.059528 0.222163 0.000000
vt 0.059528 0.222163 0.000000
vt 0.000000 0.230000 0.000000
vt 0.199186 -0.115000 0.000000
vt -0.199186 -0.115000 0.000000
vt 0.162635 -0.162635 0.000000
vt -0.162635 -0.162635 0.000000
vt 0.115000 -0.199186 0.000000
vt -0.115000 -0.199186 0.000000
vt 0.059528 -0.222163 0.000000
vt -0.059528 -0.222163 0.000000
vt 0.000000 -0.230000 0.000000
vt -0.000000 0.063916 0.000000
vt -0.005236 0.063916 0.000000
vt -0.000000 0.000000 0.000000
vt -0.005236 0.000000 0.000000
vt -0.000000 -0.063916 0.000000
vt -0.005236 -0.063916 0.000000
vt -0.000000 -0.127833 0.000000
vt -0.005236 -0.127833 0.000000
vt -0.000000 -0.191749 0.000000
vt -0.005236 -0.191749 0.000000
vt -0.000000 -0.255665 0.000000
vt -0.005236 -0.255665 0.000000
vt -0.000000 -0.319581 0.000000
vt -0.005236 -0.319581 0.000000
vt -0.000000 -0.383498 0.000000
vt -0.005236 -0.383498 0.000000
vt -0.000000 -0.447414 0.000000
vt -0.005236 -0.447414 0.000000
vt -0.000000 -0.511330 0.000000
vt -0.005236 -0.511330 0.000000
vt -0.000000 -0.575246 0.000000
vt -0.005236 -0.575246 0.000000
vt -0.000000 -0.639163 0.000000
vt -0.005236 -0.639163 0.000000
vt -0.000000 -0.703079 0.000000
vt -0.005236 -0.703079 0.000000
vt -0.000000 -0.766995 0.000000
vt -0.005236 -0.766995 0.000000
vt -0.000000 0.766995 0.000000
vt -0.005236 0.766995 0.000000
vt -0.000000 0.703079 0.000000
vt -0.005236 0.703079 0.000000
vt -0.000000 0.639163 0.000000
vt -0.005236 0.639163 0.000000
vt -0.000000 0.575246 0.000000
vt -0.005236 0.575246 0.000000
vt -0.000000 0.511330 0.000000
vt -0.005236 0.511330 0.000000
vt -0.000000 0.447414 0.000000
vt -0.005236 0.447414 0.000000
vt -0.000000 0.383498 0.000000
vt -0.005236 0.383498 0.000000
vt -0.000000 0.319581 0.000000
vt -0.005236 0.319581 0.000000
vt -0.000000 0.255665 0.000000
vt -0.005236 0.255665 0.000000
vt -0.000000 0.191749 0.000000
vt -0.005236 0.191749 0.000000
vt -0.000000 0.127833 0.000000
vt -0.005236 0.127833 0.000000
vt -0.031416 -0.063916 0.000000
vt -0.026180 -0.063916 0.000000
vt -0.031416 0.000000 0.000000
vt -0.026180 0.000000 0.000000
vt -0.031416 0.063916 0.000000
vt -0.026180 0.063916 0.000000
vt -0.031416 0.127833 0.000000
vt -0.026180 0.127833 0.000000
vt -0.031416 0.191749 0.000000
vt -0.026180 0.191749 0.000000
vt -0.031416 0.255665 0.000000
vt -0.026180 0.255665 0.000000
vt -0.031416 0.319581 0.000000
vt -0.026180 0.319581 0.000000
vt -0.031416 0.383498 0.000000
vt -0.026180 0.383498 0.000000
vt -0.031416 0.447414 0.000000
vt -0.026180 0.447414 0.000000
vt -0.031416 0.511330 0.000000
vt -0.026180 0.511330 0.000000
vt -0.031416 0.575246 0.000000
vt -0.026180 0.575246 0.000000
vt -0.031416 0.639163 0.000000
vt -0.026180 0.639163 0.000000
vt -0.031416 0.703079 0.000000
vt -0.026180 0.703079 0.000000
vt -0.031416 0.766995 0.000000
vt -0.026180 0.766995 0.000000
vt -0.031416 -0.766995 0.000000
vt -0.026180 -0.766995 0.000000
vt -0.031416 -0.703079 0.000000
vt -0.026180 -0.703079 0.000000
vt -0.031416 -0.639163 0.000000
vt -0.026180 -0.639163 0.000000
vt -0.031416 -0.575246 0.000000
vt -0.026180 -0.575246 0.000000
vt -0.031416 -0.511330 0.000000
vt -0.026180 -0.511330 0.000000
vt -0.031416 -0.447414 0.000000
vt -0.026180 -0.447414 0.000000
vt -0.031416 -0.383498 0.000000
vt -0.026180 -0.383498 0.000000
vt -0.031416 -0.319581 0.000000
vt -0.026180 -0.319581 0.000000
vt -0.031416 -0.255665 0.000000
vt -0.026180 -0.255665 0.000000
vt -0.031416 -0.191749 0.000000
vt -0.026180 -0.191749 0.000000
vt -0.031416 -0.127833 0.000000
vt -0.026180 -0.127833 0.000000
vt -0.010472 0.766995 0.000000
vt -0.010472 0.703079 0.000000
vt -0.010472 0.639163 0.000000
vt -0.010472 0.575246 0.000000
vt -0.010472 0.511330 0.000000
vt -0.010472 0.447414 0.000000
vt -0.010472 0.383498 0.000000
vt -0.010472 0.319581 0.000000
vt -0.010472 0.255665 0.000000
vt -0.010472 0.191749 0.000000
vt -0.010472 0.127833 0.000000
vt -0.010472 0.063916 0.000000
vt -0.010472 0.000000 0.000000
vt -0.010472 -0.063916 0.000000
vt -0.010472 -0.127833 0.000000
vt -0.010472 -0.191749 0.000000
vt -0.010472 -0.255665 0.000000
vt -0.010472 -0.319581 0.000000
vt -0.010472 -0.383498 0.000000
vt -0.010472 -0.447414 0.000000
vt -0.010472 -0.511330 0.000000
vt -0.010472 -0.575246 0.000000
vt -0.010472 -0.639163 0.000000
vt -0.010472 -0.703079 0.000000
vt -0.010472 -0.766995 0.000000
vt -0.015708 0.766995 0.000000
vt -0.015708 0.703079 0.000000
vt -0.015708 0.639163 0.000000
vt -0.015708 0.575246 0.000000
vt -0.015708 0.511330 0.000000
vt -0.015708 0.447414 0.000000
vt -0.015708 0.383498 0.000000
vt -0.015708 0.319581 0.000000
vt -0.015708 0.255665 0.000000
vt -0.015708 0.191749 0.000000
vt -0.015708 0.127833 0.000000
vt -0.015708 0.063916 0.000000
vt -0.015708 0.000000 0.000000
vt -0.015708 -0.063916 0.000000
vt -0.015708 -0.127833 0.000000
vt -0.015708 -0.191749 0.000000
vt -0.015708 -0.255665 0.000000
vt -0.015708 -0.319581 0.000000
vt -0.015708 -0.383498 0.000000
vt -0.015708 -0.447414 0.000000
vt -0.015708 -0.511330 0.000000
vt -0.015708 -0.575246 0.000000
vt -0.015708 -0.639163 0.000000
vt -0.015708 -0.703079 0.000000
vt -0.015708 -0.766995 0.000000
vt -0.020944 0.766995 0.000000
vt -0.020944 0.703079 0.000000
vt -0.020944 0.639163 0.000000
vt -0.020944 0.575246 0.000000
vt -0.020944 0.511330 0.000000
vt -0.020944 0.447414 0.000000
vt -0.020944 0.383498 0.000000
vt -0.020944 0.319581 0.000000
vt -0.020944 0.255665 0.000000
vt -0.020944 0.191749 0.000000
vt -0.020944 0.127833 0.000000
vt -0.020944 0.063916 0.000000
vt -0.020944 0.000000 0.000000
vt -0.020944 -0.063916 0.000000
vt -0.020944 -0.127833 0.000000
vt -0.020944 -0.191749 0.000000
vt -0.020944 -0.255665 0.000000
vt -0.020944 -0.319581 0.000000
vt -0.020944 -0.383498 0.000000
vt -0.020944 -0.447414 0.000000
vt -0.020944 -0.511330 0.000000
vt -0.020944 -0.575246 0.000000
vt -0.020944 -0.639163 0.000000
vt -0.020944 -0.703079 0.000000
vt -0.020944 -0.766995 0.000000
vt -0.000000 -0.719948 0.000000
vt -0.150000 -0.719948 0.000000
vt -0.000000 -0.785398 0.000000
vt -0.150000 -0.785398 0.000000
vt -0.000000 0.785398 0.000000
vt -0.150000 0.785398 0.000000
vt -0.000000 0.719948 0.000000
vt -0.150000 0.719948 0.000000
vt -0.000000 0.654498 0.000000
vt -0.150000 0.654498 0.000000
vt -0.000000 0.589049 0.000000
vt -0.150000 0.589049 0.000000
vt -0.000000 0.523599 0.000000
vt -0.150000 0.523599 0.000000
vt -0.000000 0.458149 0.000000
vt -0.150000 0.458149 0.000000
vt -0.000000 0.392699 0.000000
vt -0.150000 0.392699 0.000000
vt -0.000000 0.327249 0.000000
vt -0.150000 0.327249 0.000000
vt -0.000000 0.261799 0.000000
vt -0.150000 0.261799 0.000000
vt -0.000000 0.196350 0.000000
vt -0.150000 0.196350 0.000000
vt -0.000000 0.130900 0.000000
vt -0.150000 0.130900 0.000000
vt -0.000000 0.065450 0.000000
vt -0.150000 0.065450 0.000000
vt -0.000000 0.000000 0.000000
vt -0.150000 0.000000 0.000000
vt -0.000000 -0.065450 0.000000
vt -0.150000 -0.065450 0.000000
vt -0.000000 -0.130900 0.000000
vt -0.150000 -0.130900 0.000000
vt -0.000000 -0.196350 0.000000
vt -0.150000 -0.196350 0.000000
vt -0.000000 -0.261799 0.000000
vt -0.150000 -0.261799 0.000000
vt -0.000000 -0.327249 0.000000
vt -0.150000 -0.327249 0.000000
vt -0.000000 -0.392699 0.000000
vt -0.150000 -0.392699 0.000000
vt -0.000000 -0.458149 0.000000
vt -0.150000 -0.458149 0.000000
vt -0.000000 -0.523599 0.000000
vt -0.150000 -0.523599 0.000000
vt -0.000000 -0.589049 0.000000
vt -0.150000 -0.589049 0.000000
vt -0.000000 -0.654498 0.000000
vt -0.150000 -0.654498 0.000000
vt -0.222163 -0.059528 0.000000
vt 0.222163 -0.059528 0.000000
vt -0.230000 0.000000 0.000000
vt 0.230000 0.000000 0.000000
vt -0.222163 0.059528 0.000000
vt 0.222163 0.059528 0.000000
vt -0.199186 0.115000 0.000000
vt 0.199186 0.115000 0.000000
vt -0.162635 0.162635 0.000000
vt 0.162635 0.162635 0.000000
vt -0.115000 0.199186 0.000000
vt 0.115000 0.199186 0.000000
vt -0.059528 0.222163 0.000000
vt 0.059528 0.222163 0.000000
vt 0.000000 0.230000 0.000000
vt 0.199186 -0.115000 0.000000
vt -0.199186 -0.115000 0.000000
vt 0.162635 -0.162635 0.000000
vt -0.162635 -0.162635 0.000000
vt 0.115000 -0.199186 0.000000
vt -0.115000 -0.199186 0.000000
vt 0.059528 -0.222163 0.000000
vt -0.059528 -0.222163 0.000000
vt 0.000000 -0.230000 0.000000
vt -0.000000 0.063916 0.000000
vt -0.005236 0.063916 0.000000
vt -0.000000 0.000000 0.000000
vt -0.005236 0.000000 0.000000
vt -0.000000 -0.063916 0.000000
vt -0.005236 -0.063916 0.000000
vt -0.000000 -0.127833 0.000000
vt -0.005236 -0.127833 0.000000
vt -0.000000 -0.191749 0.000000
vt -0.005236 -0.191749 0.000000
vt -0.000000 -0.255665 0.000000
vt -0.005236 -0.255665 0.000000
vt -0.000000 -0.319581 0.000000
vt -0.005236 -0.319581 0.000000
vt -0.000000 -0.383498 0.000000
vt -0.005236 -0.383498 0.000000
vt -0.000000 -0.447414 0.000000
vt -0.005236 -0.447414 0.000000
vt -0.000000 -0.511330 0.000000
vt -0.005236 -0.511330 0.000000
vt -0.000000 -0.575246 0.000000
vt -0.005236 -0.575246 0.000000
vt -0.000000 -0.639163 0.000000
vt -0.005236 -0.639163 0.000000
vt -0.000000 -0.703079 0.000000
vt -0.005236 -0.703079 0.000000
vt -0.000000 -0.766995 0.000000
vt -0.005236 -0.766995 0.000000
vt -0.000000 0.766995 0.000000
vt -0.005236 0.766995 0.000000
vt -0.000000 0.703079 0.000000
vt -0.005236 0.703079 0.000000
vt -0.000000 0.639163 0.000000
vt -0.005236 0.639163 0.000000
vt -0.000000 0.575246 0.000000
vt -0.005236 0.575246 0.000000
vt -0.000000 0.511330 0.000000
vt -0.005236 0.511330 0.000000
vt -0.000000 0.447414 0.000000
vt -0.005236 0.447414 0.000000
vt -0.000000 0.383498 0.000000
vt -0.005236 0.383498 0.000000
vt -0.000000 0.319581 0.000000
vt -0.005236 0.319581 0.000000
vt -0.000000 0.255665 0.000000
vt -0.005236 0.255665 0.000000
vt -0.000000 0.191749 0.000000
vt -0.005236 0.191749 0.000000
vt -0.000000 0.127833 0.000000
vt -0.005236 0.127833 0.000000
vt -0.031416 -0.063916 0.000000
vt -0.026180 -0.063916 0.000000
vt -0.031416 -0.000000 0.000000
vt -0.026180 -0.000000 0.000000
vt -0.031416 0.063916 0.000000
vt -0.026180 0.063916 0.000000
vt -0.031416 0.127833 0.000000
vt -0.026180 0.127833 0.000000
vt -0.031416 0.191749 0.000000
vt -0.026180 0.191749 0.000000
vt -0.031416 0.255665 0.000000
vt -0.026180 0.255665 0.000000
vt -0.031416 0.319581 0.000000
vt -0.026180 0.319581 0.000000
vt -0.031416 0.383498 0.000000
vt -0.026180 0.383498 0.000000
vt -0.031416 0.447414 0.000000
vt -0.026180 0.447414 0.000000
vt -0.031416 0.511330 0.000000
vt -0.026180 0.511330 0.000000
vt -0.031416 0.575246 0.000000
vt -0.026180 0.575246 0.000000
vt -0.031416 0.639163 0.000000
vt -0.026180 0.639163 0.000000
vt -0.031416 0.703079 0.000000
vt -0.026180 0.703079 0.000000
vt -0.031416 0.766995 0.000000
vt -0.026180 0.766995 0.000000
vt -0.031416 -0.766995 0.000000
vt -0.026180 -0.766995 0.000000
vt -0.031416 -0.703079 0.000000
vt -0.026180 -0.703079 0.000000
vt -0.031416 -0.639163 0.000000
vt -0.026180 -0.639163 0.000000
vt -0.031416 -0.575246 0.000000
vt -0.026180 -0.575246 0.000000
vt -0.031416 -0.511330 0.000000
vt -0.026180 -0.511330 0.000000
vt -0.031416 -0.447414 0.000000
vt -0.026180 -0.447414 0.000000
vt -0.031416 -0.383498 0.000000
vt -0.026180 -0.383498 0.000000
vt -0.031416 -0.319581 0.000000
vt -0.026180 -0.319581 0.000000
vt -0.031416 -0.255665 0.000000
vt -0.026180 -0.255665 0.000000
vt -0.031416 -0.191749 0.000000
vt -0.026180 -0.191749 0.000000
vt -0.031416 -0.127833 0.000000
vt -0.026180 -0.127833 0.000000
vt -0.010472 0.766995 0.000000
vt -0.010472 0.703079 0.000000
vt -0.010472 0.639163 0.000000
vt -0.010472 0.575246 0.000000
vt -0.010472 0.511330 0.000000
vt -0.010472 0.447414 0.000000
vt -0.010472 0.383498 0.000000
vt -0.010472 0.319581 0.000000
vt -0.010472 0.255665 0.000000
vt -0.010472 0.191749 0.000000
vt -0.010472 0.127833 0.000000
vt -0.010472 0.063916 0.000000
vt -0.010472 0.000000 0.000000
vt -0.010472 -0.063916 0.000000
vt -0.010472 -0.127833 0.000000
vt -0.010472 -0.191749 0.000000
vt -0.010472 -0.255665 0.000000
vt -0.010472 -0.319581 0.000000
vt -0.010472 -0.383498 0.000000
vt -0.010472 -0.447414 0.000000
vt -0.010472 -0.511330 0.000000
vt -0.010472 -0.575246 0.000000
vt -0.010472 -0.639163 0.000000
vt -0.010472 -0.703079 0.000000
vt -0.010472 -0.766995 0.000000
vt -0.015708 0.766995 0.000000
vt -0.015708 0.703079 0.000000
vt -0.015708 0.639163 0.000000
vt -0.015708 0.575246 0.000000
vt -0.015708 0.511330 0.000000
vt -0.015708 0.447414 0.000000
vt -0.015708 0.383498 0.000000
vt -0.015708 0.319581 0.000000
vt -0.015708 0.255665 0.000000
vt -0.015708 0.191749 0.000000
vt -0.015708 0.127833 0.000000
vt -0.015708 0.063916 0.000000
vt -0.015708 -0.000000 0.000000
vt -0.015708 -0.063916 0.000000
vt -0.015708 -0.127833 0.000000
vt -0.015708 -0.191749 0.000000
vt -0.015708 -0.255665 0.000000
vt -0.015708 -0.319581 0.000000
vt -0.015708 -0.383498 0.000000
vt -0.015708 -0.447414 0.000000
vt -0.015708 -0.511330 0.000000
vt -0.015708 -0.575246 0.000000
vt -0.015708 -0.639163 0.000000
vt -0.015708 -0.703079 0.000000
vt -0.015708 -0.766995 0.000000
vt -0.020944 0.766995 0.000000
vt -0.020944 0.703079 0.000000
vt -0.020944 0.639163 0.000000
vt -0.020944 0.575246 0.000000
vt -0.020944 0.511330 0.000000
vt -0.020944 0.447414 0.000000
vt -0.020944 0.383498 0.000000
vt -0.020944 0.319581 0.000000
vt -0.020944 0.255665 0.000000
vt -0.020944 0.191749 0.000000
vt -0.020944 0.127833 0.000000
vt -0.020944 0.063916 0.000000
vt -0.020944 -0.000000 0.000000
vt -0.020944 -0.063916 0.000000
vt -0.020944 -0.127833 0.000000
vt -0.020944 -0.191749 0.000000
vt -0.020944 -0.255665 0.000000
vt -0.020944 -0.319581 0.000000
vt -0.020944 -0.383498 0.000000
vt -0.020944 -0.447414 0.000000
vt -0.020944 -0.511330 0.000000
vt -0.020944 -0.575246 0.000000
vt -0.020944 -0.639163 0.000000
vt -0.020944 -0.703079 0.000000
vt -0.020944 -0.766995 0.000000
vt -0.000000 -0.719948 0.000000
vt -0.150000 -0.719948 0.000000
vt -0.000000 -0.785398 0.000000
vt -0.150000 -0.785398 0.000000
vt -0.000000 0.785398 0.000000
vt -0.150000 0.785398 0.000000
vt -0.000000 0.719948 0.000000
vt -0.150000 0.719948 0.000000
vt -0.000000 0.654498 0.000000
vt -0.150000 0.654498 0.000000
vt -0.000000 0.589049 0.000000
vt -0.150000 0.589049 0.000000
vt -0.000000 0.523599 0.000000
vt -0.150000 0.523599 0.000000
vt -0.000000 0.458149 0.000000
vt -0.150000 0.458149 0.000000
vt -0.000000 0.392699 0.000000
vt -0.150000 0.392699 0.000000
vt -0.000000 0.327249 0.000000
vt -0.150000 0.327249 0.000000
vt -0.000000 0.261799 0.000000
vt -0.150000 0.261799 0.000000
vt -0.000000 0.196350 0.000000
vt -0.150000 0.196350 0.000000
vt -0.000000 0.130900 0.000000
vt -0.150000 0.130900 0.000000
vt -0.000000 0.065450 0.000000
vt -0.150000 0.065450 0.000000
vt -0.000000 0.000000 0.000000
vt -0.150000 0.000000 0.000000
vt -0.000000 -0.065450 0.000000
vt -0.150000 -0.065450 0.000000
vt -0.000000 -0.130900 0.000000
vt -0.150000 -0.130900 0.000000
vt -0.000000 -0.196350 0.000000
vt -0.150000 -0.196350 0.000000
vt -0.000000 -0.261799 0.000000
vt -0.150000 -0.261799 0.000000
vt -0.000000 -0.327249 0.000000
vt -0.150000 -0.327249 0.000000
vt -0.000000 -0.392699 0.000000
vt -0.150000 -0.392699 0.000000
vt -0.000000 -0.458149 0.000000
vt -0.150000 -0.458149 0.000000
vt -0.000000 -0.523599 0.000000
vt -0.150000 -0.523599 0.000000
vt -0.000000 -0.589049 0.000000
vt -0.150000 -0.589049 0.000000
vt -0.000000 -0.654498 0.000000
vt -0.150000 -0.654498 0.000000
vt -0.222163 -0.059528 0.000000
vt 0.222163 -0.059528 0.000000
vt -0.230000 0.000000 0.000000
vt 0.230000 0.000000 0.000000
vt -0.222163 0.059528 0.000000
vt 0.222163 0.059528 0.000000
vt -0.199186 0.115000 0.000000
vt 0.199186 0.115000 0.000000
vt -0.162635 0.162635 0.000000
vt 0.162635 0.162635 0.000000
vt -0.115000 0.199186 0.000000
vt 0.115000 0.199186 0.000000
vt -0.059528 0.222163 0.000000
vt 0.059528 0.222163 0.000000
vt 0.000000 0.230000 0.000000
vt 0.199186 -0.115000 0.000000
vt -0.199186 -0.115000 0.000000
vt 0.162635 -0.162635 0.000000
vt -0.162635 -0.162635 0.000000
vt 0.115000 -0.199186 0.000000
vt -0.115000 -0.199186 0.000000
vt 0.059528 -0.222163 0.000000
vt -0.059528 -0.222163 0.000000
vt 0.000000 -0.230000 0.000000
vt 0.810000 -0.619156 0.000000
vt -0.000000 -0.619156 0.000000
vt 0.810000 -0.675442 0.000000
vt 0.000000 -0.675442 0.000000
vt 0.810000 0.675442 0.000000
vt 0.000000 0.675442 0.000000
vt 0.810000 0.619156 0.000000
vt -0.000000 0.619156 0.000000
vt 0.810000 0.562869 0.000000
vt -0.000000 0.562869 0.000000
vt 0.810000 0.506582 0.000000
vt -0.000000 0.506582 0.000000
vt 0.810000 0.450295 0.000000
vt -0.000000 0.450295 0.000000
vt 0.810000 0.394008 0.000000
vt -0.000000 0.394008 0.000000
vt 0.810000 0.337721 0.000000
vt 0.000000 0.337721 0.000000
vt 0.810000 0.281434 0.000000
vt 0.000000 0.281434 0.000000
vt 0.810000 0.225147 0.000000
vt -0.000000 0.225147 0.000000
vt 0.810000 0.168861 0.000000
vt -0.000000 0.168861 0.000000
vt 0.810000 0.112574 0.000000
vt 0.000000 0.112574 0.000000
vt 0.810000 0.056287 0.000000
vt -0.000000 0.056287 0.000000
vt 0.810000 0.000000 0.000000
vt 0.000000 0.000000 0.000000
vt 0.810000 -0.056287 0.000000
vt -0.000000 -0.056287 0.000000
vt 0.810000 -0.112574 0.000000
vt 0.000000 -0.112574 0.000000
vt 0.810000 -0.168861 0.000000
vt -0.000000 -0.168861 0.000000
vt 0.810000 -0.225147 0.000000
vt 0.000000 -0.225147 0.000000
vt 0.810000 -0.281434 0.000000
vt -0.000000 -0.281434 0.000000
vt 0.810000 -0.337721 0.000000
vt -0.000000 -0.337721 0.000000
vt 0.810000 -0.394008 0.000000
vt -0.000000 -0.394008 0.000000
vt 0.810000 -0.450295 0.000000
vt -0.000000 -0.450295 0.000000
vt 0.810000 -0.506582 0.000000
vt 0.000000 -0.506582 0.000000
vt 0.810000 -0.562869 0.000000
vt 0.000000 -0.562869 0.000000
vt -0.810000 0.907135 0.000000
vt 0.000000 0.907135 0.000000
vt -0.810000 0.989602 0.000000
vt -0.000000 0.989602 0.000000
vt -0.810000 -0.989602 0.000000
vt -0.000000 -0.989602 0.000000
vt -0.810000 -0.907135 0.000000
vt -0.000000 -0.907135 0.000000
vt -0.810000 -0.824668 0.000000
vt -0.000000 -0.824668 0.000000
vt -0.810000 -0.742201 0.000000
vt -0.000000 -0.742201 0.000000
vt -0.810000 -0.659734 0.000000
vt -0.000000 -0.659734 0.000000
vt -0.810000 -0.577268 0.000000
vt -0.000000 -0.577268 0.000000
vt -0.810000 -0.494801 0.000000
vt -0.000000 -0.494801 0.000000
vt -0.810000 -0.412334 0.000000
vt -0.000000 -0.412334 0.000000
vt -0.810000 -0.329867 0.000000
vt -0.000000 -0.329867 0.000000
vt -0.810000 -0.247400 0.000000
vt -0.000000 -0.247400 0.000000
vt -0.810000 -0.164934 0.000000
vt -0.000000 -0.164934 0.000000
vt -0.810000 -0.082467 0.000000
vt -0.000000 -0.082467 0.000000
vt -0.810000 0.000000 0.000000
vt -0.000000 0.000000 0.000000
vt -0.810000 0.082467 0.000000
vt -0.000000 0.082467 0.000000
vt -0.810000 0.164934 0.000000
vt -0.000000 0.164934 0.000000
vt -0.810000 0.247400 0.000000
vt -0.000000 0.247400 0.000000
vt -0.810000 0.329867 0.000000
vt -0.000000 0.329867 0.000000
vt -0.810000 0.412334 0.000000
vt -0.000000 0.412334 0.000000
vt -0.810000 0.494801 0.000000
vt -0.000000 0.494801 0.000000
vt -0.810000 0.577268 0.000000
vt 0.000000 0.577268 0.000000
vt -0.810000 0.659734 0.000000
vt 0.000000 0.659734 0.000000
vt -0.810000 0.742201 0.000000
vt 0.000000 0.742201 0.000000
vt -0.810000 0.824668 0.000000
vt -0.000000 0.824668 0.000000
vt -0.207674 -0.055646 0.000000
vt -0.215000 0.000000 0.000000
vt -0.315000 0.000000 0.000000
vt -0.207674 0.055646 0.000000
vt -0.304267 0.081528 0.000000
vt -0.186195 0.107500 0.000000
vt -0.272798 0.157500 0.000000
vt -0.152028 0.152028 0.000000
vt -0.222739 0.222739 0.000000
vt -0.107500 0.186195 0.000000
vt -0.157500 0.272798 0.000000
vt -0.055646 0.207674 0.000000
vt -0.081528 0.304267 0.000000
vt 0.000000 0.215000 0.000000
vt 0.000000 0.315000 0.000000
vt 0.081528 0.304267 0.000000
vt 0.055646 0.207674 0.000000
vt 0.157500 0.272798 0.000000
vt 0.107500 0.186195 0.000000
vt 0.222739 0.222739 0.000000
vt 0.152028 0.152028 0.000000
vt 0.272798 0.157500 0.000000
vt 0.186195 0.107500 0.000000
vt 0.304267 0.081528 0.000000
vt 0.207674 0.055646 0.000000
vt 0.315000 0.000000 0.000000
vt 0.215000 0.000000 0.000000
vt 0.304267 -0.081528 0.000000
vt 0.207674 -0.055646 0.000000
vt 0.186195 -0.107500 0.000000
vt 0.272798 -0.157500 0.000000
vt 0.152028 -0.152028 0.000000
vt 0.222739 -0.222739 0.000000
vt 0.107500 -0.186195 0.000000
vt 0.157500 -0.272798 0.000000
vt 0.055646 -0.207674 0.000000
vt 0.081528 -0.304267 0.000000
vt 0.000000 -0.215000 0.000000
vt 0.000000 -0.315000 0.000000
vt -0.081528 -0.304267 0.000000
vt -0.055646 -0.207674 0.000000
vt -0.157500 -0.272798 0.000000
vt -0.107500 -0.186195 0.000000
vt -0.222739 -0.222739 0.000000
vt -0.152028 -0.152028 0.000000
vt -0.272798 -0.157500 0.000000
vt -0.186195 -0.107500 0.000000
vt -0.304267 -0.081528 0.000000
vt 0.304267 -0.081528 0.000000
vt 0.495733 -0.081528 0.000000
vt 0.315000 -0.000000 0.000000
vt 0.485000 -0.000000 0.000000
vt 0.304267 0.081528 0.000000
vt 0.495733 0.081528 0.000000
vt 0.272798 0.157500 0.000000
vt 0.527202 0.157500 0.000000
vt 0.222739 0.222739 0.000000
vt 0.577261 0.222739 0.000000
vt 0.400000 0.299000 0.000000
vt 0.426141 0.302441 0.000000
vt 0.450500 0.312531 0.000000
vt 0.642500 0.272798 0.000000
vt 0.471418 0.328582 0.000000
vt 0.487469 0.349500 0.000000
vt 0.718472 0.304267 0.000000
vt 0.497559 0.373859 0.000000
vt 0.501000 0.400000 0.000000
vt 0.800000 0.315000 0.000000
vt 0.497559 0.426141 0.000000
vt 1.102441 0.426141 0.000000
vt 0.487469 0.450500 0.000000
vt 1.112531 0.450500 0.000000
vt 0.471418 0.471418 0.000000
vt 1.128582 0.471418 0.000000
vt 0.450500 0.487469 0.000000
vt 1.149500 0.487469 0.000000
vt 0.426141 0.497559 0.000000
vt 1.173859 0.497559 0.000000
vt 1.441000 0.641000 0.000000
vt 1.200000 0.501000 0.000000
vt 1.226141 0.497559 0.000000
vt 0.527202 -0.157500 0.000000
vt 0.272798 -0.157500 0.000000
vt 0.577261 -0.222739 0.000000
vt 0.222739 -0.222739 0.000000
vt 0.400000 -0.299000 0.000000
vt 0.373859 -0.302441 0.000000
vt 0.349500 -0.312531 0.000000
vt 0.157500 -0.272798 0.000000
vt 0.328582 -0.328582 0.000000
vt 0.312531 -0.349500 0.000000
vt 0.081528 -0.304267 0.000000
vt 0.302441 -0.373859 0.000000
vt 0.299000 -0.400000 0.000000
vt -0.000000 -0.315000 0.000000
vt 0.302441 -0.426141 0.000000
vt -0.302441 -0.426141 0.000000
vt 0.312531 -0.450500 0.000000
vt -0.312531 -0.450500 0.000000
vt 0.328582 -0.471418 0.000000
vt -0.328582 -0.471418 0.000000
vt 0.349500 -0.487469 0.000000
vt -0.349500 -0.487469 0.000000
vt 0.373859 -0.497559 0.000000
vt -0.373859 -0.497559 0.000000
vt 0.400000 -0.501000 0.000000
vt -0.400000 -0.501000 0.000000
vt 1.441000 -0.641000 0.000000
vt -1.441000 -0.641000 0.000000
vt -0.426141 -0.497559 0.000000
vt -1.173859 -0.497559 0.000000
vt -1.149500 -0.487469 0.000000
vt -0.450500 -0.487469 0.000000
vt -1.128582 -0.471418 0.000000
vt -0.471418 -0.471418 0.000000
vt -1.112531 -0.450500 0.000000
vt -0.487469 -0.450500 0.000000
vt -1.102441 -0.426141 0.000000
vt -0.497559 -0.426141 0.000000
vt -0.800000 -0.315000 0.000000
vt -0.501000 -0.400000 0.000000
vt -0.718472 -0.304267 0.000000
vt -0.497559 -0.373859 0.000000
vt -0.487469 -0.349500 0.000000
vt -0.299000 -0.400000 0.000000
vt -0.081528 -0.304267 0.000000
vt -0.302441 -0.373859 0.000000
vt -0.312531 -0.349500 0.000000
vt -0.157500 -0.272798 0.000000
vt -0.328582 -0.328582 0.000000
vt -0.349500 -0.312531 0.000000
vt -0.222739 -0.222739 0.000000
vt -0.373859 -0.302441 0.000000
vt -0.400000 -0.299000 0.000000
vt -0.577261 -0.222739 0.000000
vt -0.426141 -0.302441 0.000000
vt -0.450500 -0.312531 0.000000
vt -0.642500 -0.272798 0.000000
vt -0.471418 -0.328582 0.000000
vt -0.527202 -0.157500 0.000000
vt -0.272798 -0.157500 0.000000
vt -0.495733 -0.081528 0.000000
vt -0.304267 -0.081528 0.000000
vt -0.485000 -0.000000 0.000000
vt -0.315000 -0.000000 0.000000
vt -0.495733 0.081528 0.000000
vt -0.304267 0.081528 0.000000
vt -0.527202 0.157500 0.000000
vt -0.272798 0.157500 0.000000
vt -0.577261 0.222739 0.000000
vt -0.222739 0.222739 0.000000
vt -0.400000 0.299000 0.000000
vt -0.373859 0.302441 0.000000
vt -0.349500 0.312531 0.000000
vt -0.157500 0.272798 0.000000
vt -0.328582 0.328582 0.000000
vt -0.312531 0.349500 0.000000
vt -0.081528 0.304267 0.000000
vt -0.302441 0.373859 0.000000
vt -0.299000 0.400000 0.000000
vt -0.000000 0.315000 0.000000
vt -0.302441 0.426141 0.000000
vt 0.302441 0.426141 0.000000
vt -0.312531 0.450500 0.000000
vt 0.312531 0.450500 0.000000
vt -0.328582 0.471418 0.000000
vt 0.328582 0.471418 0.000000
vt -0.349500 0.487469 0.000000
vt 0.349500 0.487469 0.000000
vt -0.373859 0.497559 0.000000
vt 0.373859 0.497559 0.000000
vt -0.400000 0.501000 0.000000
vt 0.400000 0.501000 0.000000
vt -1.441000 0.641000 0.000000
vt 0.299000 0.400000 0.000000
vt 0.081528 0.304267 0.000000
vt 0.302441 0.373859 0.000000
vt 0.312531 0.349500 0.000000
vt 0.157500 0.272798 0.000000
vt 0.328582 0.328582 0.000000
vt 0.349500 0.312531 0.000000
vt 0.373859 0.302441 0.000000
vt 1.297559 0.373859 0.000000
vt 1.297559 -0.373859 0.000000
vt 1.301000 -0.400000 0.000000
vt -1.297559 0.373859 0.000000
vt -1.301000 0.400000 0.000000
vt -1.297559 0.426141 0.000000
vt 1.099000 0.400000 0.000000
vt 0.881528 0.304267 0.000000
vt 1.102441 0.373859 0.000000
vt 1.112531 0.349500 0.000000
vt 0.957500 0.272798 0.000000
vt 1.128582 0.328582 0.000000
vt 1.149500 0.312531 0.000000
vt 1.022739 0.222739 0.000000
vt 1.173859 0.302441 0.000000
vt 1.200000 0.299000 0.000000
vt 1.072798 0.157500 0.000000
vt 1.226141 0.302441 0.000000
vt 1.104267 0.081528 0.000000
vt 1.250500 0.312531 0.000000
vt 1.115000 -0.000000 0.000000
vt 1.271418 0.328582 0.000000
vt 1.271418 -0.328582 0.000000
vt 1.287469 -0.349500 0.000000
vt 1.250500 0.487469 0.000000
vt 1.271418 0.471418 0.000000
vt 1.287469 0.450500 0.000000
vt 1.297559 0.426141 0.000000
vt 1.301000 0.400000 0.000000
vt 1.287469 0.349500 0.000000
vt -0.497559 0.426141 0.000000
vt -0.800000 0.315000 0.000000
vt -0.501000 0.400000 0.000000
vt -0.718472 0.304267 0.000000
vt -0.497559 0.373859 0.000000
vt -0.487469 0.349500 0.000000
vt -0.642500 0.272798 0.000000
vt -0.471418 0.328582 0.000000
vt -0.450500 0.312531 0.000000
vt -0.426141 0.302441 0.000000
vt -0.487469 0.450500 0.000000
vt -1.112531 0.450500 0.000000
vt -1.102441 0.426141 0.000000
vt -1.099000 0.400000 0.000000
vt -0.881528 0.304267 0.000000
vt -1.102441 0.373859 0.000000
vt -1.112531 0.349500 0.000000
vt -1.128582 0.471418 0.000000
vt -0.471418 0.471418 0.000000
vt -1.149500 0.487469 0.000000
vt -0.450500 0.487469 0.000000
vt -1.173859 0.497559 0.000000
vt -0.426141 0.497559 0.000000
vt -1.287469 0.450500 0.000000
vt -1.271418 0.471418 0.000000
vt -1.250500 0.487469 0.000000
vt -1.226141 0.497559 0.000000
vt -1.200000 0.501000 0.000000
vt -0.957500 0.272798 0.000000
vt -1.128582 0.328582 0.000000
vt -1.149500 0.312531 0.000000
vt -1.022739 0.222739 0.000000
vt -1.173859 0.302441 0.000000
vt -1.200000 0.299000 0.000000
vt -1.072798 0.157500 0.000000
vt -1.226141 0.302441 0.000000
vt -1.104267 0.081528 0.000000
vt -1.250500 0.312531 0.000000
vt -1.115000 -0.000000 0.000000
vt -1.271418 0.328582 0.000000
vt -1.271418 -0.328582 0.000000
vt -1.287469 -0.349500 0.000000
vt -1.287469 0.349500 0.000000
vt 1.102441 -0.373859 0.000000
vt 0.881528 -0.304267 0.000000
vt 1.099000 -0.400000 0.000000
vt 0.800000 -0.315000 0.000000
vt 1.102441 -0.426141 0.000000
vt 0.497559 -0.426141 0.000000
vt 1.112531 -0.450500 0.000000
vt 0.487469 -0.450500 0.000000
vt 1.128582 -0.471418 0.000000
vt 0.471418 -0.471418 0.000000
vt 1.149500 -0.487469 0.000000
vt 0.450500 -0.487469 0.000000
vt 1.173859 -0.497559 0.000000
vt 0.426141 -0.497559 0.000000
vt 1.112531 -0.349500 0.000000
vt 0.957500 -0.272798 0.000000
vt 1.128582 -0.328582 0.000000
vt 1.149500 -0.312531 0.000000
vt 1.022739 -0.222739 0.000000
vt 1.173859 -0.302441 0.000000
vt 1.200000 -0.299000 0.000000
vt 1.072798 -0.157500 0.000000
vt 1.226141 -0.302441 0.000000
vt 1.104267 -0.081528 0.000000
vt 1.250500 -0.312531 0.000000
vt 1.297559 -0.426141 0.000000
vt 1.287469 -0.450500 0.000000
vt 1.271418 -0.471418 0.000000
vt 1.250500 -0.487469 0.000000
vt 1.226141 -0.497559 0.000000
vt 1.200000 -0.501000 0.000000
vt 0.426141 -0.302441 0.000000
vt 0.450500 -0.312531 0.000000
vt 0.642500 -0.272798 0.000000
vt 0.471418 -0.328582 0.000000
vt 0.487469 -0.349500 0.000000
vt 0.718472 -0.304267 0.000000
vt 0.497559 -0.373859 0.000000
vt 0.501000 -0.400000 0.000000
vt -1.297559 -0.426141 0.000000
vt -1.301000 -0.400000 0.000000
vt -1.297559 -0.373859 0.000000
vt -1.250500 -0.312531 0.000000
vt -1.104267 -0.081528 0.000000
vt -1.226141 -0.302441 0.000000
vt -1.072798 -0.157500 0.000000
vt -1.200000 -0.299000 0.000000
vt -1.022739 -0.222739 0.000000
vt -1.173859 -0.302441 0.000000
vt -1.149500 -0.312531 0.000000
vt -0.957500 -0.272798 0.000000
vt -1.128582 -0.328582 0.000000
vt -1.112531 -0.349500 0.000000
vt -0.881528 -0.304267 0.000000
vt -1.102441 -0.373859 0.000000
vt -1.099000 -0.400000 0.000000
vt -1.200000 -0.501000 0.000000
vt -1.226141 -0.497559 0.000000
vt -1.250500 -0.487469 0.000000
vt -1.271418 -0.471418 0.000000
vt -1.287469 -0.450500 0.000000
vt 0.810000 -0.619156 0.000000
vt 0.000000 -0.619156 0.000000
vt 0.810000 -0.675442 0.000000
vt 0.000000 -0.675442 0.000000
vt 0.810000 0.675442 0.000000
vt 0.000000 0.675442 0.000000
vt 0.810000 0.619156 0.000000
vt -0.000000 0.619156 0.000000
vt 0.810000 0.562869 0.000000
vt -0.000000 0.562869 0.000000
vt 0.810000 0.506582 0.000000
vt -0.000000 0.506582 0.000000
vt 0.810000 0.450295 0.000000
vt -0.000000 0.450295 0.000000
vt 0.810000 0.394008 0.000000
vt -0.000000 0.394008 0.000000
vt 0.810000 0.337721 0.000000
vt 0.000000 0.337721 0.000000
vt 0.810000 0.281434 0.000000
vt 0.000000 0.281434 0.000000
vt 0.810000 0.225147 0.000000
vt 0.000000 0.225147 0.000000
vt 0.810000 0.168861 0.000000
vt 0.000000 0.168861 0.000000
vt 0.810000 0.112574 0.000000
vt -0.000000 0.112574 0.000000
vt 0.810000 0.056287 0.000000
vt 0.000000 0.056287 0.000000
vt 0.810000 0.000000 0.000000
vt 0.000000 0.000000 0.000000
vt 0.810000 -0.056287 0.000000
vt 0.000000 -0.056287 0.000000
vt 0.810000 -0.112574 0.000000
vt -0.000000 -0.112574 0.000000
vt 0.810000 -0.168861 0.000000
vt 0.000000 -0.168861 0.000000
vt 0.810000 -0.225147 0.000000
vt 0.000000 -0.225147 0.000000
vt 0.810000 -0.281434 0.000000
vt -0.000000 -0.281434 0.000000
vt 0.810000 -0.337721 0.000000
vt -0.000000 -0.337721 0.000000
vt 0.810000 -0.394008 0.000000
vt -0.000000 -0.394008 0.000000
vt 0.810000 -0.450295 0.000000
vt 0.000000 -0.450295 0.000000
vt 0.810000 -0.506582 0.000000
vt 0.000000 -0.506582 0.000000
vt 0.810000 -0.562869 0.000000
vt -0.000000 -0.562869 0.000000
vt -0.810000 0.907135 0.000000
vt 0.000000 0.907135 0.000000
vt -0.810000 0.989602 0.000000
vt -0.000000 0.989602 0.000000
vt -0.810000 -0.989602 0.000000
vt -0.000000 -0.989602 0.000000
vt -0.810000 -0.907135 0.000000
vt -0.000000 -0.907135 0.000000
vt -0.810000 -0.824668 0.000000
vt -0.000000 -0.824668 0.000000
vt -0.810000 -0.742201 0.000000
vt -0.000000 -0.742201 0.000000
vt -0.810000 -0.659734 0.000000
vt -0.000000 -0.659734 0.000000
vt -0.810000 -0.577268 0.000000
vt -0.000000 -0.577268 0.000000
vt -0.810000 -0.494801 0.000000
vt -0.000000 -0.494801 0.000000
vt -0.810000 -0.412334 0.000000
vt -0.000000 -0.412334 0.000000
vt -0.810000 -0.329867 0.000000
vt -0.000000 -0.329867 0.000000
vt -0.810000 -0.247400 0.000000
vt -0.000000 -0.247400 0.000000
vt -0.810000 -0.164934 0.000000
vt -0.000000 -0.164934 0.000000
vt -0.810000 -0.082467 0.000000
vt -0.000000 -0.082467 0.000000
vt -0.810000 0.000000 0.000000
vt -0.000000 0.000000 0.000000
vt -0.810000 0.082467 0.000000
vt -0.000000 0.082467 0.000000
vt -0.810000 0.164934 0.000000
vt -0.000000 0.164934 0.000000
vt -0.810000 0.247400 0.000000
vt -0.000000 0.247400 0.000000
vt -0.810000 0.329867 0.000000
vt -0.000000 0.329867 0.000000
vt -0.810000 0.412334 0.000000
vt -0.000000 0.412334 0.000000
vt -0.810000 0.494801 0.000000
vt -0.000000 0.494801 0.000000
vt -0.810000 0.577268 0.000000
vt 0.000000 0.577268 0.000000
vt -0.810000 0.659734 0.000000
vt 0.000000 0.659734 0.000000
vt -0.810000 0.742201 0.000000
vt 0.000000 0.742201 0.000000
vt -0.810000 0.824668 0.000000
vt 0.000000 0.824668 0.000000
vt -0.207674 -0.055646 0.000000
vt -0.215000 0.000000 0.000000
vt -0.315000 0.000000 0.000000
vt -0.207674 0.055646 0.000000
vt -0.304267 0.081528 0.000000
vt -0.186195 0.107500 0.000000
vt -0.272798 0.157500 0.000000
vt -0.152028 0.152028 0.000000
vt -0.222739 0.222739 0.000000
vt -0.107500 0.186195 0.000000
vt -0.157500 0.272798 0.000000
vt -0.055646 0.207674 0.000000
vt -0.081528 0.304267 0.000000
vt 0.000000 0.215000 0.000000
vt 0.000000 0.315000 0.000000
vt 0.081528 0.304267 0.000000
vt 0.055646 0.207674 0.000000
vt 0.157500 0.272798 0.000000
vt 0.107500 0.186195 0.000000
vt 0.222739 0.222739 0.000000
vt 0.152028 0.152028 0.000000
vt 0.272798 0.157500 0.000000
vt 0.186195 0.107500 0.000000
vt 0.304267 0.081528 0.000000
vt 0.207674 0.055646 0.000000
vt 0.315000 0.000000 0.000000
vt 0.215000 0.000000 0.000000
vt 0.304267 -0.081528 0.000000
vt 0.207674 -0.055646 0.000000
vt 0.186195 -0.107500 0.000000
vt 0.272798 -0.157500 0.000000
vt 0.152028 -0.152028 0.000000
vt 0.222739 -0.222739 0.000000
vt 0.107500 -0.186195 0.000000
vt 0.157500 -0.272798 0.000000
vt 0.055646 -0.207674 0.000000
vt 0.081528 -0.304267 0.000000
vt 0.000000 -0.215000 0.000000
vt 0.000000 -0.315000 0.000000
vt -0.081528 -0.304267 0.000000
vt -0.055646 -0.207674 0.000000
vt -0.157500 -0.272798 0.000000
vt -0.107500 -0.186195 0.000000
vt -0.222739 -0.222739 0.000000
vt -0.152028 -0.152028 0.000000
vt -0.272798 -0.157500 0.000000
vt -0.186195 -0.107500 0.000000
vt -0.304267 -0.081528 0.000000
vt -0.592326 0.055646 0.000000
vt -1.007674 0.055646 0.000000
vt -0.585000 -0.000000 0.000000
vt -1.015000 -0.000000 0.000000
vt -0.592326 -0.055646 0.000000
vt -1.007674 -0.055646 0.000000
vt -0.613805 -0.107500 0.000000
vt -0.986195 -0.107500 0.000000
vt -0.647972 -0.152028 0.000000
vt -0.952028 -0.152028 0.000000
vt -0.692500 -0.186195 0.000000
vt -0.907500 -0.186195 0.000000
vt -0.744354 -0.207674 0.000000
vt -0.855646 -0.207674 0.000000
vt -0.800000 -0.215000 0.000000
vt -0.986195 0.107500 0.000000
vt -0.613805 0.107500 0.000000
vt -0.952028 0.152028 0.000000
vt -0.647972 0.152028 0.000000
vt -0.907500 0.186195 0.000000
vt -0.692500 0.186195 0.000000
vt -0.855646 0.207674 0.000000
vt -0.744354 0.207674 0.000000
vt -0.800000 0.215000 0.000000
vt 0.810000 -0.619156 0.000000
vt 0.000000 -0.619156 0.000000
vt 0.810000 -0.675442 0.000000
vt 0.000000 -0.675442 0.000000
vt 0.810000 0.675442 0.000000
vt 0.000000 0.675442 0.000000
vt 0.810000 0.619156 0.000000
vt -0.000000 0.619156 0.000000
vt 0.810000 0.562869 0.000000
vt -0.000000 0.562869 0.000000
vt 0.810000 0.506582 0.000000
vt -0.000000 0.506582 0.000000
vt 0.810000 0.450295 0.000000
vt -0.000000 0.450295 0.000000
vt 0.810000 0.394008 0.000000
vt -0.000000 0.394008 0.000000
vt 0.810000 0.337721 0.000000
vt 0.000000 0.337721 0.000000
vt 0.810000 0.281434 0.000000
vt 0.000000 0.281434 0.000000
vt 0.810000 0.225147 0.000000
vt -0.000000 0.225147 0.000000
vt 0.810000 0.168861 0.000000
vt -0.000000 0.168861 0.000000
vt 0.810000 0.112574 0.000000
vt -0.000000 0.112574 0.000000
vt 0.810000 0.056287 0.000000
vt -0.000000 0.056287 0.000000
vt 0.810000 0.000000 0.000000
vt 0.000000 0.000000 0.000000
vt 0.810000 -0.056287 0.000000
vt 0.000000 -0.056287 0.000000
vt 0.810000 -0.112574 0.000000
vt 0.000000 -0.112574 0.000000
vt 0.810000 -0.168861 0.000000
vt 0.000000 -0.168861 0.000000
vt 0.810000 -0.225147 0.000000
vt 0.000000 -0.225147 0.000000
vt 0.810000 -0.281434 0.000000
vt -0.000000 -0.281434 0.000000
vt 0.810000 -0.337721 0.000000
vt -0.000000 -0.337721 0.000000
vt 0.810000 -0.394008 0.000000
vt -0.000000 -0.394008 0.000000
vt 0.810000 -0.450295 0.000000
vt 0.000000 -0.450295 0.000000
vt 0.810000 -0.506582 0.000000
vt 0.000000 -0.506582 0.000000
vt 0.810000 -0.562869 0.000000
vt -0.000000 -0.562869 0.000000
vt -0.810000 0.907135 0.000000
vt 0.000000 0.907135 0.000000
vt -0.810000 0.989602 0.000000
vt -0.000000 0.989602 0.000000
vt -0.810000 -0.989602 0.000000
vt -0.000000 -0.989602 0.000000
vt -0.810000 -0.907135 0.000000
vt -0.000000 -0.907135 0.000000
vt -0.810000 -0.824668 0.000000
vt -0.000000 -0.824668 0.000000
vt -0.810000 -0.742201 0.000000
vt -0.000000 -0.742201 0.000000
vt -0.810000 -0.659734 0.000000
vt -0.000000 -0.659734 0.000000
vt -0.810000 -0.577268 0.000000
vt -0.000000 -0.577268 0.000000
vt -0.810000 -0.494801 0.000000
vt -0.000000 -0.494801 0.000000
vt -0.810000 -0.412334 0.000000
vt -0.000000 -0.412334 0.000000
vt -0.810000 -0.329867 0.000000
vt -0.000000 -0.329867 0.000000
vt -0.810000 -0.247400 0.000000
vt -0.000000 -0.247400 0.000000
vt -0.810000 -0.164934 0.000000
vt -0.000000 -0.164934 0.000000
vt -0.810000 -0.082467 0.000000
vt -0.000000 -0.082467 0.000000
vt -0.810000 0.000000 0.000000
vt -0.000000 0.000000 0.000000
vt -0.810000 0.082467 0.000000
vt -0.000000 0.082467 0.000000
vt -0.810000 0.164934 0.000000
vt -0.000000 0.164934 0.000000
vt -0.810000 0.247400 0.000000
vt -0.000000 0.247400 0.000000
vt -0.810000 0.329867 0.000000
vt -0.000000 0.329867 0.000000
vt -0.810000 0.412334 0.000000
vt -0.000000 0.412334 0.000000
vt -0.810000 0.494801 0.000000
vt -0.000000 0.494801 0.000000
vt -0.810000 0.577268 0.000000
vt 0.000000 0.577268 0.000000
vt -0.810000 0.659734 0.000000
vt 0.000000 0.659734 0.000000
vt -0.810000 0.742201 0.000000
vt 0.000000 0.742201 0.000000
vt -0.810000 0.824668 0.000000
vt 0.000000 0.824668 0.000000
vt -0.207674 -0.055646 0.000000
vt -0.215000 0.000000 0.000000
vt -0.315000 0.000000 0.000000
vt -0.207674 0.055646 0.000000
vt -0.304267 0.081528 0.000000
vt -0.186195 0.107500 0.000000
vt -0.272798 0.157500 0.000000
vt -0.152028 0.152028 0.000000
vt -0.222739 0.222739 0.000000
vt -0.107500 0.186195 0.000000
vt -0.157500 0.272798 0.000000
vt -0.055646 0.207674 0.000000
vt -0.081528 0.304267 0.000000
vt 0.000000 0.215000 0.000000
vt 0.000000 0.315000 0.000000
vt 0.081528 0.304267 0.000000
vt 0.055646 0.207674 0.000000
vt 0.157500 0.272798 0.000000
vt 0.107500 0.186195 0.000000
vt 0.222739 0.222739 0.000000
vt 0.152028 0.152028 0.000000
vt 0.272798 0.157500 0.000000
vt 0.186195 0.107500 0.000000
vt 0.304267 0.081528 0.000000
vt 0.207674 0.055646 0.000000
vt 0.315000 0.000000 0.000000
vt 0.215000 0.000000 0.000000
vt 0.304267 -0.081528 0.000000
vt 0.207674 -0.055646 0.000000
vt 0.186195 -0.107500 0.000000
vt 0.272798 -0.157500 0.000000
vt 0.152028 -0.152028 0.000000
vt 0.222739 -0.222739 0.000000
vt 0.107500 -0.186195 0.000000
vt 0.157500 -0.272798 0.000000
vt 0.055646 -0.207674 0.000000
vt 0.081528 -0.304267 0.000000
vt 0.000000 -0.215000 0.000000
vt 0.000000 -0.315000 0.000000
vt -0.081528 -0.304267 0.000000
vt -0.055646 -0.207674 0.000000
vt -0.157500 -0.272798 0.000000
vt -0.107500 -0.186195 0.000000
vt -0.222739 -0.222739 0.000000
vt -0.152028 -0.152028 0.000000
vt -0.272798 -0.157500 0.000000
vt -0.186195 -0.107500 0.000000
vt -0.304267 -0.081528 0.000000
vt 0.207674 0.055646 0.000000
vt -0.207674 0.055646 0.000000
vt 0.215000 -0.000000 0.000000
vt -0.215000 -0.000000 0.000000
vt 0.207674 -0.055646 0.000000
vt -0.207674 -0.055646 0.000000
vt 0.186195 -0.107500 0.000000
vt -0.186195 -0.107500 0.000000
vt 0.152028 -0.152028 0.000000
vt -0.152028 -0.152028 0.000000
vt 0.107500 -0.186195 0.000000
vt -0.107500 -0.186195 0.000000
vt 0.055646 -0.207674 0.000000
vt -0.055646 -0.207674 0.000000
vt -0.000000 -0.215000 0.000000
vt -0.186195 0.107500 0.000000
vt 0.186195 0.107500 0.000000
vt -0.152028 0.152028 0.000000
vt 0.152028 0.152028 0.000000
vt -0.107500 0.186195 0.000000
vt 0.107500 0.186195 0.000000
vt -0.055646 0.207674 0.000000
vt 0.055646 0.207674 0.000000
vt -0.000000 0.215000 0.000000
vt 0.021000 -0.290859 0.000000
vt -0.149000 -0.290859 0.000000
vt 0.021000 -0.317301 0.000000
vt -0.149000 -0.317301 0.000000
vt 0.021000 0.317301 0.000000
vt -0.149000 0.317301 0.000000
vt 0.021000 0.290859 0.000000
vt -0.149000 0.290859 0.000000
vt 0.021000 0.264417 0.000000
vt -0.149000 0.264417 0.000000
vt 0.021000 0.237976 0.000000
vt -0.149000 0.237976 0.000000
vt 0.021000 0.211534 0.000000
vt -0.149000 0.211534 0.000000
vt 0.021000 0.185092 0.000000
vt -0.149000 0.185092 0.000000
vt 0.021000 0.158650 0.000000
vt -0.149000 0.158650 0.000000
vt 0.021000 0.132209 0.000000
vt -0.149000 0.132209 0.000000
vt 0.021000 0.105767 0.000000
vt -0.149000 0.105767 0.000000
vt 0.021000 0.079325 0.000000
vt -0.149000 0.079325 0.000000
vt 0.021000 0.052883 0.000000
vt -0.149000 0.052883 0.000000
vt 0.021000 0.026442 0.000000
vt -0.149000 0.026442 0.000000
vt 0.021000 0.000000 0.000000
vt -0.149000 -0.000000 0.000000
vt 0.021000 -0.026442 0.000000
vt -0.149000 -0.026442 0.000000
vt 0.021000 -0.052883 0.000000
vt -0.149000 -0.052883 0.000000
vt 0.021000 -0.079325 0.000000
vt -0.149000 -0.079325 0.000000
vt 0.021000 -0.105767 0.000000
vt -0.149000 -0.105767 0.000000
vt 0.021000 -0.132209 0.000000
vt -0.149000 -0.132209 0.000000
vt 0.021000 -0.158650 0.000000
vt -0.149000 -0.158650 0.000000
vt 0.021000 -0.185092 0.000000
vt -0.149000 -0.185092 0.000000
vt 0.021000 -0.211534 0.000000
vt -0.149000 -0.211534 0.000000
vt 0.021000 -0.237976 0.000000
vt -0.149000 -0.237976 0.000000
vt 0.021000 -0.264417 0.000000
vt -0.149000 -0.264417 0.000000
vt 0.097559 0.026141 0.000000
vt -0.097559 0.026141 0.000000
vt 0.101000 0.000000 0.000000
vt -0.101000 0.000000 0.000000
vt 0.097559 -0.026141 0.000000
vt -0.097559 -0.026141 0.000000
vt 0.087469 -0.050500 0.000000
vt -0.087469 -0.050500 0.000000
vt 0.071418 -0.071418 0.000000
vt -0.071418 -0.071418 0.000000
vt 0.050500 -0.087469 0.000000
vt -0.050500 -0.087469 0.000000
vt 0.026141 -0.097559 0.000000
vt -0.026141 -0.097559 0.000000
vt -0.000000 -0.101000 0.000000
vt -0.087469 0.050500 0.000000
vt 0.087469 0.050500 0.000000
vt -0.071418 0.071418 0.000000
vt 0.071418 0.071418 0.000000
vt -0.050500 0.087469 0.000000
vt 0.050500 0.087469 0.000000
vt -0.026141 0.097559 0.000000
vt 0.026141 0.097559 0.000000
vt -0.000000 0.101000 0.000000
vt 0.021000 -0.290859 0.000000
vt -0.149000 -0.290859 0.000000
vt 0.021000 -0.317301 0.000000
vt -0.149000 -0.317301 0.000000
vt 0.021000 0.317301 0.000000
vt -0.149000 0.317301 0.000000
vt 0.021000 0.290859 0.000000
vt -0.149000 0.290859 0.000000
vt 0.021000 0.264417 0.000000
vt -0.149000 0.264417 0.000000
vt 0.021000 0.237976 0.000000
vt -0.149000 0.237976 0.000000
vt 0.021000 0.211534 0.000000
vt -0.149000 0.211534 0.000000
vt 0.021000 0.185092 0.000000
vt -0.149000 0.185092 0.000000
vt 0.021000 0.158650 0.000000
vt -0.149000 0.158650 0.000000
vt 0.021000 0.132209 0.000000
vt -0.149000 0.132209 0.000000
vt 0.021000 0.105767 0.000000
vt -0.149000 0.105767 0.000000
vt 0.021000 0.079325 0.000000
vt -0.149000 0.079325 0.000000
vt 0.021000 0.052883 0.000000
vt -0.149000 0.052883 0.000000
vt 0.021000 0.026442 0.000000
vt -0.149000 0.026442 0.000000
vt 0.021000 0.000000 0.000000
vt -0.149000 -0.000000 0.000000
vt 0.021000 -0.026442 0.000000
vt -0.149000 -0.026442 0.000000
vt 0.021000 -0.052883 0.000000
vt -0.149000 -0.052883 0.000000
vt 0.021000 -0.079325 0.000000
vt -0.149000 -0.079325 0.000000
vt 0.021000 -0.105767 0.000000
vt -0.149000 -0.105767 0.000000
vt 0.021000 -0.132209 0.000000
vt -0.149000 -0.132209 0.000000
vt 0.021000 -0.158650 0.000000
vt -0.149000 -0.158650 0.000000
vt 0.021000 -0.185092 0.000000
vt -0.149000 -0.185092 0.000000
vt 0.021000 -0.211534 0.000000
vt -0.149000 -0.211534 0.000000
vt 0.021000 -0.237976 0.000000
vt -0.149000 -0.237976 0.000000
vt 0.021000 -0.264417 0.000000
vt -0.149000 -0.264417 0.000000
vt 0.097559 0.026141 0.000000
vt -0.097559 0.026141 0.000000
vt 0.101000 0.000000 0.000000
vt -0.101000 0.000000 0.000000
vt 0.097559 -0.026141 0.000000
vt -0.097559 -0.026141 0.000000
vt 0.087469 -0.050500 0.000000
vt -0.087469 -0.050500 0.000000
vt 0.071418 -0.071418 0.000000
vt -0.071418 -0.071418 0.000000
vt 0.050500 -0.087469 0.000000
vt -0.050500 -0.087469 0.000000
vt 0.026141 -0.097559 0.000000
vt -0.026141 -0.097559 0.000000
vt -0.000000 -0.101000 0.000000
vt -0.087469 0.050500 0.000000
vt 0.087469 0.050500 0.000000
vt -0.071418 0.071418 0.000000
vt 0.071418 0.071418 0.000000
vt -0.050500 0.087469 0.000000
vt 0.050500 0.087469 0.000000
vt -0.026141 0.097559 0.000000
vt 0.026141 0.097559 0.000000
vt -0.000000 0.101000 0.000000
vt 0.021000 -0.290859 0.000000
vt -0.149000 -0.290859 0.000000
vt 0.021000 -0.317301 0.000000
vt -0.149000 -0.317301 0.000000
vt 0.021000 0.317301 0.000000
vt -0.149000 0.317301 0.000000
vt 0.021000 0.290859 0.000000
vt -0.149000 0.290859 0.000000
vt 0.021000 0.264417 0.000000
vt -0.149000 0.264417 0.000000
vt 0.021000 0.237976 0.000000
vt -0.149000 0.237976 0.000000
vt 0.021000 0.211534 0.000000
vt -0.149000 0.211534 0.000000
vt 0.021000 0.185092 0.000000
vt -0.149000 0.185092 0.000000
vt 0.021000 0.158650 0.000000
vt -0.149000 0.158650 0.000000
vt 0.021000 0.132209 0.000000
vt -0.149000 0.132209 0.000000
vt 0.021000 0.105767 0.000000
vt -0.149000 0.105767 0.000000
vt 0.021000 0.079325 0.000000
vt -0.149000 0.079325 0.000000
vt 0.021000 0.052883 0.000000
vt -0.149000 0.052883 0.000000
vt 0.021000 0.026442 0.000000
vt -0.149000 0.026442 0.000000
vt 0.021000 0.000000 0.000000
vt -0.149000 -0.000000 0.000000
vt 0.021000 -0.026442 0.000000
vt -0.149000 -0.026442 0.000000
vt 0.021000 -0.052883 0.000000
vt -0.149000 -0.052883 0.000000
vt 0.021000 -0.079325 0.000000
vt -0.149000 -0.079325 0.000000
vt 0.021000 -0.105767 0.000000
vt -0.149000 -0.105767 0.000000
vt 0.021000 -0.132209 0.000000
vt -0.149000 -0.132209 0.000000
vt 0.021000 -0.158650 0.000000
vt -0.149000 -0.158650 0.000000
vt 0.021000 -0.185092 0.000000
vt -0.149000 -0.185092 0.000000
vt 0.021000 -0.211534 0.000000
vt -0.149000 -0.211534 0.000000
vt 0.021000 -0.237976 0.000000
vt -0.149000 -0.237976 0.000000
vt 0.021000 -0.264417 0.000000
vt -0.149000 -0.264417 0.000000
vt 0.097559 0.026141 0.000000
vt -0.097559 0.026141 0.000000
vt 0.101000 0.000000 0.000000
vt -0.101000 0.000000 0.000000
vt 0.097559 -0.026141 0.000000
vt -0.097559 -0.026141 0.000000
vt 0.087469 -0.050500 0.000000
vt -0.087469 -0.050500 0.000000
vt 0.071418 -0.071418 0.000000
vt -0.071418 -0.071418 0.000000
vt 0.050500 -0.087469 0.000000
vt -0.050500 -0.087469 0.000000
vt 0.026141 -0.097559 0.000000
vt -0.026141 -0.097559 0.000000
vt -0.000000 -0.101000 0.000000
vt -0.087469 0.050500 0.000000
vt 0.087469 0.050500 0.000000
vt -0.071418 0.071418 0.000000
vt 0.071418 0.071418 0.000000
vt -0.050500 0.087469 0.000000
vt 0.050500 0.087469 0.000000
vt -0.026141 0.097559 0.000000
vt 0.026141 0.097559 0.000000
vt -0.000000 0.101000 0.000000
vt 0.021000 -0.290859 0.000000
vt -0.149000 -0.290859 0.000000
vt 0.021000 -0.317301 0.000000
vt -0.149000 -0.317301 0.000000
vt 0.021000 0.317301 0.000000
vt -0.149000 0.317301 0.000000
vt 0.021000 0.290859 0.000000
vt -0.149000 0.290859 0.000000
vt 0.021000 0.264417 0.000000
vt -0.149000 0.264417 0.000000
vt 0.021000 0.237976 0.000000
vt -0.149000 0.237976 0.000000
vt 0.021000 0.211534 0.000000
vt -0.149000 0.211534 0.000000
vt 0.021000 0.185092 0.000000
vt -0.149000 0.185092 0.000000
vt 0.021000 0.158650 0.000000
vt -0.149000 0.158650 0.000000
vt 0.021000 0.132209 0.000000
vt -0.149000 0.132209 0.000000
vt 0.021000 0.105767 0.000000
vt -0.149000 0.105767 0.000000
vt 0.021000 0.079325 0.000000
vt -0.149000 0.079325 0.000000
vt 0.021000 0.052883 0.000000
vt -0.149000 0.052883 0.000000
vt 0.021000 0.026442 0.000000
vt -0.149000 0.026442 0.000000
vt 0.021000 0.000000 0.000000
vt -0.149000 -0.000000 0.000000
vt 0.021000 -0.026442 0.000000
vt -0.149000 -0.026442 0.000000
vt 0.021000 -0.052883 0.000000
vt -0.149000 -0.052883 0.000000
vt 0.021000 -0.079325 0.000000
vt -0.149000 -0.079325 0.000000
vt 0.021000 -0.105767 0.000000
vt -0.149000 -0.105767 0.000000
vt 0.021000 -0.132209 0.000000
vt -0.149000 -0.132209 0.000000
vt 0.021000 -0.158650 0.000000
vt -0.149000 -0.158650 0.000000
vt 0.021000 -0.185092 0.000000
vt -0.149000 -0.185092 0.000000
vt 0.021000 -0.211534 0.000000
vt -0.149000 -0.211534 0.000000
vt 0.021000 -0.237976 0.000000
vt -0.149000 -0.237976 0.000000
vt 0.021000 -0.264417 0.000000
vt -0.149000 -0.264417 0.000000
vt 0.097559 0.026141 0.000000
vt -0.097559 0.026141 0.000000
vt 0.101000 0.000000 0.000000
vt -0.101000 0.000000 0.000000
vt 0.097559 -0.026141 0.000000
vt -0.097559 -0.026141 0.000000
vt 0.087469 -0.050500 0.000000
vt -0.087469 -0.050500 0.000000
vt 0.071418 -0.071418 0.000000
vt -0.071418 -0.071418 0.000000
vt 0.050500 -0.087469 0.000000
vt -0.050500 -0.087469 0.000000
vt 0.026141 -0.097559 0.000000
vt -0.026141 -0.097559 0.000000
vt -0.000000 -0.101000 0.000000
vt -0.087469 0.050500 0.000000
vt 0.087469 0.050500 0.000000
vt -0.071418 0.071418 0.000000
vt 0.071418 0.071418 0.000000
vt -0.050500 0.087469 0.000000
vt 0.050500 0.087469 0.000000
vt -0.026141 0.097559 0.000000
vt 0.026141 0.097559 0.000000
vt -0.000000 0.101000 0.000000
vt 0.021000 -0.290859 0.000000
vt -0.149000 -0.290859 0.000000
vt 0.021000 -0.317301 0.000000
vt -0.149000 -0.317301 0.000000
vt 0.021000 0.317301 0.000000
vt -0.149000 0.317301 0.000000
vt 0.021000 0.290859 0.000000
vt -0.149000 0.290859 0.000000
vt 0.021000 0.264417 0.000000
vt -0.149000 0.264417 0.000000
vt 0.021000 0.237976 0.000000
vt -0.149000 0.237976 0.000000
vt 0.021000 0.211534 0.000000
vt -0.149000 0.211534 0.000000
vt 0.021000 0.185092 0.000000
vt -0.149000 0.185092 0.000000
vt 0.021000 0.158650 0.000000
vt -0.149000 0.158650 0.000000
vt 0.021000 0.132209 0.000000
vt -0.149000 0.132209 0.000000
vt 0.021000 0.105767 0.000000
vt -0.149000 0.105767 0.000000
vt 0.021000 0.079325 0.000000
vt -0.149000 0.079325 0.000000
vt 0.021000 0.052883 0.000000
vt -0.149000 0.052883 0.000000
vt 0.021000 0.026442 0.000000
vt -0.149000 0.026442 0.000000
vt 0.021000 0.000000 0.000000
vt -0.149000 -0.000000 0.000000
vt 0.021000 -0.026442 0.000000
vt -0.149000 -0.026442 0.000000
vt 0.021000 -0.052883 0.000000
vt -0.149000 -0.052883 0.000000
vt 0.021000 -0.079325 0.000000
vt -0.149000 -0.079325 0.000000
vt 0.021000 -0.105767 0.000000
vt -0.149000 -0.105767 0.000000
vt 0.021000 -0.132209 0.000000
vt -0.149000 -0.132209 0.000000
vt 0.021000 -0.158650 0.000000
vt -0.149000 -0.158650 0.000000
vt 0.021000 -0.185092 0.000000
vt -0.149000 -0.185092 0.000000
vt 0.021000 -0.211534 0.000000
vt -0.149000 -0.211534 0.000000
vt 0.021000 -0.237976 0.000000
vt -0.149000 -0.237976 0.000000
vt 0.021000 -0.264417 0.000000
vt -0.149000 -0.264417 0.000000
vt 0.097559 0.026141 0.000000
vt -0.097559 0.026141 0.000000
vt 0.101000 0.000000 0.000000
vt -0.101000 0.000000 0.000000
vt 0.097559 -0.026141 0.000000
vt -0.097559 -0.026141 0.000000
vt 0.087469 -0.050500 0.000000
vt -0.087469 -0.050500 0.000000
vt 0.071418 -0.071418 0.000000
vt -0.071418 -0.071418 0.000000
vt 0.050500 -0.087469 0.000000
vt -0.050500 -0.087469 0.000000
vt 0.026141 -0.097559 0.000000
vt -0.026141 -0.097559 0.000000
vt -0.000000 -0.101000 0.000000
vt -0.087469 0.050500 0.000000
vt 0.087469 0.050500 0.000000
vt -0.071418 0.071418 0.000000
vt 0.071418 0.071418 0.000000
vt -0.050500 0.087469 0.000000
vt 0.050500 0.087469 0.000000
vt -0.026141 0.097559 0.000000
vt 0.026141 0.097559 0.000000
vt -0.000000 0.101000 0.000000
vt 0.021000 -0.290859 0.000000
vt -0.149000 -0.290859 0.000000
vt 0.021000 -0.317301 0.000000
vt -0.149000 -0.317301 0.000000
vt 0.021000 0.317301 0.000000
vt -0.149000 0.317301 0.000000
vt 0.021000 0.290859 0.000000
vt -0.149000 0.290859 0.000000
vt 0.021000 0.264417 0.000000
vt -0.149000 0.264417 0.000000
vt 0.021000 0.237976 0.000000
vt -0.149000 0.237976 0.000000
vt 0.021000 0.211534 0.000000
vt -0.149000 0.211534 0.000000
vt 0.021000 0.185092 0.000000
vt -0.149000 0.185092 0.000000
vt 0.021000 0.158650 0.000000
vt -0.149000 0.158650 0.000000
vt 0.021000 0.132209 0.000000
vt -0.149000 0.132209 0.000000
vt 0.021000 0.105767 0.000000
vt -0.149000 0.105767 0.000000
vt 0.021000 0.079325 0.000000
vt -0.149000 0.079325 0.000000
vt 0.021000 0.052883 0.000000
vt -0.149000 0.052883 0.000000
vt 0.021000 0.026442 0.000000
vt -0.149000 0.026442 0.000000
vt 0.021000 0.000000 0.000000
vt -0.149000 -0.000000 0.000000
vt 0.021000 -0.026442 0.000000
vt -0.149000 -0.026442 0.000000
vt 0.021000 -0.052883 0.000000
vt -0.149000 -0.052883 0.000000
vt 0.021000 -0.079325 0.000000
vt -0.149000 -0.079325 0.000000
vt 0.021000 -0.105767 0.000000
vt -0.149000 -0.105767 0.000000
vt 0.021000 -0.132209 0.000000
vt -0.149000 -0.132209 0.000000
vt 0.021000 -0.158650 0.000000
vt -0.149000 -0.158650 0.000000
vt 0.021000 -0.185092 0.000000
vt -0.149000 -0.185092 0.000000
vt 0.021000 -0.211534 0.000000
vt -0.149000 -0.211534 0.000000
vt 0.021000 -0.237976 0.000000
vt -0.149000 -0.237976 0.000000
vt 0.021000 -0.264417 0.000000
vt -0.149000 -0.264417 0.000000
vt 0.097559 0.026141 0.000000
vt -0.097559 0.026141 0.000000
vt 0.101000 0.000000 0.000000
vt -0.101000 0.000000 0.000000
vt 0.097559 -0.026141 0.000000
vt -0.097559 -0.026141 0.000000
vt 0.087469 -0.050500 0.000000
vt -0.087469 -0.050500 0.000000
vt 0.071418 -0.071418 0.000000
vt -0.071418 -0.071418 0.000000
vt 0.050500 -0.087469 0.000000
vt -0.050500 -0.087469 0.000000
vt 0.026141 -0.097559 0.000000
vt -0.026141 -0.097559 0.000000
vt -0.000000 -0.101000 0.000000
vt -0.087469 0.050500 0.000000
vt 0.087469 0.050500 0.000000
vt -0.071418 0.071418 0.000000
vt 0.071418 0.071418 0.000000
vt -0.050500 0.087469 0.000000
vt 0.050500 0.087469 0.000000
vt -0.026141 0.097559 0.000000
vt 0.026141 0.097559 0.000000
vt -0.000000 0.101000 0.000000
vt 0.021000 -0.290859 0.000000
vt -0.149000 -0.290859 0.000000
vt 0.021000 -0.317301 0.000000
vt -0.149000 -0.317301 0.000000
vt 0.021000 0.317301 0.000000
vt -0.149000 0.317301 0.000000
vt 0.021000 0.290859 0.000000
vt -0.149000 0.290859 0.000000
vt 0.021000 0.264417 0.000000
vt -0.149000 0.264417 0.000000
vt 0.021000 0.237976 0.000000
vt -0.149000 0.237976 0.000000
vt 0.021000 0.211534 0.000000
vt -0.149000 0.211534 0.000000
vt 0.021000 0.185092 0.000000
vt -0.149000 0.185092 0.000000
vt 0.021000 0.158650 0.000000
vt -0.149000 0.158650 0.000000
vt 0.021000 0.132209 0.000000
vt -0.149000 0.132209 0.000000
vt 0.021000 0.105767 0.000000
vt -0.149000 0.105767 0.000000
vt 0.021000 0.079325 0.000000
vt -0.149000 0.079325 0.000000
vt 0.021000 0.052883 0.000000
vt -0.149000 0.052883 0.000000
vt 0.021000 0.026442 0.000000
vt -0.149000 0.026442 0.000000
vt 0.021000 0.000000 0.000000
vt -0.149000 -0.000000 0.000000
vt 0.021000 -0.026442 0.000000
vt -0.149000 -0.026442 0.000000
vt 0.021000 -0.052883 0.000000
vt -0.149000 -0.052883 0.000000
vt 0.021000 -0.079325 0.000000
vt -0.149000 -0.079325 0.000000
vt 0.021000 -0.105767 0.000000
vt -0.149000 -0.105767 0.000000
vt 0.021000 -0.132209 0.000000
vt -0.149000 -0.132209 0.000000
vt 0.021000 -0.158650 0.000000
vt -0.149000 -0.158650 0.000000
vt 0.021000 -0.185092 0.000000
vt -0.149000 -0.185092 0.000000
vt 0.021000 -0.211534 0.000000
vt -0.149000 -0.211534 0.000000
vt 0.021000 -0.237976 0.000000
vt -0.149000 -0.237976 0.000000
vt 0.021000 -0.264417 0.000000
vt -0.149000 -0.264417 0.000000
vt 0.097559 0.026141 0.000000
vt -0.097559 0.026141 0.000000
vt 0.101000 0.000000 0.000000
vt -0.101000 0.000000 0.000000
vt 0.097559 -0.026141 0.000000
vt -0.097559 -0.026141 0.000000
vt 0.087469 -0.050500 0.000000
vt -0.087469 -0.050500 0.000000
vt 0.071418 -0.071418 0.000000
vt -0.071418 -0.071418 0.000000
vt 0.050500 -0.087469 0.000000
vt -0.050500 -0.087469 0.000000
vt 0.026141 -0.097559 0.000000
vt -0.026141 -0.097559 0.000000
vt -0.000000 -0.101000 0.000000
vt -0.087469 0.050500 0.000000
vt 0.087469 0.050500 0.000000
vt -0.071418 0.071418 0.000000
vt 0.071418 0.071418 0.000000
vt -0.050500 0.087469 0.000000
vt 0.050500 0.087469 0.000000
vt -0.026141 0.097559 0.000000
vt 0.026141 0.097559 0.000000
vt -0.000000 0.101000 0.000000
vt 0.021000 -0.290859 0.000000
vt -0.149000 -0.290859 0.000000
vt 0.021000 -0.317301 0.000000
vt -0.149000 -0.317301 0.000000
vt 0.021000 0.317301 0.000000
vt -0.149000 0.317301 0.000000
vt 0.021000 0.290859 0.000000
vt -0.149000 0.290859 0.000000
vt 0.021000 0.264417 0.000000
vt -0.149000 0.264417 0.000000
vt 0.021000 0.237976 0.000000
vt -0.149000 0.237976 0.000000
vt 0.021000 0.211534 0.000000
vt -0.149000 0.211534 0.000000
vt 0.021000 0.185092 0.000000
vt -0.149000 0.185092 0.000000
vt 0.021000 0.158650 0.000000
vt -0.149000 0.158650 0.000000
vt 0.021000 0.132209 0.000000
vt -0.149000 0.132209 0.000000
vt 0.021000 0.105767 0.000000
vt -0.149000 0.105767 0.000000
vt 0.021000 0.079325 0.000000
vt -0.149000 0.079325 0.000000
vt 0.021000 0.052883 0.000000
vt -0.149000 0.052883 0.000000
vt 0.021000 0.026442 0.000000
vt -0.149000 0.026442 0.000000
vt 0.021000 0.000000 0.000000
vt -0.149000 -0.000000 0.000000
vt 0.021000 -0.026442 0.000000
vt -0.149000 -0.026442 0.000000
vt 0.021000 -0.052883 0.000000
vt -0.149000 -0.052883 0.000000
vt 0.021000 -0.079325 0.000000
vt -0.149000 -0.079325 0.000000
vt 0.021000 -0.105767 0.000000
vt -0.149000 -0.105767 0.000000
vt 0.021000 -0.132209 0.000000
vt -0.149000 -0.132209 0.000000
vt 0.021000 -0.158650 0.000000
vt -0.149000 -0.158650 0.000000
vt 0.021000 -0.185092 0.000000
vt -0.149000 -0.185092 0.000000
vt 0.021000 -0.211534 0.000000
vt -0.149000 -0.211534 0.000000
vt 0.021000 -0.237976 0.000000
vt -0.149000 -0.237976 0.000000
vt 0.021000 -0.264417 0.000000
vt -0.149000 -0.264417 0.000000
vt 0.097559 0.026141 0.000000
vt -0.097559 0.026141 0.000000
vt 0.101000 0.000000 0.000000
vt -0.101000 0.000000 0.000000
vt 0.097559 -0.026141 0.000000
vt -0.097559 -0.026141 0.000000
vt 0.087469 -0.050500 0.000000
vt -0.087469 -0.050500 0.000000
vt 0.071418 -0.071418 0.000000
vt -0.071418 -0.071418 0.000000
vt 0.050500 -0.087469 0.000000
vt -0.050500 -0.087469 0.000000
vt 0.026141 -0.097559 0.000000
vt -0.026141 -0.097559 0.000000
vt -0.000000 -0.101000 0.000000
vt -0.087469 0.050500 0.000000
vt 0.087469 0.050500 0.000000
vt -0.071418 0.071418 0.000000
vt 0.071418 0.071418 0.000000
vt -0.050500 0.087469 0.000000
vt 0.050500 0.087469 0.000000
vt -0.026141 0.097559 0.000000
vt 0.026141 0.097559 0.000000
vt -0.000000 0.101000 0.000000
vt -3.031000 0.000000 0.000000
vt -0.149000 0.000000 0.000000
vt -3.031000 0.811000 0.000000
vt -0.149000 0.811000 0.000000
vt -1.431000 0.000000 0.000000
vt -0.149000 0.000000 0.000000
vt -1.431000 0.811000 0.000000
vt -0.149000 0.811000 0.000000
vt -3.031000 0.000000 0.000000
vt -0.149000 0.000000 0.000000
vt -3.031000 0.811000 0.000000
vt -0.149000 0.811000 0.000000
vt -1.431000 0.000000 0.000000
vt -0.149000 0.000000 0.000000
vt -1.431000 0.811000 0.000000
vt -0.149000 0.811000 0.000000
vt 1.007674 0.055646 0.000000
vt 0.592326 0.055646 0.000000
vt 1.015000 -0.000000 0.000000
vt 0.585000 -0.000000 0.000000
vt 1.007674 -0.055646 0.000000
vt 0.592326 -0.055646 0.000000
vt 0.986195 -0.107500 0.000000
vt 0.613805 -0.107500 0.000000
vt 0.952028 -0.152028 0.000000
vt 0.647972 -0.152028 0.000000
vt 0.907500 -0.186195 0.000000
vt 0.692500 -0.186195 0.000000
vt 0.855646 -0.207674 0.000000
vt 0.744354 -0.207674 0.000000
vt 0.800000 -0.215000 0.000000
vt 0.613805 0.107500 0.000000
vt 0.986195 0.107500 0.000000
vt 0.647972 0.152028 0.000000
vt 0.952028 0.152028 0.000000
vt 0.692500 0.186195 0.000000
vt 0.907500 0.186195 0.000000
vt 0.744354 0.207674 0.000000
vt 0.855646 0.207674 0.000000
vt 0.800000 0.215000 0.000000
vt 0.000000 0.000000 0.000000
vt 3.180000 0.000000 0.000000
vt 0.000000 0.960000 0.000000
vt 3.180000 0.960000 0.000000
vt 0.000000 0.000000 0.000000
vt 1.580000 0.000000 0.000000
vt 0.000000 0.960000 0.000000
vt 1.580000 0.960000 0.000000
vt 0.000000 0.000000 0.000000
vt 3.180000 0.000000 0.000000
vt 0.000000 0.960000 0.000000
vt 3.180000 0.960000 0.000000
vt 0.000000 0.000000 0.000000
vt 1.580000 0.000000 0.000000
vt 0.000000 0.960000 0.000000
vt 1.580000 0.960000 0.000000
vt 1.441481 -0.335295 0.000000
vt 1.450000 -0.400000 0.000000
vt 1.590000 -0.790000 0.000000
vt 1.441481 -0.464705 0.000000
vt 1.416506 -0.525000 0.000000
vt 1.376777 -0.576777 0.000000
vt 1.325000 -0.616506 0.000000
vt 1.264705 -0.641481 0.000000
vt 1.200000 -0.650000 0.000000
vt 1.135295 -0.641481 0.000000
vt 0.464705 -0.641481 0.000000
vt 0.525000 -0.616506 0.000000
vt 1.075000 -0.616506 0.000000
vt 0.576777 -0.576777 0.000000
vt 1.023223 -0.576777 0.000000
vt 0.616506 -0.525000 0.000000
vt 0.983494 -0.525000 0.000000
vt 0.641481 -0.464705 0.000000
vt 0.958519 -0.464705 0.000000
vt 0.650000 -0.400000 0.000000
vt 0.950000 -0.400000 0.000000
vt 0.641481 -0.335295 0.000000
vt 0.958519 -0.335295 0.000000
vt 0.616506 -0.275000 0.000000
vt 0.983494 -0.275000 0.000000
vt 0.576777 -0.223223 0.000000
vt 1.023223 -0.223223 0.000000
vt 0.525000 -0.183494 0.000000
vt 1.075000 -0.183494 0.000000
vt 0.525000 0.183494 0.000000
vt 1.075000 0.183494 0.000000
vt 0.576777 0.223223 0.000000
vt 1.023223 0.223223 0.000000
vt 0.616506 0.275000 0.000000
vt 0.983494 0.275000 0.000000
vt 0.641481 0.335295 0.000000
vt 0.958519 0.335295 0.000000
vt 0.650000 0.400000 0.000000
vt 0.950000 0.400000 0.000000
vt 0.641481 0.464705 0.000000
vt 0.958519 0.464705 0.000000
vt 0.616506 0.525000 0.000000
vt 0.983494 0.525000 0.000000
vt 0.576777 0.576777 0.000000
vt 1.023223 0.576777 0.000000
vt 0.525000 0.616506 0.000000
vt 1.075000 0.616506 0.000000
vt 0.464705 0.641481 0.000000
vt 1.135295 0.641481 0.000000
vt 1.590000 0.790000 0.000000
vt 1.200000 0.650000 0.000000
vt 1.264705 0.641481 0.000000
vt 1.135295 -0.158519 0.000000
vt 1.135295 0.158519 0.000000
vt 1.200000 0.150000 0.000000
vt 1.200000 -0.150000 0.000000
vt 1.264705 -0.158519 0.000000
vt 1.264705 0.158519 0.000000
vt 1.325000 -0.183494 0.000000
vt 1.325000 0.183494 0.000000
vt 1.376777 -0.223223 0.000000
vt 1.376777 0.223223 0.000000
vt 1.416506 -0.275000 0.000000
vt 1.416506 0.275000 0.000000
vt 1.441481 0.335295 0.000000
vt 0.400000 -0.650000 0.000000
vt -0.400000 -0.650000 0.000000
vt -1.590000 -0.790000 0.000000
vt -0.464705 -0.641481 0.000000
vt -1.135295 -0.641481 0.000000
vt -1.075000 -0.616506 0.000000
vt -0.525000 -0.616506 0.000000
vt -1.023223 -0.576777 0.000000
vt -0.576777 -0.576777 0.000000
vt -0.983494 -0.525000 0.000000
vt -0.616506 -0.525000 0.000000
vt -0.958519 -0.464705 0.000000
vt -0.641481 -0.464705 0.000000
vt -0.950000 -0.400000 0.000000
vt -0.650000 -0.400000 0.000000
vt -0.958519 -0.335295 0.000000
vt -0.641481 -0.335295 0.000000
vt -0.983494 -0.275000 0.000000
vt -0.616506 -0.275000 0.000000
vt -1.023223 -0.223223 0.000000
vt -0.576777 -0.223223 0.000000
vt -1.075000 -0.183494 0.000000
vt -0.525000 -0.183494 0.000000
vt -1.075000 0.183494 0.000000
vt -0.525000 0.183494 0.000000
vt -1.023223 0.223223 0.000000
vt -0.576777 0.223223 0.000000
vt -0.983494 0.275000 0.000000
vt -0.616506 0.275000 0.000000
vt -0.958519 0.335295 0.000000
vt -0.641481 0.335295 0.000000
vt -0.950000 0.400000 0.000000
vt -0.650000 0.400000 0.000000
vt -0.958519 0.464705 0.000000
vt -0.641481 0.464705 0.000000
vt -0.983494 0.525000 0.000000
vt -0.616506 0.525000 0.000000
vt -1.023223 0.576777 0.000000
vt -0.576777 0.576777 0.000000
vt -1.075000 0.616506 0.000000
vt -0.525000 0.616506 0.000000
vt -1.135295 0.641481 0.000000
vt -0.464705 0.641481 0.000000
vt -1.590000 0.790000 0.000000
vt -0.400000 0.650000 0.000000
vt 0.400000 0.650000 0.000000
vt 0.335295 0.641481 0.000000
vt -0.335295 0.641481 0.000000
vt 0.275000 0.616506 0.000000
vt -0.275000 0.616506 0.000000
vt 0.223223 0.576777 0.000000
vt -0.223223 0.576777 0.000000
vt 0.183494 0.525000 0.000000
vt -0.183494 0.525000 0.000000
vt 0.158519 0.464705 0.000000
vt -0.158519 0.464705 0.000000
vt 0.150000 0.400000 0.000000
vt -0.150000 0.400000 0.000000
vt 0.158519 0.335295 0.000000
vt -0.158519 0.335295 0.000000
vt 0.183494 0.275000 0.000000
vt -0.183494 0.275000 0.000000
vt 0.223223 0.223223 0.000000
vt -0.223223 0.223223 0.000000
vt 0.275000 0.183494 0.000000
vt -0.275000 0.183494 0.000000
vt 0.275000 -0.183494 0.000000
vt -0.275000 -0.183494 0.000000
vt 0.223223 -0.223223 0.000000
vt -0.223223 -0.223223 0.000000
vt 0.183494 -0.275000 0.000000
vt -0.183494 -0.275000 0.000000
vt 0.158519 -0.335295 0.000000
vt -0.158519 -0.335295 0.000000
vt 0.150000 -0.400000 0.000000
vt -0.150000 -0.400000 0.000000
vt 0.158519 -0.464705 0.000000
vt -0.158519 -0.464705 0.000000
vt 0.183494 -0.525000 0.000000
vt -0.183494 -0.525000 0.000000
vt 0.223223 -0.576777 0.000000
vt -0.223223 -0.576777 0.000000
vt 0.275000 -0.616506 0.000000
vt -0.275000 -0.616506 0.000000
vt 0.335295 -0.641481 0.000000
vt -0.335295 -0.641481 0.000000
vt 0.335295 -0.158519 0.000000
vt 0.335295 0.158519 0.000000
vt 0.400000 0.150000 0.000000
vt 0.400000 -0.150000 0.000000
vt 0.464705 -0.158519 0.000000
vt 0.464705 0.158519 0.000000
vt -0.464705 -0.158519 0.000000
vt -0.464705 0.158519 0.000000
vt -0.400000 0.150000 0.000000
vt -0.400000 -0.150000 0.000000
vt -0.335295 -0.158519 0.000000
vt -0.335295 0.158519 0.000000
vt -1.200000 -0.650000 0.000000
vt -1.264705 -0.641481 0.000000
vt -1.325000 -0.616506 0.000000
vt -1.376777 -0.576777 0.000000
vt -1.416506 -0.525000 0.000000
vt -1.441481 -0.464705 0.000000
vt -1.450000 -0.400000 0.000000
vt -1.441481 -0.335295 0.000000
vt -1.441481 0.335295 0.000000
vt -1.416506 0.275000 0.000000
vt -1.416506 -0.275000 0.000000
vt -1.376777 0.223223 0.000000
vt -1.376777 -0.223223 0.000000
vt -1.325000 0.183494 0.000000
vt -1.325000 -0.183494 0.000000
vt -1.264705 0.158519 0.000000
vt -1.264705 -0.158519 0.000000
vt -1.200000 0.150000 0.000000
vt -1.200000 -0.150000 0.000000
vt -1.135295 -0.158519 0.000000
vt -1.135295 0.158519 0.000000
vt 1.441481 0.464705 0.000000
vt 1.450000 0.400000 0.000000
vt 1.325000 0.616506 0.000000
vt 1.376777 0.576777 0.000000
vt 1.416506 0.525000 0.000000
vt -1.450000 0.400000 0.000000
vt -1.441481 0.464705 0.000000
vt -1.416506 0.525000 0.000000
vt -1.376777 0.576777 0.000000
vt -1.325000 0.616506 0.000000
vt -1.264705 0.641481 0.000000
vt -1.200000 0.650000 0.000000
vt 1.441000 0.641000 0.000000
vt -1.590000 0.790000 0.000000
vt -1.441000 0.641000 0.000000
vt -1.590000 -0.790000 0.000000
vt -1.441000 -0.641000 0.000000
vt 1.590000 -0.790000 0.000000
vt 1.441000 -0.641000 0.000000
vt 1.590000 0.790000 0.000000
vn 0.965926 0.258819 -0.000000
vn 0.933013 0.250000 0.258819
vn 1.000000 0.000000 -0.000000
vn 0.965926 0.000000 0.258819
vn 0.965926 -0.258819 -0.000000
vn 0.933013 -0.250000 0.258819
vn 0.866025 -0.500000 -0.000000
vn 0.836516 -0.482963 0.258819
vn 0.707107 -0.707107 -0.000000
vn 0.683013 -0.683013 0.258819
vn 0.500000 -0.866025 -0.000000
vn 0.482963 -0.836516 0.258819
vn 0.258819 -0.965926 -0.000000
vn 0.250000 -0.933013 0.258819
vn 0.000000 -1.000000 -0.000000
vn 0.000000 -0.965926 0.258819
vn -0.258819 -0.965926 0.000000
vn -0.250000 -0.933013 0.258819
vn -0.500000 -0.866025 0.000000
vn -0.482963 -0.836516 0.258819
vn -0.707107 -0.707107 0.000000
vn -0.683013 -0.683013 0.258819
vn -0.866025 -0.500000 0.000000
vn -0.836516 -0.482963 0.258819
vn -0.965926 -0.258819 0.000000
vn -0.933013 -0.250000 0.258819
vn -1.000000 -0.000000 0.000000
vn -0.965926 -0.000000 0.258819
vn -0.965926 0.258819 -0.000000
vn -0.933013 0.250000 0.258819
vn -0.866025 0.500000 -0.000000
vn -0.836516 0.482963 0.258819
vn -0.707107 0.707107 -0.000000
vn -0.683013 0.683013 0.258819
vn -0.500000 0.866025 -0.000000
vn -0.482963 0.836516 0.258819
vn -0.258819 0.965926 -0.000000
vn -0.250000 0.933013 0.258819
vn 0.000000 1.000000 -0.000000
vn 0.000000 0.965926 0.258819
vn 0.258819 0.965926 -0.000000
vn 0.250000 0.933013 0.258819
vn 0.500000 0.866025 -0.000000
vn 0.482963 0.836516 0.258819
vn 0.707107 0.707107 -0.000000
vn 0.683013 0.683013 0.258819
vn 0.866025 0.500000 -0.000000
vn 0.836516 0.482963 0.258819
vn -0.000000 0.000000 1.000000
vn 0.250000 -0.066987 0.965926
vn 0.000000 -0.000000 1.000000
vn 0.258819 -0.000000 0.965926
vn -0.000000 -0.000000 1.000000
vn 0.250000 0.066987 0.965926
vn 0.000000 0.000000 1.000000
vn 0.224144 0.129410 0.965926
vn 0.000000 0.000000 1.000000
vn 0.183013 0.183013 0.965926
vn -0.000000 -0.000000 1.000000
vn 0.129410 0.224144 0.965926
vn 0.000000 0.000000 1.000000
vn 0.066987 0.250000 0.965926
vn 0.000000 0.000000 1.000000
vn 0.000000 0.258819 0.965926
vn -0.000000 0.000000 1.000000
vn -0.066987 0.250000 0.965926
vn -0.000000 0.000000 1.000000
vn -0.129410 0.224144 0.965926
vn -0.000000 0.000000 1.000000
vn -0.183013 0.183013 0.965926
vn -0.000000 0.000000 1.000000
vn -0.224144 0.129410 0.965926
vn 0.000000 -0.000000 1.000000
vn -0.250000 0.066987 0.965926
vn -0.000000 0.000000 1.000000
vn -0.258819 0.000000 0.965926
vn 0.000000 0.000000 1.000000
vn -0.250000 -0.066987 0.965926
vn -0.000000 -0.000000 1.000000
vn -0.224144 -0.129410 0.965926
vn -0.000000 -0.000000 1.000000
vn -0.183013 -0.183013 0.965926
vn 0.000000 0.000000 1.000000
vn -0.129410 -0.224144 0.965926
vn 0.000000 0.000000 1.000000
vn -0.066987 -0.250000 0.965926
vn 0.000000 -0.000000 1.000000
vn 0.000000 -0.258819 0.965926
vn 0.000000 -0.000000 1.000000
vn 0.066987 -0.250000 0.965926
vn 0.000000 -0.000000 1.000000
vn 0.129410 -0.224144 0.965926
vn 0.000000 -0.000000 1.000000
vn 0.183013 -0.183013 0.965926
vn 0.000000 -0.000000 1.000000
vn 0.224144 -0.129410 0.965926
vn -0.866025 0.000000 0.500000
vn -0.836516 0.224144 0.500000
vn -0.750000 0.433013 0.500000
vn -0.612372 0.612372 0.500000
vn -0.433013 0.750000 0.500000
vn -0.224144 0.836516 0.500000
vn 0.000000 0.866025 0.500000
vn 0.224144 0.836516 0.500000
vn 0.433013 0.750000 0.500000
vn 0.612372 0.612372 0.500000
vn 0.750000 0.433013 0.500000
vn 0.836516 0.224144 0.500000
vn 0.866025 0.000000 0.500000
vn 0.836516 -0.224144 0.500000
vn 0.750000 -0.433013 0.500000
vn 0.612372 -0.612372 0.500000
vn 0.433013 -0.750000 0.500000
vn 0.224144 -0.836516 0.500000
vn 0.000000 -0.866025 0.500000
vn -0.224144 -0.836516 0.500000
vn -0.433013 -0.750000 0.500000
vn -0.612372 -0.612372 0.500000
vn -0.750000 -0.433013 0.500000
vn -0.836516 -0.224144 0.500000
vn -0.707107 0.000000 0.707107
vn -0.683013 0.183013 0.707107
vn -0.612372 0.353553 0.707107
vn -0.500000 0.500000 0.707107
vn -0.353553 0.612372 0.707107
vn -0.183013 0.683013 0.707107
vn 0.000000 0.707107 0.707107
vn 0.183013 0.683013 0.707107
vn 0.353553 0.612372 0.707107
vn 0.500000 0.500000 0.707107
vn 0.612372 0.353553 0.707107
vn 0.683013 0.183013 0.707107
vn 0.707107 -0.000000 0.707107
vn 0.683013 -0.183013 0.707107
vn 0.612372 -0.353553 0.707107
vn 0.500000 -0.500000 0.707107
vn 0.353553 -0.612372 0.707107
vn 0.183013 -0.683013 0.707107
vn 0.000000 -0.707107 0.707107
vn -0.183013 -0.683013 0.707107
vn -0.353553 -0.612372 0.707107
vn -0.500000 -0.500000 0.707107
vn -0.612372 -0.353553 0.707107
vn -0.683013 -0.183013 0.707107
vn -0.500000 0.000000 0.866025
vn -0.482963 0.129410 0.866025
vn -0.433013 0.250000 0.866025
vn -0.353553 0.353553 0.866025
vn -0.250000 0.433013 0.866025
vn -0.129410 0.482963 0.866025
vn 0.000000 0.500000 0.866025
vn 0.129410 0.482963 0.866025
vn 0.250000 0.433013 0.866025
vn 0.353553 0.353553 0.866025
vn 0.433013 0.250000 0.866025
vn 0.482963 0.129410 0.866025
vn 0.500000 -0.000000 0.866025
vn 0.482963 -0.129410 0.866025
vn 0.433013 -0.250000 0.866025
vn 0.353553 -0.353553 0.866025
vn 0.250000 -0.433013 0.866025
vn 0.129410 -0.482963 0.866025
vn 0.000000 -0.500000 0.866025
vn -0.129410 -0.482963 0.866025
vn -0.250000 -0.433013 0.866025
vn -0.353553 -0.353553 0.866025
vn -0.433013 -0.250000 0.866025
vn -0.482963 -0.129410 0.866025
vn 0.965926 0.258819 -0.000000
vn 1.000000 0.000000 -0.000000
vn 0.965926 -0.258819 -0.000000
vn 0.866025 -0.500000 -0.000000
vn 0.707107 -0.707107 -0.000000
vn 0.500000 -0.866025 -0.000000
vn 0.258819 -0.965926 -0.000000
vn -0.000000 -1.000000 0.000000
vn -0.258819 -0.965926 0.000000
vn -0.500000 -0.866025 0.000000
vn -0.707107 -0.707107 0.000000
vn -0.866025 -0.500000 0.000000
vn -0.965926 -0.258819 0.000000
vn -1.000000 -0.000000 0.000000
vn -0.965926 0.258819 -0.000000
vn -0.866025 0.500000 -0.000000
vn -0.707107 0.707107 -0.000000
vn -0.500000 0.866025 -0.000000
vn -0.258819 0.965926 -0.000000
vn -0.000000 1.000000 -0.000000
vn 0.258819 0.965926 -0.000000
vn 0.500000 0.866025 -0.000000
vn 0.707107 0.707107 -0.000000
vn 0.866025 0.500000 -0.000000
vn 0.965926 0.258819 -0.000000
vn 0.933013 0.250000 0.258819
vn 1.000000 -0.000000 -0.000000
vn 0.965926 -0.000000 0.258819
vn 0.965926 -0.258819 -0.000000
vn 0.933013 -0.250000 0.258819
vn 0.866025 -0.500000 -0.000000
vn 0.836516 -0.482963 0.258819
vn 0.707107 -0.707107 -0.000000
vn 0.683013 -0.683013 0.258819
vn 0.500000 -0.866025 -0.000000
vn 0.482963 -0.836516 0.258819
vn 0.258819 -0.965926 -0.000000
vn 0.250000 -0.933013 0.258819
vn 0.000000 -1.000000 -0.000000
vn 0.000000 -0.965926 0.258819
vn -0.258819 -0.965926 0.000000
vn -0.250000 -0.933013 0.258819
vn -0.500000 -0.866025 0.000000
vn -0.482963 -0.836516 0.258819
vn -0.707107 -0.707107 0.000000
vn -0.683013 -0.683013 0.258819
vn -0.866025 -0.500000 0.000000
vn -0.836516 -0.482963 0.258819
vn -0.965926 -0.258819 0.000000
vn -0.933013 -0.250000 0.258819
vn -1.000000 -0.000000 0.000000
vn -0.965926 -0.000000 0.258819
vn -0.965926 0.258819 -0.000000
vn -0.933013 0.250000 0.258819
vn -0.866025 0.500000 -0.000000
vn -0.836516 0.482963 0.258819
vn -0.707107 0.707107 -0.000000
vn -0.683013 0.683013 0.258819
vn -0.500000 0.866025 -0.000000
vn -0.482963 0.836516 0.258819
vn -0.258819 0.965926 -0.000000
vn -0.250000 0.933013 0.258819
vn 0.000000 1.000000 -0.000000
vn 0.000000 0.965926 0.258819
vn 0.258819 0.965926 -0.000000
vn 0.250000 0.933013 0.258819
vn 0.500000 0.866025 -0.000000
vn 0.482963 0.836516 0.258819
vn 0.707107 0.707107 -0.000000
vn 0.683013 0.683013 0.258819
vn 0.866025 0.500000 -0.000000
vn 0.836516 0.482963 0.258819
vn -0.000000 0.000000 1.000000
vn 0.250000 -0.066987 0.965926
vn 0.000000 -0.000000 1.000000
vn 0.258819 -0.000000 0.965926
vn -0.000000 -0.000000 1.000000
vn 0.250000 0.066987 0.965926
vn 0.000000 0.000000 1.000000
vn 0.224144 0.129410 0.965926
vn 0.000000 0.000000 1.000000
vn 0.183013 0.183013 0.965926
vn -0.000000 -0.000000 1.000000
vn 0.129410 0.224144 0.965926
vn 0.000000 0.000000 1.000000
vn 0.066987 0.250000 0.965926
vn 0.000000 0.000000 1.000000
vn 0.000000 0.258819 0.965926
vn -0.000000 0.000000 1.000000
vn -0.066987 0.250000 0.965926
vn -0.000000 0.000000 1.000000
vn -0.129410 0.224144 0.965926
vn -0.000000 0.000000 1.000000
vn -0.183013 0.183013 0.965926
vn -0.000000 0.000000 1.000000
vn -0.224144 0.129410 0.965926
vn 0.000000 -0.000000 1.000000
vn -0.250000 0.066987 0.965926
vn -0.000000 0.000000 1.000000
vn -0.258819 0.000000 0.965926
vn 0.000000 0.000000 1.000000
vn -0.250000 -0.066987 0.965926
vn -0.000000 -0.000000 1.000000
vn -0.224144 -0.129410 0.965926
vn -0.000000 -0.000000 1.000000
vn -0.183013 -0.183013 0.965926
vn 0.000000 0.000000 1.000000
vn -0.129410 -0.224144 0.965926
vn -0.000000 -0.000000 1.000000
vn -0.066987 -0.250000 0.965926
vn 0.000000 -0.000000 1.000000
vn 0.000000 -0.258819 0.965926
vn 0.000000 -0.000000 1.000000
vn 0.066987 -0.250000 0.965926
vn 0.000000 -0.000000 1.000000
vn 0.129410 -0.224144 0.965926
vn 0.000000 -0.000000 1.000000
vn 0.183013 -0.183013 0.965926
vn 0.000000 -0.000000 1.000000
vn 0.224144 -0.129410 0.965926
vn -0.866025 0.000000 0.500000
vn -0.836516 0.224144 0.500000
vn -0.750000 0.433013 0.500000
vn -0.612372 0.612372 0.500000
vn -0.433013 0.750000 0.500000
vn -0.224144 0.836516 0.500000
vn 0.000000 0.866025 0.500000
vn 0.224144 0.836516 0.500000
vn 0.433013 0.750000 0.500000
vn 0.612372 0.612372 0.500000
vn 0.750000 0.433013 0.500000
vn 0.836516 0.224144 0.500000
vn 0.866025 -0.000000 0.500000
vn 0.836516 -0.224144 0.500000
vn 0.750000 -0.433013 0.500000
vn 0.612372 -0.612372 0.500000
vn 0.433013 -0.750000 0.500000
vn 0.224144 -0.836516 0.500000
vn 0.000000 -0.866025 0.500000
vn -0.224144 -0.836516 0.500000
vn -0.433013 -0.750000 0.500000
vn -0.612372 -0.612372 0.500000
vn -0.750000 -0.433013 0.500000
vn -0.836516 -0.224144 0.500000
vn -0.707107 0.000000 0.707107
vn -0.683013 0.183013 0.707107
vn -0.612372 0.353553 0.707107
vn -0.500000 0.500000 0.707107
vn -0.353553 0.612372 0.707107
vn -0.183013 0.683013 0.707107
vn 0.000000 0.707107 0.707107
vn 0.183013 0.683013 0.707107
vn 0.353553 0.612372 0.707107
vn 0.500000 0.500000 0.707107
vn 0.612372 0.353553 0.707107
vn 0.683013 0.183013 0.707107
vn 0.707107 -0.000000 0.707107
vn 0.683013 -0.183013 0.707107
vn 0.612372 -0.353553 0.707107
vn 0.500000 -0.500000 0.707107
vn 0.353553 -0.612372 0.707107
vn 0.183013 -0.683013 0.707107
vn 0.000000 -0.707107 0.707107
vn -0.183013 -0.683013 0.707107
vn -0.353553 -0.612372 0.707107
vn -0.500000 -0.500000 0.707107
vn -0.612372 -0.353553 0.707107
vn -0.683013 -0.183013 0.707107
vn -0.500000 0.000000 0.866025
vn -0.482963 0.129410 0.866025
vn -0.433013 0.250000 0.866025
vn -0.353553 0.353553 0.866025
vn -0.250000 0.433013 0.866025
vn -0.129410 0.482963 0.866025
vn 0.000000 0.500000 0.866025
vn 0.129410 0.482963 0.866025
vn 0.250000 0.433013 0.866025
vn 0.353553 0.353553 0.866025
vn 0.433013 0.250000 0.866025
vn 0.482963 0.129410 0.866025
vn 0.500000 -0.000000 0.866025
vn 0.482963 -0.129410 0.866025
vn 0.433013 -0.250000 0.866025
vn 0.353553 -0.353553 0.866025
vn 0.250000 -0.433013 0.866025
vn 0.129410 -0.482963 0.866025
vn 0.000000 -0.500000 0.866025
vn -0.129410 -0.482963 0.866025
vn -0.250000 -0.433013 0.866025
vn -0.353553 -0.353553 0.866025
vn -0.433013 -0.250000 0.866025
vn -0.482963 -0.129410 0.866025
vn 0.965926 0.258819 -0.000000
vn 1.000000 0.000000 -0.000000
vn 0.965926 -0.258819 -0.000000
vn 0.866025 -0.500000 -0.000000
vn 0.707107 -0.707107 -0.000000
vn 0.500000 -0.866025 -0.000000
vn 0.258819 -0.965926 -0.000000
vn -0.000000 -1.000000 0.000000
vn -0.258819 -0.965926 0.000000
vn -0.500000 -0.866025 0.000000
vn -0.707107 -0.707107 0.000000
vn -0.866025 -0.500000 0.000000
vn -0.965926 -0.258819 0.000000
vn -1.000000 -0.000000 0.000000
vn -0.965926 0.258819 -0.000000
vn -0.866025 0.500000 -0.000000
vn -0.707107 0.707107 -0.000000
vn -0.500000 0.866025 -0.000000
vn -0.258819 0.965926 -0.000000
vn -0.000000 1.000000 -0.000000
vn 0.258819 0.965926 -0.000000
vn 0.500000 0.866025 -0.000000
vn 0.707107 0.707107 -0.000000
vn 0.866025 0.500000 -0.000000
vn 0.965926 0.258819 -0.000000
vn 0.933013 0.250000 0.258819
vn 1.000000 -0.000000 -0.000000
vn 0.965926 -0.000000 0.258819
vn 0.965926 -0.258819 -0.000000
vn 0.933013 -0.250000 0.258819
vn 0.866025 -0.500000 -0.000000
vn 0.836516 -0.482963 0.258819
vn 0.707107 -0.707107 -0.000000
vn 0.683013 -0.683013 0.258819
vn 0.500000 -0.866025 -0.000000
vn 0.482963 -0.836516 0.258819
vn 0.258819 -0.965926 -0.000000
vn 0.250000 -0.933013 0.258819
vn 0.000000 -1.000000 -0.000000
vn 0.000000 -0.965926 0.258819
vn -0.258819 -0.965926 0.000000
vn -0.250000 -0.933013 0.258819
vn -0.500000 -0.866025 0.000000
vn -0.482963 -0.836516 0.258819
vn -0.707107 -0.707107 0.000000
vn -0.683013 -0.683013 0.258819
vn -0.866025 -0.500000 0.000000
vn -0.836516 -0.482963 0.258819
vn -0.965926 -0.258819 0.000000
vn -0.933013 -0.250000 0.258819
vn -1.000000 -0.000000 0.000000
vn -0.965926 -0.000000 0.258819
vn -0.965926 0.258819 -0.000000
vn -0.933013 0.250000 0.258819
vn -0.866025 0.500000 -0.000000
vn -0.836516 0.482963 0.258819
vn -0.707107 0.707107 -0.000000
vn -0.683013 0.683013 0.258819
vn -0.500000 0.866025 -0.000000
vn -0.482963 0.836516 0.258819
vn -0.258819 0.965926 -0.000000
vn -0.250000 0.933013 0.258819
vn 0.000000 1.000000 -0.000000
vn 0.000000 0.965926 0.258819
vn 0.258819 0.965926 -0.000000
vn 0.250000 0.933013 0.258819
vn 0.500000 0.866025 -0.000000
vn 0.482963 0.836516 0.258819
vn 0.707107 0.707107 -0.000000
vn 0.683013 0.683013 0.258819
vn 0.866025 0.500000 -0.000000
vn 0.836516 0.482963 0.258819
vn -0.000000 0.000000 1.000000
vn 0.250000 -0.066987 0.965926
vn 0.000000 -0.000000 1.000000
vn 0.258819 -0.000000 0.965926
vn -0.000000 -0.000000 1.000000
vn 0.250000 0.066987 0.965926
vn 0.000000 0.000000 1.000000
vn 0.224144 0.129410 0.965926
vn 0.000000 0.000000 1.000000
vn 0.183013 0.183013 0.965926
vn -0.000000 -0.000000 1.000000
vn 0.129410 0.224144 0.965926
vn 0.000000 0.000000 1.000000
vn 0.066987 0.250000 0.965926
vn 0.000000 0.000000 1.000000
vn 0.000000 0.258819 0.965926
vn -0.000000 0.000000 1.000000
vn -0.066987 0.250000 0.965926
vn -0.000000 0.000000 1.000000
vn -0.129410 0.224144 0.965926
vn -0.000000 0.000000 1.000000
vn -0.183013 0.183013 0.965926
vn -0.000000 0.000000 1.000000
vn -0.224144 0.129410 0.965926
vn -0.000000 0.000000 1.000000
vn -0.250000 0.066987 0.965926
vn -0.000000 0.000000 1.000000
vn -0.258819 0.000000 0.965926
vn -0.000000 -0.000000 1.000000
vn -0.250000 -0.066987 0.965926
vn -0.000000 -0.000000 1.000000
vn -0.224144 -0.129410 0.965926
vn -0.000000 -0.000000 1.000000
vn -0.183013 -0.183013 0.965926
vn 0.000000 0.000000 1.000000
vn -0.129410 -0.224144 0.965926
vn -0.000000 -0.000000 1.000000
vn -0.066987 -0.250000 0.965926
vn 0.000000 -0.000000 1.000000
vn 0.000000 -0.258819 0.965926
vn 0.000000 -0.000000 1.000000
vn 0.066987 -0.250000 0.965926
vn 0.000000 -0.000000 1.000000
vn 0.129410 -0.224144 0.965926
vn 0.000000 -0.000000 1.000000
vn 0.183013 -0.183013 0.965926
vn 0.000000 -0.000000 1.000000
vn 0.224144 -0.129410 0.965926
vn -0.866025 0.000000 0.500000
vn -0.836516 0.224144 0.500000
vn -0.750000 0.433013 0.500000
vn -0.612372 0.612372 0.500000
vn -0.433013 0.750000 0.500000
vn -0.224144 0.836516 0.500000
vn 0.000000 0.866025 0.500000
vn 0.224144 0.836516 0.500000
vn 0.433013 0.750000 0.500000
vn 0.612372 0.612372 0.500000
vn 0.750000 0.433013 0.500000
vn 0.836516 0.224144 0.500000
vn 0.866025 -0.000000 0.500000
vn 0.836516 -0.224144 0.500000
vn 0.750000 -0.433013 0.500000
vn 0.612372 -0.612372 0.500000
vn 0.433013 -0.750000 0.500000
vn 0.224144 -0.836516 0.500000
vn 0.000000 -0.866025 0.500000
vn -0.224144 -0.836516 0.500000
vn -0.433013 -0.750000 0.500000
vn -0.612372 -0.612372 0.500000
vn -0.750000 -0.433013 0.500000
vn -0.836516 -0.224144 0.500000
vn -0.707107 0.000000 0.707107
vn -0.683013 0.183013 0.707107
vn -0.612372 0.353553 0.707107
vn -0.500000 0.500000 0.707107
vn -0.353553 0.612372 0.707107
vn -0.183013 0.683013 0.707107
vn 0.000000 0.707107 0.707107
vn 0.183013 0.683013 0.707107
vn 0.353553 0.612372 0.707107
vn 0.500000 0.500000 0.707107
vn 0.612372 0.353553 0.707107
vn 0.683013 0.183013 0.707107
vn 0.707107 -0.000000 0.707107
vn 0.683013 -0.183013 0.707107
vn 0.612372 -0.353553 0.707107
vn 0.500000 -0.500000 0.707107
vn 0.353553 -0.612372 0.707107
vn 0.183013 -0.683013 0.707107
vn 0.000000 -0.707107 0.707107
vn -0.183013 -0.683013 0.707107
vn -0.353553 -0.612372 0.707107
vn -0.500000 -0.500000 0.707107
vn -0.612372 -0.353553 0.707107
vn -0.683013 -0.183013 0.707107
vn -0.500000 0.000000 0.866025
vn -0.482963 0.129410 0.866025
vn -0.433013 0.250000 0.866025
vn -0.353553 0.353553 0.866025
vn -0.250000 0.433013 0.866025
vn -0.129410 0.482963 0.866025
vn 0.000000 0.500000 0.866025
vn 0.129410 0.482963 0.866025
vn 0.250000 0.433013 0.866025
vn 0.353553 0.353553 0.866025
vn 0.433013 0.250000 0.866025
vn 0.482963 0.129410 0.866025
vn 0.500000 -0.000000 0.866025
vn 0.482963 -0.129410 0.866025
vn 0.433013 -0.250000 0.866025
vn 0.353553 -0.353553 0.866025
vn 0.250000 -0.433013 0.866025
vn 0.129410 -0.482963 0.866025
vn 0.000000 -0.500000 0.866025
vn -0.129410 -0.482963 0.866025
vn -0.250000 -0.433013 0.866025
vn -0.353553 -0.353553 0.866025
vn -0.433013 -0.250000 0.866025
vn -0.482963 -0.129410 0.866025
vn 0.965926 0.258819 -0.000000
vn 1.000000 0.000000 -0.000000
vn 0.965926 -0.258819 -0.000000
vn 0.866025 -0.500000 -0.000000
vn 0.707107 -0.707107 -0.000000
vn 0.500000 -0.866025 -0.000000
vn 0.258819 -0.965926 -0.000000
vn -0.000000 -1.000000 0.000000
vn -0.258819 -0.965926 0.000000
vn -0.500000 -0.866025 0.000000
vn -0.707107 -0.707107 0.000000
vn -0.866025 -0.500000 0.000000
vn -0.965926 -0.258819 0.000000
vn -1.000000 -0.000000 0.000000
vn -0.965926 0.258819 -0.000000
vn -0.866025 0.500000 -0.000000
vn -0.707107 0.707107 -0.000000
vn -0.500000 0.866025 -0.000000
vn -0.258819 0.965926 -0.000000
vn -0.000000 1.000000 -0.000000
vn 0.258819 0.965926 -0.000000
vn 0.500000 0.866025 -0.000000
vn 0.707107 0.707107 -0.000000
vn 0.866025 0.500000 -0.000000
vn 0.965926 0.258819 -0.000000
vn 0.933013 0.250000 0.258819
vn 1.000000 0.000000 -0.000000
vn 0.965926 0.000000 0.258819
vn 0.965926 -0.258819 -0.000000
vn 0.933013 -0.250000 0.258819
vn 0.866025 -0.500000 -0.000000
vn 0.836516 -0.482963 0.258819
vn 0.707107 -0.707107 -0.000000
vn 0.683013 -0.683013 0.258819
vn 0.500000 -0.866025 -0.000000
vn 0.482963 -0.836516 0.258819
vn 0.258819 -0.965926 -0.000000
vn 0.250000 -0.933013 0.258819
vn 0.000000 -1.000000 -0.000000
vn 0.000000 -0.965926 0.258819
vn -0.258819 -0.965926 0.000000
vn -0.250000 -0.933013 0.258819
vn -0.500000 -0.866025 0.000000
vn -0.482963 -0.836516 0.258819
vn -0.707107 -0.707107 0.000000
vn -0.683013 -0.683013 0.258819
vn -0.866025 -0.500000 0.000000
vn -0.836516 -0.482963 0.258819
vn -0.965926 -0.258819 0.000000
vn -0.933013 -0.250000 0.258819
vn -1.000000 -0.000000 0.000000
vn -0.965926 -0.000000 0.258819
vn -0.965926 0.258819 -0.000000
vn -0.933013 0.250000 0.258819
vn -0.866025 0.500000 -0.000000
vn -0.836516 0.482963 0.258819
vn -0.707107 0.707107 -0.000000
vn -0.683013 0.683013 0.258819
vn -0.500000 0.866025 -0.000000
vn -0.482963 0.836516 0.258819
vn -0.258819 0.965926 -0.000000
vn -0.250000 0.933013 0.258819
vn 0.000000 1.000000 -0.000000
vn 0.000000 0.965926 0.258819
vn 0.258819 0.965926 -0.000000
vn 0.250000 0.933013 0.258819
vn 0.500000 0.866025 -0.000000
vn 0.482963 0.836516 0.258819
vn 0.707107 0.707107 -0.000000
vn 0.683013 0.683013 0.258819
vn 0.866025 0.500000 -0.000000
vn 0.836516 0.482963 0.258819
vn -0.000000 0.000000 1.000000
vn 0.250000 -0.066987 0.965926
vn 0.000000 -0.000000 1.000000
vn 0.258819 -0.000000 0.965926
vn -0.000000 -0.000000 1.000000
vn 0.250000 0.066987 0.965926
vn 0.000000 0.000000 1.000000
vn 0.224144 0.129410 0.965926
vn 0.000000 0.000000 1.000000
vn 0.183013 0.183013 0.965926
vn -0.000000 -0.000000 1.000000
vn 0.129410 0.224144 0.965926
vn 0.000000 0.000000 1.000000
vn 0.066987 0.250000 0.965926
vn 0.000000 0.000000 1.000000
vn 0.000000 0.258819 0.965926
vn -0.000000 0.000000 1.000000
vn -0.066987 0.250000 0.965926
vn 0.000000 -0.000000 1.000000
vn -0.129410 0.224144 0.965926
vn -0.000000 0.000000 1.000000
vn -0.183013 0.183013 0.965926
vn -0.000000 0.000000 1.000000
vn -0.224144 0.129410 0.965926
vn -0.000000 0.000000 1.000000
vn -0.250000 0.066987 0.965926
vn -0.000000 0.000000 1.000000
vn -0.258819 0.000000 0.965926
vn -0.000000 -0.000000 1.000000
vn -0.250000 -0.066987 0.965926
vn -0.000000 -0.000000 1.000000
vn -0.224144 -0.129410 0.965926
vn -0.000000 -0.000000 1.000000
vn -0.183013 -0.183013 0.965926
vn -0.000000 -0.000000 1.000000
vn -0.129410 -0.224144 0.965926
vn -0.000000 -0.000000 1.000000
vn -0.066987 -0.250000 0.965926
vn 0.000000 -0.000000 1.000000
vn 0.000000 -0.258819 0.965926
vn 0.000000 -0.000000 1.000000
vn 0.066987 -0.250000 0.965926
vn 0.000000 -0.000000 1.000000
vn 0.129410 -0.224144 0.965926
vn 0.000000 -0.000000 1.000000
vn 0.183013 -0.183013 0.965926
vn 0.000000 -0.000000 1.000000
vn 0.224144 -0.129410 0.965926
vn -0.866025 0.000000 0.500000
vn -0.836516 0.224144 0.500000
vn -0.750000 0.433013 0.500000
vn -0.612372 0.612372 0.500000
vn -0.433013 0.750000 0.500000
vn -0.224144 0.836516 0.500000
vn 0.000000 0.866025 0.500000
vn 0.224144 0.836516 0.500000
vn 0.433013 0.750000 0.500000
vn 0.612372 0.612372 0.500000
vn 0.750000 0.433013 0.500000
vn 0.836516 0.224144 0.500000
vn 0.866025 0.000000 0.500000
vn 0.836516 -0.224144 0.500000
vn 0.750000 -0.433013 0.500000
vn 0.612372 -0.612372 0.500000
vn 0.433013 -0.750000 0.500000
vn 0.224144 -0.836516 0.500000
vn 0.000000 -0.866025 0.500000
vn -0.224144 -0.836516 0.500000
vn -0.433013 -0.750000 0.500000
vn -0.612372 -0.612372 0.500000
vn -0.750000 -0.433013 0.500000
vn -0.836516 -0.224144 0.500000
vn -0.707107 0.000000 0.707107
vn -0.683013 0.183013 0.707107
vn -0.612372 0.353553 0.707107
vn -0.500000 0.500000 0.707107
vn -0.353553 0.612372 0.707107
vn -0.183013 0.683013 0.707107
vn 0.000000 0.707107 0.707107
vn 0.183013 0.683013 0.707107
vn 0.353553 0.612372 0.707107
vn 0.500000 0.500000 0.707107
vn 0.612372 0.353553 0.707107
vn 0.683013 0.183013 0.707107
vn 0.707107 -0.000000 0.707107
vn 0.683013 -0.183013 0.707107
vn 0.612372 -0.353553 0.707107
vn 0.500000 -0.500000 0.707107
vn 0.353553 -0.612372 0.707107
vn 0.183013 -0.683013 0.707107
vn 0.000000 -0.707107 0.707107
vn -0.183013 -0.683013 0.707107
vn -0.353553 -0.612372 0.707107
vn -0.500000 -0.500000 0.707107
vn -0.612372 -0.353553 0.707107
vn -0.683013 -0.183013 0.707107
vn -0.500000 0.000000 0.866025
vn -0.482963 0.129410 0.866025
vn -0.433013 0.250000 0.866025
vn -0.353553 0.353553 0.866025
vn -0.250000 0.433013 0.866025
vn -0.129410 0.482963 0.866025
vn 0.000000 0.500000 0.866025
vn 0.129410 0.482963 0.866025
vn 0.250000 0.433013 0.866025
vn 0.353553 0.353553 0.866025
vn 0.433013 0.250000 0.866025
vn 0.482963 0.129410 0.866025
vn 0.500000 -0.000000 0.866025
vn 0.482963 -0.129410 0.866025
vn 0.433013 -0.250000 0.866025
vn 0.353553 -0.353553 0.866025
vn 0.250000 -0.433013 0.866025
vn 0.129410 -0.482963 0.866025
vn 0.000000 -0.500000 0.866025
vn -0.129410 -0.482963 0.866025
vn -0.250000 -0.433013 0.866025
vn -0.353553 -0.353553 0.866025
vn -0.433013 -0.250000 0.866025
vn -0.482963 -0.129410 0.866025
vn 0.965926 0.258819 -0.000000
vn 1.000000 0.000000 -0.000000
vn 0.965926 -0.258819 -0.000000
vn 0.866025 -0.500000 -0.000000
vn 0.707107 -0.707107 -0.000000
vn 0.500000 -0.866025 -0.000000
vn 0.258819 -0.965926 -0.000000
vn -0.000000 -1.000000 0.000000
vn -0.258819 -0.965926 0.000000
vn -0.500000 -0.866025 0.000000
vn -0.707107 -0.707107 0.000000
vn -0.866025 -0.500000 0.000000
vn -0.965926 -0.258819 0.000000
vn -1.000000 -0.000000 0.000000
vn -0.965926 0.258819 -0.000000
vn -0.866025 0.500000 -0.000000
vn -0.707107 0.707107 -0.000000
vn -0.500000 0.866025 -0.000000
vn -0.258819 0.965926 -0.000000
vn -0.000000 1.000000 -0.000000
vn 0.258819 0.965926 -0.000000
vn 0.500000 0.866025 -0.000000
vn 0.707107 0.707107 -0.000000
vn 0.866025 0.500000 -0.000000
vn 0.965926 0.258819 -0.000000
vn 0.933013 0.250000 0.258819
vn 1.000000 0.000000 -0.000000
vn 0.965926 0.000000 0.258819
vn 0.965926 -0.258819 -0.000000
vn 0.933013 -0.250000 0.258819
vn 0.866025 -0.500000 -0.000000
vn 0.836516 -0.482963 0.258819
vn 0.707107 -0.707107 -0.000000
vn 0.683013 -0.683013 0.258819
vn 0.500000 -0.866025 -0.000000
vn 0.482963 -0.836516 0.258819
vn 0.258819 -0.965926 -0.000000
vn 0.250000 -0.933013 0.258819
vn 0.000000 -1.000000 -0.000000
vn 0.000000 -0.965926 0.258819
vn -0.258819 -0.965926 0.000000
vn -0.250000 -0.933013 0.258819
vn -0.500000 -0.866025 0.000000
vn -0.482963 -0.836516 0.258819
vn -0.707107 -0.707107 0.000000
vn -0.683013 -0.683013 0.258819
vn -0.866025 -0.500000 0.000000
vn -0.836516 -0.482963 0.258819
vn -0.965926 -0.258819 0.000000
vn -0.933013 -0.250000 0.258819
vn -1.000000 -0.000000 0.000000
vn -0.965926 -0.000000 0.258819
vn -0.965926 0.258819 -0.000000
vn -0.933013 0.250000 0.258819
vn -0.866025 0.500000 -0.000000
vn -0.836516 0.482963 0.258819
vn -0.707107 0.707107 -0.000000
vn -0.683013 0.683013 0.258819
vn -0.500000 0.866025 -0.000000
vn -0.482963 0.836516 0.258819
vn -0.258819 0.965926 -0.000000
vn -0.250000 0.933013 0.258819
vn 0.000000 1.000000 -0.000000
vn 0.000000 0.965926 0.258819
vn 0.258819 0.965926 -0.000000
vn 0.250000 0.933013 0.258819
vn 0.500000 0.866025 -0.000000
vn 0.482963 0.836516 0.258819
vn 0.707107 0.707107 -0.000000
vn 0.683013 0.683013 0.258819
vn 0.866025 0.500000 -0.000000
vn 0.836516 0.482963 0.258819
vn 0.000000 -0.000000 1.000000
vn 0.250000 -0.066987 0.965926
vn 0.000000 -0.000000 1.000000
vn 0.258819 -0.000000 0.965926
vn 0.000000 0.000000 1.000000
vn 0.250000 0.066987 0.965926
vn -0.000000 -0.000000 1.000000
vn 0.224144 0.129410 0.965926
vn 0.000000 0.000000 1.000000
vn 0.183013 0.183013 0.965926
vn -0.000000 -0.000000 1.000000
vn 0.129410 0.224144 0.965926
vn 0.000000 0.000000 1.000000
vn 0.066987 0.250000 0.965926
vn 0.000000 0.000000 1.000000
vn 0.000000 0.258819 0.965926
vn -0.000000 0.000000 1.000000
vn -0.066987 0.250000 0.965926
vn 0.000000 -0.000000 1.000000
vn -0.129410 0.224144 0.965926
vn -0.000000 0.000000 1.000000
vn -0.183013 0.183013 0.965926
vn 0.000000 -0.000000 1.000000
vn -0.224144 0.129410 0.965926
vn -0.000000 0.000000 1.000000
vn -0.250000 0.066987 0.965926
vn -0.000000 0.000000 1.000000
vn -0.258819 0.000000 0.965926
vn -0.000000 -0.000000 1.000000
vn -0.250000 -0.066987 0.965926
vn -0.000000 -0.000000 1.000000
vn -0.224144 -0.129410 0.965926
vn -0.000000 -0.000000 1.000000
vn -0.183013 -0.183013 0.965926
vn -0.000000 -0.000000 1.000000
vn -0.129410 -0.224144 0.965926
vn -0.000000 -0.000000 1.000000
vn -0.066987 -0.250000 0.965926
vn 0.000000 -0.000000 1.000000
vn 0.000000 -0.258819 0.965926
vn 0.000000 -0.000000 1.000000
vn 0.066987 -0.250000 0.965926
vn -0.000000 0.000000 1.000000
vn 0.129410 -0.224144 0.965926
vn 0.000000 -0.000000 1.000000
vn 0.183013 -0.183013 0.965926
vn 0.000000 -0.000000 1.000000
vn 0.224144 -0.129410 0.965926
vn -0.866025 0.000000 0.500000
vn -0.836516 0.224144 0.500000
vn -0.750000 0.433013 0.500000
vn -0.612372 0.612372 0.500000
vn -0.433013 0.750000 0.500000
vn -0.224144 0.836516 0.500000
vn 0.000000 0.866025 0.500000
vn 0.224144 0.836516 0.500000
vn 0.433013 0.750000 0.500000
vn 0.612372 0.612372 0.500000
vn 0.750000 0.433013 0.500000
vn 0.836516 0.224144 0.500000
vn 0.866025 0.000000 0.500000
vn 0.836516 -0.224144 0.500000
vn 0.750000 -0.433013 0.500000
vn 0.612372 -0.612372 0.500000
vn 0.433013 -0.750000 0.500000
vn 0.224144 -0.836516 0.500000
vn 0.000000 -0.866025 0.500000
vn -0.224144 -0.836516 0.500000
vn -0.433013 -0.750000 0.500000
vn -0.612372 -0.612372 0.500000
vn -0.750000 -0.433013 0.500000
vn -0.836516 -0.224144 0.500000
vn -0.707107 0.000000 0.707107
vn -0.683013 0.183013 0.707107
vn -0.612372 0.353553 0.707107
vn -0.500000 0.500000 0.707107
vn -0.353553 0.612372 0.707107
vn -0.183013 0.683013 0.707107
vn 0.000000 0.707107 0.707107
vn 0.183013 0.683013 0.707107
vn 0.353553 0.612372 0.707107
vn 0.500000 0.500000 0.707107
vn 0.612372 0.353553 0.707107
vn 0.683013 0.183013 0.707107
vn 0.707107 -0.000000 0.707107
vn 0.683013 -0.183013 0.707107
vn 0.612372 -0.353553 0.707107
vn 0.500000 -0.500000 0.707107
vn 0.353553 -0.612372 0.707107
vn 0.183013 -0.683013 0.707107
vn 0.000000 -0.707107 0.707107
vn -0.183013 -0.683013 0.707107
vn -0.353553 -0.612372 0.707107
vn -0.500000 -0.500000 0.707107
vn -0.612372 -0.353553 0.707107
vn -0.683013 -0.183013 0.707107
vn -0.500000 0.000000 0.866025
vn -0.482963 0.129410 0.866025
vn -0.433013 0.250000 0.866025
vn -0.353553 0.353553 0.866025
vn -0.250000 0.433013 0.866025
vn -0.129410 0.482963 0.866025
vn 0.000000 0.500000 0.866025
vn 0.129410 0.482963 0.866025
vn 0.250000 0.433013 0.866025
vn 0.353553 0.353553 0.866025
vn 0.433013 0.250000 0.866025
vn 0.482963 0.129410 0.866025
vn 0.500000 -0.000000 0.866025
vn 0.482963 -0.129410 0.866025
vn 0.433013 -0.250000 0.866025
vn 0.353553 -0.353553 0.866025
vn 0.250000 -0.433013 0.866025
vn 0.129410 -0.482963 0.866025
vn 0.000000 -0.500000 0.866025
vn -0.129410 -0.482963 0.866025
vn -0.250000 -0.433013 0.866025
vn -0.353553 -0.353553 0.866025
vn -0.433013 -0.250000 0.866025
vn -0.482963 -0.129410 0.866025
vn 0.965926 0.258819 -0.000000
vn 1.000000 0.000000 -0.000000
vn 0.965926 -0.258819 -0.000000
vn 0.866025 -0.500000 -0.000000
vn 0.707107 -0.707107 -0.000000
vn 0.500000 -0.866025 -0.000000
vn 0.258819 -0.965926 -0.000000
vn -0.000000 -1.000000 0.000000
vn -0.258819 -0.965926 0.000000
vn -0.500000 -0.866025 0.000000
vn -0.707107 -0.707107 0.000000
vn -0.866025 -0.500000 0.000000
vn -0.965926 -0.258819 0.000000
vn -1.000000 -0.000000 0.000000
vn -0.965926 0.258819 -0.000000
vn -0.866025 0.500000 -0.000000
vn -0.707107 0.707107 -0.000000
vn -0.500000 0.866025 -0.000000
vn -0.258819 0.965926 -0.000000
vn -0.000000 1.000000 -0.000000
vn 0.258819 0.965926 -0.000000
vn 0.500000 0.866025 -0.000000
vn 0.707107 0.707107 -0.000000
vn 0.866025 0.500000 -0.000000
vn 0.965926 0.258819 -0.000000
vn 0.933013 0.250000 0.258819
vn 1.000000 -0.000000 -0.000000
vn 0.965926 -0.000000 0.258819
vn 0.965926 -0.258819 -0.000000
vn 0.933013 -0.250000 0.258819
vn 0.866025 -0.500000 -0.000000
vn 0.836516 -0.482963 0.258819
vn 0.707107 -0.707107 -0.000000
vn 0.683013 -0.683013 0.258819
vn 0.500000 -0.866025 -0.000000
vn 0.482963 -0.836516 0.258819
vn 0.258819 -0.965926 -0.000000
vn 0.250000 -0.933013 0.258819
vn 0.000000 -1.000000 -0.000000
vn 0.000000 -0.965926 0.258819
vn -0.258819 -0.965926 0.000000
vn -0.250000 -0.933013 0.258819
vn -0.500000 -0.866025 0.000000
vn -0.482963 -0.836516 0.258819
vn -0.707107 -0.707107 0.000000
vn -0.683013 -0.683013 0.258819
vn -0.866025 -0.500000 0.000000
vn -0.836516 -0.482963 0.258819
vn -0.965926 -0.258819 0.000000
vn -0.933013 -0.250000 0.258819
vn -1.000000 -0.000000 0.000000
vn -0.965926 -0.000000 0.258819
vn -0.965926 0.258819 -0.000000
vn -0.933013 0.250000 0.258819
vn -0.866025 0.500000 -0.000000
vn -0.836516 0.482963 0.258819
vn -0.707107 0.707107 -0.000000
vn -0.683013 0.683013 0.258819
vn -0.500000 0.866025 -0.000000
vn -0.482963 0.836516 0.258819
vn -0.258819 0.965926 -0.000000
vn -0.250000 0.933013 0.258819
vn 0.000000 1.000000 -0.000000
vn 0.000000 0.965926 0.258819
vn 0.258819 0.965926 -0.000000
vn 0.250000 0.933013 0.258819
vn 0.500000 0.866025 -0.000000
vn 0.482963 0.836516 0.258819
vn 0.707107 0.707107 -0.000000
vn 0.683013 0.683013 0.258819
vn 0.866025 0.500000 -0.000000
vn 0.836516 0.482963 0.258819
vn 0.000000 -0.000000 1.000000
vn 0.250000 -0.066987 0.965926
vn 0.000000 -0.000000 1.000000
vn 0.258819 -0.000000 0.965926
vn 0.000000 0.000000 1.000000
vn 0.250000 0.066987 0.965926
vn -0.000000 -0.000000 1.000000
vn 0.224144 0.129410 0.965926
vn 0.000000 0.000000 1.000000
vn 0.183013 0.183013 0.965926
vn -0.000000 -0.000000 1.000000
vn 0.129410 0.224144 0.965926
vn 0.000000 0.000000 1.000000
vn 0.066987 0.250000 0.965926
vn 0.000000 0.000000 1.000000
vn 0.000000 0.258819 0.965926
vn -0.000000 0.000000 1.000000
vn -0.066987 0.250000 0.965926
vn -0.000000 0.000000 1.000000
vn -0.129410 0.224144 0.965926
vn -0.000000 0.000000 1.000000
vn -0.183013 0.183013 0.965926
vn 0.000000 -0.000000 1.000000
vn -0.224144 0.129410 0.965926
vn -0.000000 0.000000 1.000000
vn -0.250000 0.066987 0.965926
vn -0.000000 0.000000 1.000000
vn -0.258819 0.000000 0.965926
vn -0.000000 -0.000000 1.000000
vn -0.250000 -0.066987 0.965926
vn 0.000000 0.000000 1.000000
vn -0.224144 -0.129410 0.965926
vn -0.000000 -0.000000 1.000000
vn -0.183013 -0.183013 0.965926
vn 0.000000 0.000000 1.000000
vn -0.129410 -0.224144 0.965926
vn -0.000000 -0.000000 1.000000
vn -0.066987 -0.250000 0.965926
vn 0.000000 -0.000000 1.000000
vn 0.000000 -0.258819 0.965926
vn 0.000000 -0.000000 1.000000
vn 0.066987 -0.250000 0.965926
vn -0.000000 0.000000 1.000000
vn 0.129410 -0.224144 0.965926
vn 0.000000 -0.000000 1.000000
vn 0.183013 -0.183013 0.965926
vn 0.000000 -0.000000 1.000000
vn 0.224144 -0.129410 0.965926
vn -0.866025 0.000000 0.500000
vn -0.836516 0.224144 0.500000
vn -0.750000 0.433013 0.500000
vn -0.612372 0.612372 0.500000
vn -0.433013 0.750000 0.500000
vn -0.224144 0.836516 0.500000
vn 0.000000 0.866025 0.500000
vn 0.224144 0.836516 0.500000
vn 0.433013 0.750000 0.500000
vn 0.612372 0.612372 0.500000
vn 0.750000 0.433013 0.500000
vn 0.836516 0.224144 0.500000
vn 0.866025 -0.000000 0.500000
vn 0.836516 -0.224144 0.500000
vn 0.750000 -0.433013 0.500000
vn 0.612372 -0.612372 0.500000
vn 0.433013 -0.750000 0.500000
vn 0.224144 -0.836516 0.500000
vn 0.000000 -0.866025 0.500000
vn -0.224144 -0.836516 0.500000
vn -0.433013 -0.750000 0.500000
vn -0.612372 -0.612372 0.500000
vn -0.750000 -0.433013 0.500000
vn -0.836516 -0.224144 0.500000
vn -0.707107 0.000000 0.707107
vn -0.683013 0.183013 0.707107
vn -0.612372 0.353553 0.707107
vn -0.500000 0.500000 0.707107
vn -0.353553 0.612372 0.707107
vn -0.183013 0.683013 0.707107
vn 0.000000 0.707107 0.707107
vn 0.183013 0.683013 0.707107
vn 0.353553 0.612372 0.707107
vn 0.500000 0.500000 0.707107
vn 0.612372 0.353553 0.707107
vn 0.683013 0.183013 0.707107
vn 0.707107 -0.000000 0.707107
vn 0.683013 -0.183013 0.707107
vn 0.612372 -0.353553 0.707107
vn 0.500000 -0.500000 0.707107
vn 0.353553 -0.612372 0.707107
vn 0.183013 -0.683013 0.707107
vn 0.000000 -0.707107 0.707107
vn -0.183013 -0.683013 0.707107
vn -0.353553 -0.612372 0.707107
vn -0.500000 -0.500000 0.707107
vn -0.612372 -0.353553 0.707107
vn -0.683013 -0.183013 0.707107
vn -0.500000 0.000000 0.866025
vn -0.482963 0.129410 0.866025
vn -0.433013 0.250000 0.866025
vn -0.353553 0.353553 0.866025
vn -0.250000 0.433013 0.866025
vn -0.129410 0.482963 0.866025
vn 0.000000 0.500000 0.866025
vn 0.129410 0.482963 0.866025
vn 0.250000 0.433013 0.866025
vn 0.353553 0.353553 0.866025
vn 0.433013 0.250000 0.866025
vn 0.482963 0.129410 0.866025
vn 0.500000 -0.000000 0.866025
vn 0.482963 -0.129410 0.866025
vn 0.433013 -0.250000 0.866025
vn 0.353553 -0.353553 0.866025
vn 0.250000 -0.433013 0.866025
vn 0.129410 -0.482963 0.866025
vn 0.000000 -0.500000 0.866025
vn -0.129410 -0.482963 0.866025
vn -0.250000 -0.433013 0.866025
vn -0.353553 -0.353553 0.866025
vn -0.433013 -0.250000 0.866025
vn -0.482963 -0.129410 0.866025
vn 0.965926 0.258819 -0.000000
vn 1.000000 0.000000 -0.000000
vn 0.965926 -0.258819 -0.000000
vn 0.866025 -0.500000 -0.000000
vn 0.707107 -0.707107 -0.000000
vn 0.500000 -0.866025 -0.000000
vn 0.258819 -0.965926 -0.000000
vn -0.000000 -1.000000 0.000000
vn -0.258819 -0.965926 0.000000
vn -0.500000 -0.866025 0.000000
vn -0.707107 -0.707107 0.000000
vn -0.866025 -0.500000 0.000000
vn -0.965926 -0.258819 0.000000
vn -1.000000 -0.000000 0.000000
vn -0.965926 0.258819 -0.000000
vn -0.866025 0.500000 -0.000000
vn -0.707107 0.707107 -0.000000
vn -0.500000 0.866025 -0.000000
vn -0.258819 0.965926 -0.000000
vn -0.000000 1.000000 -0.000000
vn 0.258819 0.965926 -0.000000
vn 0.500000 0.866025 -0.000000
vn 0.707107 0.707107 -0.000000
vn 0.866025 0.500000 -0.000000
vn 0.965926 0.258819 -0.000000
vn 0.933013 0.250000 0.258819
vn 1.000000 -0.000000 -0.000000
vn 0.965926 -0.000000 0.258819
vn 0.965926 -0.258819 -0.000000
vn 0.933013 -0.250000 0.258819
vn 0.866025 -0.500000 -0.000000
vn 0.836516 -0.482963 0.258819
vn 0.707107 -0.707107 -0.000000
vn 0.683013 -0.683013 0.258819
vn 0.500000 -0.866025 -0.000000
vn 0.482963 -0.836516 0.258819
vn 0.258819 -0.965926 -0.000000
vn 0.250000 -0.933013 0.258819
vn 0.000000 -1.000000 -0.000000
vn 0.000000 -0.965926 0.258819
vn -0.258819 -0.965926 0.000000
vn -0.250000 -0.933013 0.258819
vn -0.500000 -0.866025 0.000000
vn -0.482963 -0.836516 0.258819
vn -0.707107 -0.707107 0.000000
vn -0.683013 -0.683013 0.258819
vn -0.866025 -0.500000 0.000000
vn -0.836516 -0.482963 0.258819
vn -0.965926 -0.258819 0.000000
vn -0.933013 -0.250000 0.258819
vn -1.000000 -0.000000 0.000000
vn -0.965926 -0.000000 0.258819
vn -0.965926 0.258819 -0.000000
vn -0.933013 0.250000 0.258819
vn -0.866025 0.500000 -0.000000
vn -0.836516 0.482963 0.258819
vn -0.707107 0.707107 -0.000000
vn -0.683013 0.683013 0.258819
vn -0.500000 0.866025 -0.000000
vn -0.482963 0.836516 0.258819
vn -0.258819 0.965926 -0.000000
vn -0.250000 0.933013 0.258819
vn 0.000000 1.000000 -0.000000
vn 0.000000 0.965926 0.258819
vn 0.258819 0.965926 -0.000000
vn 0.250000 0.933013 0.258819
vn 0.500000 0.866025 -0.000000
vn 0.482963 0.836516 0.258819
vn 0.707107 0.707107 -0.000000
vn 0.683013 0.683013 0.258819
vn 0.866025 0.500000 -0.000000
vn 0.836516 0.482963 0.258819
vn -0.000000 0.000000 1.000000
vn 0.250000 -0.066987 0.965926
vn 0.000000 -0.000000 1.000000
vn 0.258819 -0.000000 0.965926
vn 0.000000 0.000000 1.000000
vn 0.250000 0.066987 0.965926
vn -0.000000 -0.000000 1.000000
vn 0.224144 0.129410 0.965926
vn 0.000000 0.000000 1.000000
vn 0.183013 0.183013 0.965926
vn 0.000000 0.000000 1.000000
vn 0.129410 0.224144 0.965926
vn 0.000000 0.000000 1.000000
vn 0.066987 0.250000 0.965926
vn 0.000000 0.000000 1.000000
vn 0.000000 0.258819 0.965926
vn -0.000000 0.000000 1.000000
vn -0.066987 0.250000 0.965926
vn -0.000000 0.000000 1.000000
vn -0.129410 0.224144 0.965926
vn -0.000000 0.000000 1.000000
vn -0.183013 0.183013 0.965926
vn -0.000000 0.000000 1.000000
vn -0.224144 0.129410 0.965926
vn -0.000000 0.000000 1.000000
vn -0.250000 0.066987 0.965926
vn -0.000000 0.000000 1.000000
vn -0.258819 0.000000 0.965926
vn -0.000000 -0.000000 1.000000
vn -0.250000 -0.066987 0.965926
vn 0.000000 0.000000 1.000000
vn -0.224144 -0.129410 0.965926
vn -0.000000 -0.000000 1.000000
vn -0.183013 -0.183013 0.965926
vn 0.000000 0.000000 1.000000
vn -0.129410 -0.224144 0.965926
vn -0.000000 -0.000000 1.000000
vn -0.066987 -0.250000 0.965926
vn 0.000000 -0.000000 1.000000
vn 0.000000 -0.258819 0.965926
vn 0.000000 -0.000000 1.000000
vn 0.066987 -0.250000 0.965926
vn 0.000000 -0.000000 1.000000
vn 0.129410 -0.224144 0.965926
vn 0.000000 -0.000000 1.000000
vn 0.183013 -0.183013 0.965926
vn -0.000000 0.000000 1.000000
vn 0.224144 -0.129410 0.965926
vn -0.866025 0.000000 0.500000
vn -0.836516 0.224144 0.500000
vn -0.750000 0.433013 0.500000
vn -0.612372 0.612372 0.500000
vn -0.433013 0.750000 0.500000
vn -0.224144 0.836516 0.500000
vn 0.000000 0.866025 0.500000
vn 0.224144 0.836516 0.500000
vn 0.433013 0.750000 0.500000
vn 0.612372 0.612372 0.500000
vn 0.750000 0.433013 0.500000
vn 0.836516 0.224144 0.500000
vn 0.866025 -0.000000 0.500000
vn 0.836516 -0.224144 0.500000
vn 0.750000 -0.433013 0.500000
vn 0.612372 -0.612372 0.500000
vn 0.433013 -0.750000 0.500000
vn 0.224144 -0.836516 0.500000
vn 0.000000 -0.866025 0.500000
vn -0.224144 -0.836516 0.500000
vn -0.433013 -0.750000 0.500000
vn -0.612372 -0.612372 0.500000
vn -0.750000 -0.433013 0.500000
vn -0.836516 -0.224144 0.500000
vn -0.707107 0.000000 0.707107
vn -0.683013 0.183013 0.707107
vn -0.612372 0.353553 0.707107
vn -0.500000 0.500000 0.707107
vn -0.353553 0.612372 0.707107
vn -0.183013 0.683013 0.707107
vn 0.000000 0.707107 0.707107
vn 0.183013 0.683013 0.707107
vn 0.353553 0.612372 0.707107
vn 0.500000 0.500000 0.707107
vn 0.612372 0.353553 0.707107
vn 0.683013 0.183013 0.707107
vn 0.707107 -0.000000 0.707107
vn 0.683013 -0.183013 0.707107
vn 0.612372 -0.353553 0.707107
vn 0.500000 -0.500000 0.707107
vn 0.353553 -0.612372 0.707107
vn 0.183013 -0.683013 0.707107
vn 0.000000 -0.707107 0.707107
vn -0.183013 -0.683013 0.707107
vn -0.353553 -0.612372 0.707107
vn -0.500000 -0.500000 0.707107
vn -0.612372 -0.353553 0.707107
vn -0.683013 -0.183013 0.707107
vn -0.500000 0.000000 0.866025
vn -0.482963 0.129410 0.866025
vn -0.433013 0.250000 0.866025
vn -0.353553 0.353553 0.866025
vn -0.250000 0.433013 0.866025
vn -0.129410 0.482963 0.866025
vn 0.000000 0.500000 0.866025
vn 0.129410 0.482963 0.866025
vn 0.250000 0.433013 0.866025
vn 0.353553 0.353553 0.866025
vn 0.433013 0.250000 0.866025
vn 0.482963 0.129410 0.866025
vn 0.500000 -0.000000 0.866025
vn 0.482963 -0.129410 0.866025
vn 0.433013 -0.250000 0.866025
vn 0.353553 -0.353553 0.866025
vn 0.250000 -0.433013 0.866025
vn 0.129410 -0.482963 0.866025
vn 0.000000 -0.500000 0.866025
vn -0.129410 -0.482963 0.866025
vn -0.250000 -0.433013 0.866025
vn -0.353553 -0.353553 0.866025
vn -0.433013 -0.250000 0.866025
vn -0.482963 -0.129410 0.866025
vn 0.965926 0.258819 -0.000000
vn 1.000000 0.000000 -0.000000
vn 0.965926 -0.258819 -0.000000
vn 0.866025 -0.500000 -0.000000
vn 0.707107 -0.707107 -0.000000
vn 0.500000 -0.866025 -0.000000
vn 0.258819 -0.965926 -0.000000
vn -0.000000 -1.000000 0.000000
vn -0.258819 -0.965926 0.000000
vn -0.500000 -0.866025 0.000000
vn -0.707107 -0.707107 0.000000
vn -0.866025 -0.500000 0.000000
vn -0.965926 -0.258819 0.000000
vn -1.000000 -0.000000 0.000000
vn -0.965926 0.258819 -0.000000
vn -0.866025 0.500000 -0.000000
vn -0.707107 0.707107 -0.000000
vn -0.500000 0.866025 -0.000000
vn -0.258819 0.965926 -0.000000
vn -0.000000 1.000000 -0.000000
vn 0.258819 0.965926 -0.000000
vn 0.500000 0.866025 -0.000000
vn 0.707107 0.707107 -0.000000
vn 0.866025 0.500000 -0.000000
vn 0.965926 0.258819 -0.000000
vn 0.933013 0.250000 0.258819
vn 1.000000 0.000000 -0.000000
vn 0.965926 0.000000 0.258819
vn 0.965926 -0.258819 -0.000000
vn 0.933013 -0.250000 0.258819
vn 0.866025 -0.500000 -0.000000
vn 0.836516 -0.482963 0.258819
vn 0.707107 -0.707107 -0.000000
vn 0.683013 -0.683013 0.258819
vn 0.500000 -0.866025 -0.000000
vn 0.482963 -0.836516 0.258819
vn 0.258819 -0.965926 -0.000000
vn 0.250000 -0.933013 0.258819
vn 0.000000 -1.000000 -0.000000
vn 0.000000 -0.965926 0.258819
vn -0.258819 -0.965926 0.000000
vn -0.250000 -0.933013 0.258819
vn -0.500000 -0.866025 0.000000
vn -0.482963 -0.836516 0.258819
vn -0.707107 -0.707107 0.000000
vn -0.683013 -0.683013 0.258819
vn -0.866025 -0.500000 0.000000
vn -0.836516 -0.482963 0.258819
vn -0.965926 -0.258819 0.000000
vn -0.933013 -0.250000 0.258819
vn -1.000000 -0.000000 0.000000
vn -0.965926 -0.000000 0.258819
vn -0.965926 0.258819 -0.000000
vn -0.933013 0.250000 0.258819
vn -0.866025 0.500000 -0.000000
vn -0.836516 0.482963 0.258819
vn -0.707107 0.707107 -0.000000
vn -0.683013 0.683013 0.258819
vn -0.500000 0.866025 -0.000000
vn -0.482963 0.836516 0.258819
vn -0.258819 0.965926 -0.000000
vn -0.250000 0.933013 0.258819
vn 0.000000 1.000000 -0.000000
vn 0.000000 0.965926 0.258819
vn 0.258819 0.965926 -0.000000
vn 0.250000 0.933013 0.258819
vn 0.500000 0.866025 -0.000000
vn 0.482963 0.836516 0.258819
vn 0.707107 0.707107 -0.000000
vn 0.683013 0.683013 0.258819
vn 0.866025 0.500000 -0.000000
vn 0.836516 0.482963 0.258819
vn -0.000000 0.000000 1.000000
vn 0.250000 -0.066987 0.965926
vn 0.000000 -0.000000 1.000000
vn 0.258819 -0.000000 0.965926
vn -0.000000 -0.000000 1.000000
vn 0.250000 0.066987 0.965926
vn 0.000000 0.000000 1.000000
vn 0.224144 0.129410 0.965926
vn 0.000000 0.000000 1.000000
vn 0.183013 0.183013 0.965926
vn 0.000000 0.000000 1.000000
vn 0.129410 0.224144 0.965926
vn 0.000000 0.000000 1.000000
vn 0.066987 0.250000 0.965926
vn 0.000000 0.000000 1.000000
vn 0.000000 0.258819 0.965926
vn 0.000000 -0.000000 1.000000
vn -0.066987 0.250000 0.965926
vn -0.000000 0.000000 1.000000
vn -0.129410 0.224144 0.965926
vn -0.000000 0.000000 1.000000
vn -0.183013 0.183013 0.965926
vn -0.000000 0.000000 1.000000
vn -0.224144 0.129410 0.965926
vn -0.000000 0.000000 1.000000
vn -0.250000 0.066987 0.965926
vn -0.000000 0.000000 1.000000
vn -0.258819 0.000000 0.965926
vn -0.000000 -0.000000 1.000000
vn -0.250000 -0.066987 0.965926
vn -0.000000 -0.000000 1.000000
vn -0.224144 -0.129410 0.965926
vn -0.000000 -0.000000 1.000000
vn -0.183013 -0.183013 0.965926
vn -0.000000 -0.000000 1.000000
vn -0.129410 -0.224144 0.965926
vn -0.000000 -0.000000 1.000000
vn -0.066987 -0.250000 0.965926
vn 0.000000 -0.000000 1.000000
vn 0.000000 -0.258819 0.965926
vn 0.000000 -0.000000 1.000000
vn 0.066987 -0.250000 0.965926
vn 0.000000 -0.000000 1.000000
vn 0.129410 -0.224144 0.965926
vn -0.000000 0.000000 1.000000
vn 0.183013 -0.183013 0.965926
vn -0.000000 0.000000 1.000000
vn 0.224144 -0.129410 0.965926
vn -0.866025 0.000000 0.500000
vn -0.836516 0.224144 0.500000
vn -0.750000 0.433013 0.500000
vn -0.612372 0.612372 0.500000
vn -0.433013 0.750000 0.500000
vn -0.224144 0.836516 0.500000
vn 0.000000 0.866025 0.500000
vn 0.224144 0.836516 0.500000
vn 0.433013 0.750000 0.500000
vn 0.612372 0.612372 0.500000
vn 0.750000 0.433013 0.500000
vn 0.836516 0.224144 0.500000
vn 0.866025 0.000000 0.500000
vn 0.836516 -0.224144 0.500000
vn 0.750000 -0.433013 0.500000
vn 0.612372 -0.612372 0.500000
vn 0.433013 -0.750000 0.500000
vn 0.224144 -0.836516 0.500000
vn 0.000000 -0.866025 0.500000
vn -0.224144 -0.836516 0.500000
vn -0.433013 -0.750000 0.500000
vn -0.612372 -0.612372 0.500000
vn -0.750000 -0.433013 0.500000
vn -0.836516 -0.224144 0.500000
vn -0.707107 0.000000 0.707107
vn -0.683013 0.183013 0.707107
vn -0.612372 0.353553 0.707107
vn -0.500000 0.500000 0.707107
vn -0.353553 0.612372 0.707107
vn -0.183013 0.683013 0.707107
vn 0.000000 0.707107 0.707107
vn 0.183013 0.683013 0.707107
vn 0.353553 0.612372 0.707107
vn 0.500000 0.500000 0.707107
vn 0.612372 0.353553 0.707107
vn 0.683013 0.183013 0.707107
vn 0.707107 -0.000000 0.707107
vn 0.683013 -0.183013 0.707107
vn 0.612372 -0.353553 0.707107
vn 0.500000 -0.500000 0.707107
vn 0.353553 -0.612372 0.707107
vn 0.183013 -0.683013 0.707107
vn 0.000000 -0.707107 0.707107
vn -0.183013 -0.683013 0.707107
vn -0.353553 -0.612372 0.707107
vn -0.500000 -0.500000 0.707107
vn -0.612372 -0.353553 0.707107
vn -0.683013 -0.183013 0.707107
vn -0.500000 0.000000 0.866025
vn -0.482963 0.129410 0.866025
vn -0.433013 0.250000 0.866025
vn -0.353553 0.353553 0.866025
vn -0.250000 0.433013 0.866025
vn -0.129410 0.482963 0.866025
vn 0.000000 0.500000 0.866025
vn 0.129410 0.482963 0.866025
vn 0.250000 0.433013 0.866025
vn 0.353553 0.353553 0.866025
vn 0.433013 0.250000 0.866025
vn 0.482963 0.129410 0.866025
vn 0.500000 -0.000000 0.866025
vn 0.482963 -0.129410 0.866025
vn 0.433013 -0.250000 0.866025
vn 0.353553 -0.353553 0.866025
vn 0.250000 -0.433013 0.866025
vn 0.129410 -0.482963 0.866025
vn 0.000000 -0.500000 0.866025
vn -0.129410 -0.482963 0.866025
vn -0.250000 -0.433013 0.866025
vn -0.353553 -0.353553 0.866025
vn -0.433013 -0.250000 0.866025
vn -0.482963 -0.129410 0.866025
vn 0.965926 0.258819 -0.000000
vn 1.000000 0.000000 -0.000000
vn 0.965926 -0.258819 -0.000000
vn 0.866025 -0.500000 -0.000000
vn 0.707107 -0.707107 -0.000000
vn 0.500000 -0.866025 -0.000000
vn 0.258819 -0.965926 -0.000000
vn -0.000000 -1.000000 0.000000
vn -0.258819 -0.965926 0.000000
vn -0.500000 -0.866025 0.000000
vn -0.707107 -0.707107 0.000000
vn -0.866025 -0.500000 0.000000
vn -0.965926 -0.258819 0.000000
vn -1.000000 -0.000000 0.000000
vn -0.965926 0.258819 -0.000000
vn -0.866025 0.500000 -0.000000
vn -0.707107 0.707107 -0.000000
vn -0.500000 0.866025 -0.000000
vn -0.258819 0.965926 -0.000000
vn -0.000000 1.000000 -0.000000
vn 0.258819 0.965926 -0.000000
vn 0.500000 0.866025 -0.000000
vn 0.707107 0.707107 -0.000000
vn 0.866025 0.500000 -0.000000
vn 0.965926 -0.258819 0.000000
vn 0.965926 -0.258819 0.000000
vn 1.000000 -0.000000 0.000000
vn 1.000000 -0.000000 0.000000
vn 0.965926 0.258819 0.000000
vn 0.965926 0.258819 0.000000
vn 0.866025 0.500000 0.000000
vn 0.866025 0.500000 0.000000
vn 0.707107 0.707107 0.000000
vn 0.707107 0.707107 0.000000
vn 0.500000 0.866025 0.000000
vn 0.500000 0.866025 0.000000
vn 0.258819 0.965926 0.000000
vn 0.258819 0.965926 0.000000
vn -0.000000 1.000000 0.000000
vn -0.000000 1.000000 0.000000
vn -0.258819 0.965926 0.000000
vn -0.258819 0.965926 0.000000
vn -0.500000 0.866025 0.000000
vn -0.500000 0.866025 0.000000
vn -0.707107 0.707107 0.000000
vn -0.707107 0.707107 0.000000
vn -0.866025 0.500000 0.000000
vn -0.866025 0.500000 0.000000
vn -0.965926 0.258819 0.000000
vn -0.965926 0.258819 0.000000
vn -1.000000 -0.000000 -0.000000
vn -1.000000 -0.000000 -0.000000
vn -0.965926 -0.258819 -0.000000
vn -0.965926 -0.258819 -0.000000
vn -0.866025 -0.500000 -0.000000
vn -0.866025 -0.500000 -0.000000
vn -0.707107 -0.707107 -0.000000
vn -0.707107 -0.707107 -0.000000
vn -0.500000 -0.866025 -0.000000
vn -0.500000 -0.866025 -0.000000
vn -0.258819 -0.965926 -0.000000
vn -0.258819 -0.965926 -0.000000
vn -0.000000 -1.000000 -0.000000
vn -0.000000 -1.000000 -0.000000
vn 0.258819 -0.965926 0.000000
vn 0.258819 -0.965926 0.000000
vn 0.500000 -0.866025 0.000000
vn 0.500000 -0.866025 0.000000
vn 0.707107 -0.707107 0.000000
vn 0.707107 -0.707107 0.000000
vn 0.866025 -0.500000 0.000000
vn 0.866025 -0.500000 0.000000
vn -0.965926 -0.258819 -0.000000
vn -0.965926 -0.258819 -0.000000
vn -1.000000 -0.000000 -0.000000
vn -1.000000 -0.000000 -0.000000
vn -0.965926 0.258819 -0.000000
vn -0.965926 0.258819 -0.000000
vn -0.866025 0.500000 -0.000000
vn -0.866025 0.500000 -0.000000
vn -0.707107 0.707107 -0.000000
vn -0.707107 0.707107 -0.000000
vn -0.500000 0.866025 -0.000000
vn -0.500000 0.866025 -0.000000
vn -0.258819 0.965926 -0.000000
vn -0.258819 0.965926 -0.000000
vn 0.000000 1.000000 0.000000
vn 0.000000 1.000000 0.000000
vn 0.258819 0.965926 0.000000
vn 0.258819 0.965926 0.000000
vn 0.500000 0.866025 0.000000
vn 0.500000 0.866025 0.000000
vn 0.707107 0.707107 0.000000
vn 0.707107 0.707107 0.000000
vn 0.866025 0.500000 0.000000
vn 0.866025 0.500000 0.000000
vn 0.965926 0.258819 0.000000
vn 0.965926 0.258819 0.000000
vn 1.000000 0.000000 0.000000
vn 1.000000 0.000000 0.000000
vn 0.965926 -0.258819 -0.000000
vn 0.965926 -0.258819 -0.000000
vn 0.866025 -0.500000 -0.000000
vn 0.866025 -0.500000 -0.000000
vn 0.707107 -0.707107 -0.000000
vn 0.707107 -0.707107 -0.000000
vn 0.500000 -0.866025 -0.000000
vn 0.500000 -0.866025 -0.000000
vn 0.258819 -0.965926 -0.000000
vn 0.258819 -0.965926 -0.000000
vn 0.000000 -1.000000 -0.000000
vn 0.000000 -1.000000 -0.000000
vn -0.258819 -0.965926 -0.000000
vn -0.258819 -0.965926 -0.000000
vn -0.500000 -0.866025 -0.000000
vn -0.500000 -0.866025 -0.000000
vn -0.707107 -0.707107 -0.000000
vn -0.707107 -0.707107 -0.000000
vn -0.866025 -0.500000 -0.000000
vn -0.866025 -0.500000 -0.000000
vn 0.000000 0.000000 -1.000000
vn 0.000000 0.000000 -1.000000
vn 0.000000 0.000000 -1.000000
vn 0.000000 0.000000 -1.000000
vn 0.000000 0.000000 -1.000000
vn 0.000000 0.000000 -1.000000
vn 0.000000 0.000000 -1.000000
vn 0.000000 0.000000 -1.000000
vn 0.000000 0.000000 -1.000000
vn 0.000000 0.000000 -1.000000
vn 0.000000 0.000000 -1.000000
vn 0.000000 0.000000 -1.000000
vn 0.000000 0.000000 -1.000000
vn 0.000000 0.000000 -1.000000
vn 0.000000 0.000000 -1.000000
vn 0.000000 0.000000 -1.000000
vn 0.000000 0.000000 -1.000000
vn 0.000000 0.000000 -1.000000
vn 0.000000 0.000000 -1.000000
vn 0.000000 0.000000 -1.000000
vn 0.000000 0.000000 -1.000000
vn 0.000000 0.000000 -1.000000
vn 0.000000 0.000000 -1.000000
vn 0.000000 0.000000 -1.000000
vn 0.000000 0.000000 -1.000000
vn 0.000000 0.000000 -1.000000
vn 0.000000 0.000000 -1.000000
vn 0.000000 0.000000 -1.000000
vn 0.000000 0.000000 -1.000000
vn 0.000000 0.000000 -1.000000
vn 0.000000 0.000000 -1.000000
vn 0.000000 0.000000 -1.000000
vn 0.000000 0.000000 -1.000000
vn 0.000000 0.000000 -1.000000
vn 0.000000 0.000000 -1.000000
vn 0.000000 0.000000 -1.000000
vn 0.000000 0.000000 -1.000000
vn 0.000000 0.000000 -1.000000
vn 0.000000 0.000000 -1.000000
vn 0.000000 0.000000 -1.000000
vn 0.000000 0.000000 -1.000000
vn 0.000000 0.000000 -1.000000
vn 0.000000 0.000000 -1.000000
vn 0.000000 0.000000 -1.000000
vn 0.000000 0.000000 -1.000000
vn 0.000000 0.000000 -1.000000
vn 0.000000 0.000000 -1.000000
vn 0.000000 0.000000 -1.000000
vn -0.000000 -0.000000 -1.000000
vn -0.000000 -0.000000 -1.000000
vn -0.000000 -0.000000 -1.000000
vn -0.000000 -0.000000 -1.000000
vn -0.000000 -0.000000 -1.000000
vn -0.000000 -0.000000 -1.000000
vn -0.000000 -0.000000 -1.000000
vn -0.000000 -0.000000 -1.000000
vn -0.000000 -0.000000 -1.000000
vn -0.000000 -0.000000 -1.000000
vn -0.000000 -0.000000 -1.000000
vn -0.000000 -0.000000 -1.000000
vn -0.000000 -0.000000 -1.000000
vn -0.000000 -0.000000 -1.000000
vn -0.000000 -0.000000 -1.000000
vn -0.000000 -0.000000 -1.000000
vn -0.000000 -0.000000 -1.000000
vn -0.000000 -0.000000 -1.000000
vn -0.000000 -0.000000 -1.000000
vn -0.000000 -0.000000 -1.000000
vn -0.000000 -0.000000 -1.000000
vn -0.000000 -0.000000 -1.000000
vn -0.000000 -0.000000 -1.000000
vn -0.000000 -0.000000 -1.000000
vn -0.000000 -0.000000 -1.000000
vn -0.000000 -0.000000 -1.000000
vn -0.000000 -0.000000 -1.000000
vn -0.000000 -0.000000 -1.000000
vn -0.000000 -0.000000 -1.000000
vn -0.000000 -0.000000 -1.000000
vn -0.000000 -0.000000 -1.000000
vn -0.000000 -0.000000 -1.000000
vn -0.000000 -0.000000 -1.000000
vn -0.000000 -0.000000 -1.000000
vn -0.000000 -0.000000 -1.000000
vn -0.000000 -0.000000 -1.000000
vn -0.000000 -0.000000 -1.000000
vn -0.000000 -0.000000 -1.000000
vn -0.000000 -0.000000 -1.000000
vn -0.000000 -0.000000 -1.000000
vn -0.000000 -0.000000 -1.000000
vn -0.000000 -0.000000 -1.000000
vn -0.000000 -0.000000 -1.000000
vn -0.000000 -0.000000 -1.000000
vn -0.000000 -0.000000 -1.000000
vn -0.000000 -0.000000 -1.000000
vn -0.000000 -0.000000 -1.000000
vn -0.000000 -0.000000 -1.000000
vn -0.000000 -0.000000 -1.000000
vn -0.000000 -0.000000 -1.000000
vn -0.000000 -0.000000 -1.000000
vn -0.000000 -0.000000 -1.000000
vn -0.000000 -0.000000 -1.000000
vn -0.000000 -0.000000 -1.000000
vn -0.000000 -0.000000 -1.000000
vn -0.000000 -0.000000 -1.000000
vn -0.000000 -0.000000 -1.000000
vn -0.000000 -0.000000 -1.000000
vn -0.000000 -0.000000 -1.000000
vn -0.000000 -0.000000 -1.000000
vn -0.000000 -0.000000 -1.000000
vn -0.000000 -0.000000 -1.000000
vn -0.000000 -0.000000 -1.000000
vn -0.000000 -0.000000 -1.000000
vn -0.000000 -0.000000 -1.000000
vn -0.000000 -0.000000 -1.000000
vn -0.000000 -0.000000 -1.000000
vn -0.000000 -0.000000 -1.000000
vn -0.000000 -0.000000 -1.000000
vn -0.000000 -0.000000 -1.000000
vn -0.000000 -0.000000 -1.000000
vn -0.000000 -0.000000 -1.000000
vn -0.000000 -0.000000 -1.000000
vn -0.000000 -0.000000 -1.000000
vn -0.000000 -0.000000 -1.000000
vn -0.000000 -0.000000 -1.000000
vn -0.000000 -0.000000 -1.000000
vn -0.000000 -0.000000 -1.000000
vn -0.000000 -0.000000 -1.000000
vn -0.000000 -0.000000 -1.000000
vn -0.000000 -0.000000 -1.000000
vn -0.000000 -0.000000 -1.000000
vn -0.000000 -0.000000 -1.000000
vn -0.000000 -0.000000 -1.000000
vn -0.000000 -0.000000 -1.000000
vn -0.000000 -0.000000 -1.000000
vn -0.000000 -0.000000 -1.000000
vn -0.000000 -0.000000 -1.000000
vn -0.000000 -0.000000 -1.000000
vn -0.000000 -0.000000 -1.000000
vn -0.000000 -0.000000 -1.000000
vn -0.000000 -0.000000 -1.000000
vn -0.000000 -0.000000 -1.000000
vn -0.000000 -0.000000 -1.000000
vn -0.000000 -0.000000 -1.000000
vn -0.000000 -0.000000 -1.000000
vn -0.000000 -0.000000 -1.000000
vn -0.000000 -0.000000 -1.000000
vn -0.000000 -0.000000 -1.000000
vn -0.000000 -0.000000 -1.000000
vn -0.000000 -0.000000 -1.000000
vn -0.000000 -0.000000 -1.000000
vn -0.000000 -0.000000 -1.000000
vn -0.000000 -0.000000 -1.000000
vn -0.000000 -0.000000 -1.000000
vn -0.000000 -0.000000 -1.000000
vn -0.000000 -0.000000 -1.000000
vn -0.000000 -0.000000 -1.000000
vn -0.000000 -0.000000 -1.000000
vn -0.000000 -0.000000 -1.000000
vn -0.000000 -0.000000 -1.000000
vn -0.000000 -0.000000 -1.000000
vn -0.000000 -0.000000 -1.000000
vn -0.000000 -0.000000 -1.000000
vn -0.000000 -0.000000 -1.000000
vn -0.000000 -0.000000 -1.000000
vn -0.000000 -0.000000 -1.000000
vn -0.000000 -0.000000 -1.000000
vn -0.000000 -0.000000 -1.000000
vn -0.000000 -0.000000 -1.000000
vn -0.000000 -0.000000 -1.000000
vn -0.000000 -0.000000 -1.000000
vn -0.000000 -0.000000 -1.000000
vn -0.000000 -0.000000 -1.000000
vn -0.000000 -0.000000 -1.000000
vn -0.000000 -0.000000 -1.000000
vn -0.000000 -0.000000 -1.000000
vn -0.000000 -0.000000 -1.000000
vn -0.000000 -0.000000 -1.000000
vn -0.000000 -0.000000 -1.000000
vn -0.000000 -0.000000 -1.000000
vn -0.000000 -0.000000 -1.000000
vn -0.000000 -0.000000 -1.000000
vn -0.000000 -0.000000 -1.000000
vn -0.000000 -0.000000 -1.000000
vn -0.000000 -0.000000 -1.000000
vn -0.000000 -0.000000 -1.000000
vn -0.000000 -0.000000 -1.000000
vn -0.000000 -0.000000 -1.000000
vn -0.000000 -0.000000 -1.000000
vn -0.000000 -0.000000 -1.000000
vn -0.000000 -0.000000 -1.000000
vn -0.000000 -0.000000 -1.000000
vn -0.000000 -0.000000 -1.000000
vn -0.000000 -0.000000 -1.000000
vn -0.000000 -0.000000 -1.000000
vn -0.000000 -0.000000 -1.000000
vn -0.000000 -0.000000 -1.000000
vn -0.000000 -0.000000 -1.000000
vn -0.000000 -0.000000 -1.000000
vn -0.000000 -0.000000 -1.000000
vn -0.000000 -0.000000 -1.000000
vn -0.000000 -0.000000 -1.000000
vn -0.000000 -0.000000 -1.000000
vn -0.000000 -0.000000 -1.000000
vn -0.000000 -0.000000 -1.000000
vn -0.000000 -0.000000 -1.000000
vn -0.000000 -0.000000 -1.000000
vn -0.000000 -0.000000 -1.000000
vn -0.000000 -0.000000 -1.000000
vn -0.000000 -0.000000 -1.000000
vn -0.000000 -0.000000 -1.000000
vn -0.000000 -0.000000 -1.000000
vn -0.000000 -0.000000 -1.000000
vn -0.000000 -0.000000 -1.000000
vn -0.000000 -0.000000 -1.000000
vn -0.000000 -0.000000 -1.000000
vn -0.000000 -0.000000 -1.000000
vn -0.000000 -0.000000 -1.000000
vn -0.000000 -0.000000 -1.000000
vn -0.000000 -0.000000 -1.000000
vn -0.000000 -0.000000 -1.000000
vn -0.000000 -0.000000 -1.000000
vn -0.000000 -0.000000 -1.000000
vn -0.000000 -0.000000 -1.000000
vn -0.000000 -0.000000 -1.000000
vn -0.000000 -0.000000 -1.000000
vn -0.000000 -0.000000 -1.000000
vn -0.000000 -0.000000 -1.000000
vn -0.000000 -0.000000 -1.000000
vn -0.000000 -0.000000 -1.000000
vn -0.000000 -0.000000 -1.000000
vn -0.000000 -0.000000 -1.000000
vn -0.000000 -0.000000 -1.000000
vn -0.000000 -0.000000 -1.000000
vn -0.000000 -0.000000 -1.000000
vn -0.000000 -0.000000 -1.000000
vn -0.000000 -0.000000 -1.000000
vn -0.000000 -0.000000 -1.000000
vn -0.000000 -0.000000 -1.000000
vn -0.000000 -0.000000 -1.000000
vn -0.000000 -0.000000 -1.000000
vn -0.000000 -0.000000 -1.000000
vn -0.000000 -0.000000 -1.000000
vn -0.000000 -0.000000 -1.000000
vn -0.000000 -0.000000 -1.000000
vn -0.000000 -0.000000 -1.000000
vn -0.000000 -0.000000 -1.000000
vn -0.000000 -0.000000 -1.000000
vn -0.000000 -0.000000 -1.000000
vn -0.000000 -0.000000 -1.000000
vn -0.000000 -0.000000 -1.000000
vn -0.000000 -0.000000 -1.000000
vn -0.000000 -0.000000 -1.000000
vn -0.000000 -0.000000 -1.000000
vn -0.000000 -0.000000 -1.000000
vn -0.000000 -0.000000 -1.000000
vn -0.000000 -0.000000 -1.000000
vn -0.000000 -0.000000 -1.000000
vn -0.000000 -0.000000 -1.000000
vn -0.000000 -0.000000 -1.000000
vn -0.000000 -0.000000 -1.000000
vn -0.000000 -0.000000 -1.000000
vn -0.000000 -0.000000 -1.000000
vn -0.000000 -0.000000 -1.000000
vn -0.000000 -0.000000 -1.000000
vn -0.000000 -0.000000 -1.000000
vn -0.000000 -0.000000 -1.000000
vn -0.000000 -0.000000 -1.000000
vn -0.000000 -0.000000 -1.000000
vn -0.000000 -0.000000 -1.000000
vn -0.000000 -0.000000 -1.000000
vn -0.000000 -0.000000 -1.000000
vn -0.000000 -0.000000 -1.000000
vn -0.000000 -0.000000 -1.000000
vn -0.000000 -0.000000 -1.000000
vn -0.000000 -0.000000 -1.000000
vn -0.000000 -0.000000 -1.000000
vn -0.000000 -0.000000 -1.000000
vn -0.000000 -0.000000 -1.000000
vn -0.000000 -0.000000 -1.000000
vn -0.000000 -0.000000 -1.000000
vn -0.000000 -0.000000 -1.000000
vn -0.000000 -0.000000 -1.000000
vn -0.000000 -0.000000 -1.000000
vn -0.000000 -0.000000 -1.000000
vn -0.000000 -0.000000 -1.000000
vn -0.000000 -0.000000 -1.000000
vn -0.000000 -0.000000 -1.000000
vn -0.000000 -0.000000 -1.000000
vn -0.000000 -0.000000 -1.000000
vn -0.000000 -0.000000 -1.000000
vn -0.000000 -0.000000 -1.000000
vn -0.000000 -0.000000 -1.000000
vn -0.000000 -0.000000 -1.000000
vn -0.000000 -0.000000 -1.000000
vn -0.000000 -0.000000 -1.000000
vn -0.000000 -0.000000 -1.000000
vn -0.000000 -0.000000 -1.000000
vn -0.000000 -0.000000 -1.000000
vn -0.000000 -0.000000 -1.000000
vn -0.000000 -0.000000 -1.000000
vn -0.000000 -0.000000 -1.000000
vn -0.000000 -0.000000 -1.000000
vn -0.000000 -0.000000 -1.000000
vn -0.000000 -0.000000 -1.000000
vn -0.000000 -0.000000 -1.000000
vn -0.000000 -0.000000 -1.000000
vn -0.000000 -0.000000 -1.000000
vn -0.000000 -0.000000 -1.000000
vn -0.000000 -0.000000 -1.000000
vn -0.000000 -0.000000 -1.000000
vn -0.000000 -0.000000 -1.000000
vn -0.000000 -0.000000 -1.000000
vn -0.000000 -0.000000 -1.000000
vn -0.000000 -0.000000 -1.000000
vn -0.000000 -0.000000 -1.000000
vn -0.000000 -0.000000 -1.000000
vn 0.965926 -0.258819 0.000000
vn 0.965926 -0.258819 0.000000
vn 1.000000 -0.000000 0.000000
vn 1.000000 -0.000000 0.000000
vn 0.965926 0.258819 0.000000
vn 0.965926 0.258819 0.000000
vn 0.866025 0.500000 0.000000
vn 0.866025 0.500000 0.000000
vn 0.707107 0.707107 0.000000
vn 0.707107 0.707107 0.000000
vn 0.500000 0.866025 0.000000
vn 0.500000 0.866025 0.000000
vn 0.258819 0.965926 0.000000
vn 0.258819 0.965926 0.000000
vn -0.000000 1.000000 0.000000
vn -0.000000 1.000000 0.000000
vn -0.258819 0.965926 0.000000
vn -0.258819 0.965926 0.000000
vn -0.500000 0.866025 0.000000
vn -0.500000 0.866025 0.000000
vn -0.707107 0.707107 0.000000
vn -0.707107 0.707107 0.000000
vn -0.866025 0.500000 0.000000
vn -0.866025 0.500000 0.000000
vn -0.965926 0.258819 0.000000
vn -0.965926 0.258819 0.000000
vn -1.000000 -0.000000 -0.000000
vn -1.000000 -0.000000 -0.000000
vn -0.965926 -0.258819 -0.000000
vn -0.965926 -0.258819 -0.000000
vn -0.866025 -0.500000 -0.000000
vn -0.866025 -0.500000 -0.000000
vn -0.707107 -0.707107 -0.000000
vn -0.707107 -0.707107 -0.000000
vn -0.500000 -0.866025 -0.000000
vn -0.500000 -0.866025 -0.000000
vn -0.258819 -0.965926 -0.000000
vn -0.258819 -0.965926 -0.000000
vn -0.000000 -1.000000 -0.000000
vn -0.000000 -1.000000 -0.000000
vn 0.258819 -0.965926 0.000000
vn 0.258819 -0.965926 0.000000
vn 0.500000 -0.866025 0.000000
vn 0.500000 -0.866025 0.000000
vn 0.707107 -0.707107 0.000000
vn 0.707107 -0.707107 0.000000
vn 0.866025 -0.500000 0.000000
vn 0.866025 -0.500000 0.000000
vn -0.965926 -0.258819 -0.000000
vn -0.965926 -0.258819 -0.000000
vn -1.000000 -0.000000 -0.000000
vn -1.000000 -0.000000 -0.000000
vn -0.965926 0.258819 -0.000000
vn -0.965926 0.258819 -0.000000
vn -0.866025 0.500000 -0.000000
vn -0.866025 0.500000 -0.000000
vn -0.707107 0.707107 -0.000000
vn -0.707107 0.707107 -0.000000
vn -0.500000 0.866025 -0.000000
vn -0.500000 0.866025 -0.000000
vn -0.258819 0.965926 -0.000000
vn -0.258819 0.965926 -0.000000
vn 0.000000 1.000000 0.000000
vn 0.000000 1.000000 0.000000
vn 0.258819 0.965926 0.000000
vn 0.258819 0.965926 0.000000
vn 0.500000 0.866025 0.000000
vn 0.500000 0.866025 0.000000
vn 0.707107 0.707107 0.000000
vn 0.707107 0.707107 0.000000
vn 0.866025 0.500000 0.000000
vn 0.866025 0.500000 0.000000
vn 0.965926 0.258819 0.000000
vn 0.965926 0.258819 0.000000
vn 1.000000 0.000000 0.000000
vn 1.000000 0.000000 0.000000
vn 0.965926 -0.258819 -0.000000
vn 0.965926 -0.258819 -0.000000
vn 0.866025 -0.500000 -0.000000
vn 0.866025 -0.500000 -0.000000
vn 0.707107 -0.707107 -0.000000
vn 0.707107 -0.707107 -0.000000
vn 0.500000 -0.866025 -0.000000
vn 0.500000 -0.866025 -0.000000
vn 0.258819 -0.965926 -0.000000
vn 0.258819 -0.965926 -0.000000
vn 0.000000 -1.000000 -0.000000
vn 0.000000 -1.000000 -0.000000
vn -0.258819 -0.965926 -0.000000
vn -0.258819 -0.965926 -0.000000
vn -0.500000 -0.866025 -0.000000
vn -0.500000 -0.866025 -0.000000
vn -0.707107 -0.707107 -0.000000
vn -0.707107 -0.707107 -0.000000
vn -0.866025 -0.500000 -0.000000
vn -0.866025 -0.500000 -0.000000
vn 0.000000 0.000000 -1.000000
vn 0.000000 0.000000 -1.000000
vn 0.000000 0.000000 -1.000000
vn 0.000000 0.000000 -1.000000
vn 0.000000 0.000000 -1.000000
vn 0.000000 0.000000 -1.000000
vn 0.000000 0.000000 -1.000000
vn 0.000000 0.000000 -1.000000
vn 0.000000 0.000000 -1.000000
vn 0.000000 0.000000 -1.000000
vn 0.000000 0.000000 -1.000000
vn 0.000000 0.000000 -1.000000
vn 0.000000 0.000000 -1.000000
vn 0.000000 0.000000 -1.000000
vn 0.000000 0.000000 -1.000000
vn 0.000000 0.000000 -1.000000
vn 0.000000 0.000000 -1.000000
vn 0.000000 0.000000 -1.000000
vn 0.000000 0.000000 -1.000000
vn 0.000000 0.000000 -1.000000
vn 0.000000 0.000000 -1.000000
vn 0.000000 0.000000 -1.000000
vn 0.000000 0.000000 -1.000000
vn 0.000000 0.000000 -1.000000
vn 0.000000 0.000000 -1.000000
vn 0.000000 0.000000 -1.000000
vn 0.000000 0.000000 -1.000000
vn 0.000000 0.000000 -1.000000
vn 0.000000 0.000000 -1.000000
vn 0.000000 0.000000 -1.000000
vn 0.000000 0.000000 -1.000000
vn 0.000000 0.000000 -1.000000
vn 0.000000 0.000000 -1.000000
vn 0.000000 0.000000 -1.000000
vn 0.000000 0.000000 -1.000000
vn 0.000000 0.000000 -1.000000
vn 0.000000 0.000000 -1.000000
vn 0.000000 0.000000 -1.000000
vn 0.000000 0.000000 -1.000000
vn 0.000000 0.000000 -1.000000
vn 0.000000 0.000000 -1.000000
vn 0.000000 0.000000 -1.000000
vn 0.000000 0.000000 -1.000000
vn 0.000000 0.000000 -1.000000
vn 0.000000 0.000000 -1.000000
vn 0.000000 0.000000 -1.000000
vn 0.000000 0.000000 -1.000000
vn 0.000000 0.000000 -1.000000
vn -0.000000 -0.000000 -1.000000
vn -0.000000 -0.000000 -1.000000
vn -0.000000 -0.000000 -1.000000
vn -0.000000 -0.000000 -1.000000
vn -0.000000 -0.000000 -1.000000
vn -0.000000 -0.000000 -1.000000
vn -0.000000 -0.000000 -1.000000
vn -0.000000 -0.000000 -1.000000
vn -0.000000 -0.000000 -1.000000
vn -0.000000 -0.000000 -1.000000
vn -0.000000 -0.000000 -1.000000
vn -0.000000 -0.000000 -1.000000
vn -0.000000 -0.000000 -1.000000
vn -0.000000 -0.000000 -1.000000
vn -0.000000 -0.000000 -1.000000
vn -0.000000 -0.000000 -1.000000
vn -0.000000 -0.000000 -1.000000
vn -0.000000 -0.000000 -1.000000
vn -0.000000 -0.000000 -1.000000
vn -0.000000 -0.000000 -1.000000
vn -0.000000 -0.000000 -1.000000
vn -0.000000 -0.000000 -1.000000
vn -0.000000 -0.000000 -1.000000
vn -0.000000 -0.000000 -1.000000
vn 0.965926 -0.258819 0.000000
vn 0.965926 -0.258819 0.000000
vn 1.000000 -0.000000 0.000000
vn 1.000000 -0.000000 0.000000
vn 0.965926 0.258819 0.000000
vn 0.965926 0.258819 0.000000
vn 0.866025 0.500000 0.000000
vn 0.866025 0.500000 0.000000
vn 0.707107 0.707107 0.000000
vn 0.707107 0.707107 0.000000
vn 0.500000 0.866025 0.000000
vn 0.500000 0.866025 0.000000
vn 0.258819 0.965926 0.000000
vn 0.258819 0.965926 0.000000
vn -0.000000 1.000000 0.000000
vn -0.000000 1.000000 0.000000
vn -0.258819 0.965926 0.000000
vn -0.258819 0.965926 0.000000
vn -0.500000 0.866025 0.000000
vn -0.500000 0.866025 0.000000
vn -0.707107 0.707107 0.000000
vn -0.707107 0.707107 0.000000
vn -0.866025 0.500000 0.000000
vn -0.866025 0.500000 0.000000
vn -0.965926 0.258819 0.000000
vn -0.965926 0.258819 0.000000
vn -1.000000 -0.000000 -0.000000
vn -1.000000 -0.000000 -0.000000
vn -0.965926 -0.258819 -0.000000
vn -0.965926 -0.258819 -0.000000
vn -0.866025 -0.500000 -0.000000
vn -0.866025 -0.500000 -0.000000
vn -0.707107 -0.707107 -0.000000
vn -0.707107 -0.707107 -0.000000
vn -0.500000 -0.866025 -0.000000
vn -0.500000 -0.866025 -0.000000
vn -0.258819 -0.965926 -0.000000
vn -0.258819 -0.965926 -0.000000
vn -0.000000 -1.000000 -0.000000
vn -0.000000 -1.000000 -0.000000
vn 0.258819 -0.965926 0.000000
vn 0.258819 -0.965926 0.000000
vn 0.500000 -0.866025 0.000000
vn 0.500000 -0.866025 0.000000
vn 0.707107 -0.707107 0.000000
vn 0.707107 -0.707107 0.000000
vn 0.866025 -0.500000 0.000000
vn 0.866025 -0.500000 0.000000
vn -0.965926 -0.258819 -0.000000
vn -0.965926 -0.258819 -0.000000
vn -1.000000 -0.000000 -0.000000
vn -1.000000 -0.000000 -0.000000
vn -0.965926 0.258819 -0.000000
vn -0.965926 0.258819 -0.000000
vn -0.866025 0.500000 -0.000000
vn -0.866025 0.500000 -0.000000
vn -0.707107 0.707107 -0.000000
vn -0.707107 0.707107 -0.000000
vn -0.500000 0.866025 -0.000000
vn -0.500000 0.866025 -0.000000
vn -0.258819 0.965926 -0.000000
vn -0.258819 0.965926 -0.000000
vn 0.000000 1.000000 0.000000
vn 0.000000 1.000000 0.000000
vn 0.258819 0.965926 0.000000
vn 0.258819 0.965926 0.000000
vn 0.500000 0.866025 0.000000
vn 0.500000 0.866025 0.000000
vn 0.707107 0.707107 0.000000
vn 0.707107 0.707107 0.000000
vn 0.866025 0.500000 0.000000
vn 0.866025 0.500000 0.000000
vn 0.965926 0.258819 0.000000
vn 0.965926 0.258819 0.000000
vn 1.000000 0.000000 0.000000
vn 1.000000 0.000000 0.000000
vn 0.965926 -0.258819 -0.000000
vn 0.965926 -0.258819 -0.000000
vn 0.866025 -0.500000 -0.000000
vn 0.866025 -0.500000 -0.000000
vn 0.707107 -0.707107 -0.000000
vn 0.707107 -0.707107 -0.000000
vn 0.500000 -0.866025 -0.000000
vn 0.500000 -0.866025 -0.000000
vn 0.258819 -0.965926 -0.000000
vn 0.258819 -0.965926 -0.000000
vn 0.000000 -1.000000 -0.000000
vn 0.000000 -1.000000 -0.000000
vn -0.258819 -0.965926 -0.000000
vn -0.258819 -0.965926 -0.000000
vn -0.500000 -0.866025 -0.000000
vn -0.500000 -0.866025 -0.000000
vn -0.707107 -0.707107 -0.000000
vn -0.707107 -0.707107 -0.000000
vn -0.866025 -0.500000 -0.000000
vn -0.866025 -0.500000 -0.000000
vn 0.000000 0.000000 -1.000000
vn 0.000000 0.000000 -1.000000
vn 0.000000 0.000000 -1.000000
vn 0.000000 0.000000 -1.000000
vn 0.000000 0.000000 -1.000000
vn 0.000000 0.000000 -1.000000
vn 0.000000 0.000000 -1.000000
vn 0.000000 0.000000 -1.000000
vn 0.000000 0.000000 -1.000000
vn 0.000000 0.000000 -1.000000
vn 0.000000 0.000000 -1.000000
vn 0.000000 0.000000 -1.000000
vn 0.000000 0.000000 -1.000000
vn 0.000000 0.000000 -1.000000
vn 0.000000 0.000000 -1.000000
vn 0.000000 0.000000 -1.000000
vn 0.000000 0.000000 -1.000000
vn 0.000000 0.000000 -1.000000
vn 0.000000 0.000000 -1.000000
vn 0.000000 0.000000 -1.000000
vn 0.000000 0.000000 -1.000000
vn 0.000000 0.000000 -1.000000
vn 0.000000 0.000000 -1.000000
vn 0.000000 0.000000 -1.000000
vn 0.000000 0.000000 -1.000000
vn 0.000000 0.000000 -1.000000
vn 0.000000 0.000000 -1.000000
vn 0.000000 0.000000 -1.000000
vn 0.000000 0.000000 -1.000000
vn 0.000000 0.000000 -1.000000
vn 0.000000 0.000000 -1.000000
vn 0.000000 0.000000 -1.000000
vn 0.000000 0.000000 -1.000000
vn 0.000000 0.000000 -1.000000
vn 0.000000 0.000000 -1.000000
vn 0.000000 0.000000 -1.000000
vn 0.000000 0.000000 -1.000000
vn 0.000000 0.000000 -1.000000
vn 0.000000 0.000000 -1.000000
vn 0.000000 0.000000 -1.000000
vn 0.000000 0.000000 -1.000000
vn 0.000000 0.000000 -1.000000
vn 0.000000 0.000000 -1.000000
vn 0.000000 0.000000 -1.000000
vn 0.000000 0.000000 -1.000000
vn 0.000000 0.000000 -1.000000
vn 0.000000 0.000000 -1.000000
vn 0.000000 0.000000 -1.000000
vn -0.000000 -0.000000 -1.000000
vn -0.000000 -0.000000 -1.000000
vn -0.000000 -0.000000 -1.000000
vn -0.000000 -0.000000 -1.000000
vn -0.000000 -0.000000 -1.000000
vn -0.000000 -0.000000 -1.000000
vn -0.000000 -0.000000 -1.000000
vn -0.000000 -0.000000 -1.000000
vn -0.000000 -0.000000 -1.000000
vn -0.000000 -0.000000 -1.000000
vn -0.000000 -0.000000 -1.000000
vn -0.000000 -0.000000 -1.000000
vn -0.000000 -0.000000 -1.000000
vn -0.000000 -0.000000 -1.000000
vn -0.000000 -0.000000 -1.000000
vn -0.000000 -0.000000 -1.000000
vn -0.000000 -0.000000 -1.000000
vn -0.000000 -0.000000 -1.000000
vn -0.000000 -0.000000 -1.000000
vn -0.000000 -0.000000 -1.000000
vn -0.000000 -0.000000 -1.000000
vn -0.000000 -0.000000 -1.000000
vn -0.000000 -0.000000 -1.000000
vn -0.000000 -0.000000 -1.000000
vn -0.965926 -0.258819 0.000000
vn -0.965926 -0.258819 0.000000
vn -1.000000 -0.000000 0.000000
vn -1.000000 -0.000000 0.000000
vn -0.965926 0.258819 0.000000
vn -0.965926 0.258819 0.000000
vn -0.866025 0.500000 0.000000
vn -0.866025 0.500000 0.000000
vn -0.707107 0.707107 0.000000
vn -0.707107 0.707107 0.000000
vn -0.500000 0.866025 0.000000
vn -0.500000 0.866025 0.000000
vn -0.258819 0.965926 0.000000
vn -0.258819 0.965926 0.000000
vn 0.000000 1.000000 -0.000000
vn 0.000000 1.000000 -0.000000
vn 0.258819 0.965926 -0.000000
vn 0.258819 0.965926 -0.000000
vn 0.500000 0.866025 -0.000000
vn 0.500000 0.866025 -0.000000
vn 0.707107 0.707107 -0.000000
vn 0.707107 0.707107 -0.000000
vn 0.866025 0.500000 -0.000000
vn 0.866025 0.500000 -0.000000
vn 0.965926 0.258819 -0.000000
vn 0.965926 0.258819 -0.000000
vn 1.000000 0.000000 -0.000000
vn 1.000000 0.000000 -0.000000
vn 0.965926 -0.258819 0.000000
vn 0.965926 -0.258819 0.000000
vn 0.866025 -0.500000 0.000000
vn 0.866025 -0.500000 0.000000
vn 0.707107 -0.707107 0.000000
vn 0.707107 -0.707107 0.000000
vn 0.500000 -0.866025 0.000000
vn 0.500000 -0.866025 0.000000
vn 0.258819 -0.965926 0.000000
vn 0.258819 -0.965926 0.000000
vn 0.000000 -1.000000 0.000000
vn 0.000000 -1.000000 0.000000
vn -0.258819 -0.965926 0.000000
vn -0.258819 -0.965926 0.000000
vn -0.500000 -0.866025 0.000000
vn -0.500000 -0.866025 0.000000
vn -0.707107 -0.707107 0.000000
vn -0.707107 -0.707107 0.000000
vn -0.866025 -0.500000 0.000000
vn -0.866025 -0.500000 0.000000
vn -0.000000 -0.000000 -1.000000
vn -0.000000 -0.000000 -1.000000
vn -0.000000 -0.000000 -1.000000
vn -0.000000 -0.000000 -1.000000
vn -0.000000 -0.000000 -1.000000
vn -0.000000 -0.000000 -1.000000
vn -0.000000 -0.000000 -1.000000
vn -0.000000 -0.000000 -1.000000
vn -0.000000 -0.000000 -1.000000
vn -0.000000 -0.000000 -1.000000
vn -0.000000 -0.000000 -1.000000
vn -0.000000 -0.000000 -1.000000
vn -0.000000 -0.000000 -1.000000
vn -0.000000 -0.000000 -1.000000
vn -0.000000 -0.000000 -1.000000
vn -0.000000 -0.000000 -1.000000
vn -0.000000 -0.000000 -1.000000
vn -0.000000 -0.000000 -1.000000
vn -0.000000 -0.000000 -1.000000
vn -0.000000 -0.000000 -1.000000
vn -0.000000 -0.000000 -1.000000
vn -0.000000 -0.000000 -1.000000
vn -0.000000 -0.000000 -1.000000
vn -0.000000 -0.000000 -1.000000
vn -0.965926 -0.258819 0.000000
vn -0.965926 -0.258819 0.000000
vn -1.000000 -0.000000 0.000000
vn -1.000000 -0.000000 0.000000
vn -0.965926 0.258819 0.000000
vn -0.965926 0.258819 0.000000
vn -0.866025 0.500000 0.000000
vn -0.866025 0.500000 0.000000
vn -0.707107 0.707107 0.000000
vn -0.707107 0.707107 0.000000
vn -0.500000 0.866025 0.000000
vn -0.500000 0.866025 0.000000
vn -0.258819 0.965926 0.000000
vn -0.258819 0.965926 0.000000
vn 0.000000 1.000000 -0.000000
vn 0.000000 1.000000 -0.000000
vn 0.258819 0.965926 -0.000000
vn 0.258819 0.965926 -0.000000
vn 0.500000 0.866025 -0.000000
vn 0.500000 0.866025 -0.000000
vn 0.707107 0.707107 -0.000000
vn 0.707107 0.707107 -0.000000
vn 0.866025 0.500000 -0.000000
vn 0.866025 0.500000 -0.000000
vn 0.965926 0.258819 -0.000000
vn 0.965926 0.258819 -0.000000
vn 1.000000 0.000000 -0.000000
vn 1.000000 0.000000 -0.000000
vn 0.965926 -0.258819 0.000000
vn 0.965926 -0.258819 0.000000
vn 0.866025 -0.500000 0.000000
vn 0.866025 -0.500000 0.000000
vn 0.707107 -0.707107 0.000000
vn 0.707107 -0.707107 0.000000
vn 0.500000 -0.866025 0.000000
vn 0.500000 -0.866025 0.000000
vn 0.258819 -0.965926 0.000000
vn 0.258819 -0.965926 0.000000
vn 0.000000 -1.000000 0.000000
vn 0.000000 -1.000000 0.000000
vn -0.258819 -0.965926 0.000000
vn -0.258819 -0.965926 0.000000
vn -0.500000 -0.866025 0.000000
vn -0.500000 -0.866025 0.000000
vn -0.707107 -0.707107 0.000000
vn -0.707107 -0.707107 0.000000
vn -0.866025 -0.500000 0.000000
vn -0.866025 -0.500000 0.000000
vn -0.000000 -0.000000 -1.000000
vn -0.000000 -0.000000 -1.000000
vn -0.000000 -0.000000 -1.000000
vn -0.000000 -0.000000 -1.000000
vn -0.000000 -0.000000 -1.000000
vn -0.000000 -0.000000 -1.000000
vn -0.000000 -0.000000 -1.000000
vn -0.000000 -0.000000 -1.000000
vn -0.000000 -0.000000 -1.000000
vn -0.000000 -0.000000 -1.000000
vn -0.000000 -0.000000 -1.000000
vn -0.000000 -0.000000 -1.000000
vn -0.000000 -0.000000 -1.000000
vn -0.000000 -0.000000 -1.000000
vn -0.000000 -0.000000 -1.000000
vn -0.000000 -0.000000 -1.000000
vn -0.000000 -0.000000 -1.000000
vn -0.000000 -0.000000 -1.000000
vn -0.000000 -0.000000 -1.000000
vn -0.000000 -0.000000 -1.000000
vn -0.000000 -0.000000 -1.000000
vn -0.000000 -0.000000 -1.000000
vn -0.000000 -0.000000 -1.000000
vn -0.000000 -0.000000 -1.000000
vn -0.965926 -0.258819 0.000000
vn -0.965926 -0.258819 0.000000
vn -1.000000 -0.000000 0.000000
vn -1.000000 -0.000000 0.000000
vn -0.965926 0.258819 0.000000
vn -0.965926 0.258819 0.000000
vn -0.866025 0.500000 0.000000
vn -0.866025 0.500000 0.000000
vn -0.707107 0.707107 0.000000
vn -0.707107 0.707107 0.000000
vn -0.500000 0.866025 0.000000
vn -0.500000 0.866025 0.000000
vn -0.258819 0.965926 0.000000
vn -0.258819 0.965926 0.000000
vn 0.000000 1.000000 -0.000000
vn 0.000000 1.000000 -0.000000
vn 0.258819 0.965926 -0.000000
vn 0.258819 0.965926 -0.000000
vn 0.500000 0.866025 -0.000000
vn 0.500000 0.866025 -0.000000
vn 0.707107 0.707107 -0.000000
vn 0.707107 0.707107 -0.000000
vn 0.866025 0.500000 -0.000000
vn 0.866025 0.500000 -0.000000
vn 0.965926 0.258819 -0.000000
vn 0.965926 0.258819 -0.000000
vn 1.000000 0.000000 -0.000000
vn 1.000000 0.000000 -0.000000
vn 0.965926 -0.258819 0.000000
vn 0.965926 -0.258819 0.000000
vn 0.866025 -0.500000 0.000000
vn 0.866025 -0.500000 0.000000
vn 0.707107 -0.707107 0.000000
vn 0.707107 -0.707107 0.000000
vn 0.500000 -0.866025 0.000000
vn 0.500000 -0.866025 0.000000
vn 0.258819 -0.965926 0.000000
vn 0.258819 -0.965926 0.000000
vn 0.000000 -1.000000 0.000000
vn 0.000000 -1.000000 0.000000
vn -0.258819 -0.965926 0.000000
vn -0.258819 -0.965926 0.000000
vn -0.500000 -0.866025 0.000000
vn -0.500000 -0.866025 0.000000
vn -0.707107 -0.707107 0.000000
vn -0.707107 -0.707107 0.000000
vn -0.866025 -0.500000 0.000000
vn -0.866025 -0.500000 0.000000
vn -0.000000 -0.000000 -1.000000
vn -0.000000 -0.000000 -1.000000
vn -0.000000 -0.000000 -1.000000
vn -0.000000 -0.000000 -1.000000
vn -0.000000 -0.000000 -1.000000
vn -0.000000 -0.000000 -1.000000
vn -0.000000 -0.000000 -1.000000
vn -0.000000 -0.000000 -1.000000
vn -0.000000 -0.000000 -1.000000
vn -0.000000 -0.000000 -1.000000
vn -0.000000 -0.000000 -1.000000
vn -0.000000 -0.000000 -1.000000
vn -0.000000 -0.000000 -1.000000
vn -0.000000 -0.000000 -1.000000
vn -0.000000 -0.000000 -1.000000
vn -0.000000 -0.000000 -1.000000
vn -0.000000 -0.000000 -1.000000
vn -0.000000 -0.000000 -1.000000
vn -0.000000 -0.000000 -1.000000
vn -0.000000 -0.000000 -1.000000
vn -0.000000 -0.000000 -1.000000
vn -0.000000 -0.000000 -1.000000
vn -0.000000 -0.000000 -1.000000
vn -0.000000 -0.000000 -1.000000
vn -0.965926 -0.258819 0.000000
vn -0.965926 -0.258819 0.000000
vn -1.000000 -0.000000 0.000000
vn -1.000000 -0.000000 0.000000
vn -0.965926 0.258819 0.000000
vn -0.965926 0.258819 0.000000
vn -0.866025 0.500000 0.000000
vn -0.866025 0.500000 0.000000
vn -0.707107 0.707107 0.000000
vn -0.707107 0.707107 0.000000
vn -0.500000 0.866025 0.000000
vn -0.500000 0.866025 0.000000
vn -0.258819 0.965926 0.000000
vn -0.258819 0.965926 0.000000
vn 0.000000 1.000000 -0.000000
vn 0.000000 1.000000 -0.000000
vn 0.258819 0.965926 -0.000000
vn 0.258819 0.965926 -0.000000
vn 0.500000 0.866025 -0.000000
vn 0.500000 0.866025 -0.000000
vn 0.707107 0.707107 -0.000000
vn 0.707107 0.707107 -0.000000
vn 0.866025 0.500000 -0.000000
vn 0.866025 0.500000 -0.000000
vn 0.965926 0.258819 -0.000000
vn 0.965926 0.258819 -0.000000
vn 1.000000 0.000000 -0.000000
vn 1.000000 0.000000 -0.000000
vn 0.965926 -0.258819 0.000000
vn 0.965926 -0.258819 0.000000
vn 0.866025 -0.500000 0.000000
vn 0.866025 -0.500000 0.000000
vn 0.707107 -0.707107 0.000000
vn 0.707107 -0.707107 0.000000
vn 0.500000 -0.866025 0.000000
vn 0.500000 -0.866025 0.000000
vn 0.258819 -0.965926 0.000000
vn 0.258819 -0.965926 0.000000
vn 0.000000 -1.000000 0.000000
vn 0.000000 -1.000000 0.000000
vn -0.258819 -0.965926 0.000000
vn -0.258819 -0.965926 0.000000
vn -0.500000 -0.866025 0.000000
vn -0.500000 -0.866025 0.000000
vn -0.707107 -0.707107 0.000000
vn -0.707107 -0.707107 0.000000
vn -0.866025 -0.500000 0.000000
vn -0.866025 -0.500000 0.000000
vn -0.000000 -0.000000 -1.000000
vn -0.000000 -0.000000 -1.000000
vn -0.000000 -0.000000 -1.000000
vn -0.000000 -0.000000 -1.000000
vn -0.000000 -0.000000 -1.000000
vn -0.000000 -0.000000 -1.000000
vn -0.000000 -0.000000 -1.000000
vn -0.000000 -0.000000 -1.000000
vn -0.000000 -0.000000 -1.000000
vn -0.000000 -0.000000 -1.000000
vn -0.000000 -0.000000 -1.000000
vn -0.000000 -0.000000 -1.000000
vn -0.000000 -0.000000 -1.000000
vn -0.000000 -0.000000 -1.000000
vn -0.000000 -0.000000 -1.000000
vn -0.000000 -0.000000 -1.000000
vn -0.000000 -0.000000 -1.000000
vn -0.000000 -0.000000 -1.000000
vn -0.000000 -0.000000 -1.000000
vn -0.000000 -0.000000 -1.000000
vn -0.000000 -0.000000 -1.000000
vn -0.000000 -0.000000 -1.000000
vn -0.000000 -0.000000 -1.000000
vn -0.000000 -0.000000 -1.000000
vn -0.965926 -0.258819 0.000000
vn -0.965926 -0.258819 0.000000
vn -1.000000 -0.000000 0.000000
vn -1.000000 -0.000000 0.000000
vn -0.965926 0.258819 0.000000
vn -0.965926 0.258819 0.000000
vn -0.866025 0.500000 0.000000
vn -0.866025 0.500000 0.000000
vn -0.707107 0.707107 0.000000
vn -0.707107 0.707107 0.000000
vn -0.500000 0.866025 0.000000
vn -0.500000 0.866025 0.000000
vn -0.258819 0.965926 0.000000
vn -0.258819 0.965926 0.000000
vn 0.000000 1.000000 -0.000000
vn 0.000000 1.000000 -0.000000
vn 0.258819 0.965926 -0.000000
vn 0.258819 0.965926 -0.000000
vn 0.500000 0.866025 -0.000000
vn 0.500000 0.866025 -0.000000
vn 0.707107 0.707107 -0.000000
vn 0.707107 0.707107 -0.000000
vn 0.866025 0.500000 -0.000000
vn 0.866025 0.500000 -0.000000
vn 0.965926 0.258819 -0.000000
vn 0.965926 0.258819 -0.000000
vn 1.000000 0.000000 -0.000000
vn 1.000000 0.000000 -0.000000
vn 0.965926 -0.258819 0.000000
vn 0.965926 -0.258819 0.000000
vn 0.866025 -0.500000 0.000000
vn 0.866025 -0.500000 0.000000
vn 0.707107 -0.707107 0.000000
vn 0.707107 -0.707107 0.000000
vn 0.500000 -0.866025 0.000000
vn 0.500000 -0.866025 0.000000
vn 0.258819 -0.965926 0.000000
vn 0.258819 -0.965926 0.000000
vn 0.000000 -1.000000 0.000000
vn 0.000000 -1.000000 0.000000
vn -0.258819 -0.965926 0.000000
vn -0.258819 -0.965926 0.000000
vn -0.500000 -0.866025 0.000000
vn -0.500000 -0.866025 0.000000
vn -0.707107 -0.707107 0.000000
vn -0.707107 -0.707107 0.000000
vn -0.866025 -0.500000 0.000000
vn -0.866025 -0.500000 0.000000
vn -0.000000 -0.000000 -1.000000
vn -0.000000 -0.000000 -1.000000
vn -0.000000 -0.000000 -1.000000
vn -0.000000 -0.000000 -1.000000
vn -0.000000 -0.000000 -1.000000
vn -0.000000 -0.000000 -1.000000
vn -0.000000 -0.000000 -1.000000
vn -0.000000 -0.000000 -1.000000
vn -0.000000 -0.000000 -1.000000
vn -0.000000 -0.000000 -1.000000
vn -0.000000 -0.000000 -1.000000
vn -0.000000 -0.000000 -1.000000
vn -0.000000 -0.000000 -1.000000
vn -0.000000 -0.000000 -1.000000
vn -0.000000 -0.000000 -1.000000
vn -0.000000 -0.000000 -1.000000
vn -0.000000 -0.000000 -1.000000
vn -0.000000 -0.000000 -1.000000
vn -0.000000 -0.000000 -1.000000
vn -0.000000 -0.000000 -1.000000
vn -0.000000 -0.000000 -1.000000
vn -0.000000 -0.000000 -1.000000
vn -0.000000 -0.000000 -1.000000
vn -0.000000 -0.000000 -1.000000
vn -0.965926 -0.258819 0.000000
vn -0.965926 -0.258819 0.000000
vn -1.000000 -0.000000 0.000000
vn -1.000000 -0.000000 0.000000
vn -0.965926 0.258819 0.000000
vn -0.965926 0.258819 0.000000
vn -0.866025 0.500000 0.000000
vn -0.866025 0.500000 0.000000
vn -0.707107 0.707107 0.000000
vn -0.707107 0.707107 0.000000
vn -0.500000 0.866025 0.000000
vn -0.500000 0.866025 0.000000
vn -0.258819 0.965926 0.000000
vn -0.258819 0.965926 0.000000
vn 0.000000 1.000000 -0.000000
vn 0.000000 1.000000 -0.000000
vn 0.258819 0.965926 -0.000000
vn 0.258819 0.965926 -0.000000
vn 0.500000 0.866025 -0.000000
vn 0.500000 0.866025 -0.000000
vn 0.707107 0.707107 -0.000000
vn 0.707107 0.707107 -0.000000
vn 0.866025 0.500000 -0.000000
vn 0.866025 0.500000 -0.000000
vn 0.965926 0.258819 -0.000000
vn 0.965926 0.258819 -0.000000
vn 1.000000 0.000000 -0.000000
vn 1.000000 0.000000 -0.000000
vn 0.965926 -0.258819 0.000000
vn 0.965926 -0.258819 0.000000
vn 0.866025 -0.500000 0.000000
vn 0.866025 -0.500000 0.000000
vn 0.707107 -0.707107 0.000000
vn 0.707107 -0.707107 0.000000
vn 0.500000 -0.866025 0.000000
vn 0.500000 -0.866025 0.000000
vn 0.258819 -0.965926 0.000000
vn 0.258819 -0.965926 0.000000
vn 0.000000 -1.000000 0.000000
vn 0.000000 -1.000000 0.000000
vn -0.258819 -0.965926 0.000000
vn -0.258819 -0.965926 0.000000
vn -0.500000 -0.866025 0.000000
vn -0.500000 -0.866025 0.000000
vn -0.707107 -0.707107 0.000000
vn -0.707107 -0.707107 0.000000
vn -0.866025 -0.500000 0.000000
vn -0.866025 -0.500000 0.000000
vn -0.000000 -0.000000 -1.000000
vn -0.000000 -0.000000 -1.000000
vn -0.000000 -0.000000 -1.000000
vn -0.000000 -0.000000 -1.000000
vn -0.000000 -0.000000 -1.000000
vn -0.000000 -0.000000 -1.000000
vn -0.000000 -0.000000 -1.000000
vn -0.000000 -0.000000 -1.000000
vn -0.000000 -0.000000 -1.000000
vn -0.000000 -0.000000 -1.000000
vn -0.000000 -0.000000 -1.000000
vn -0.000000 -0.000000 -1.000000
vn -0.000000 -0.000000 -1.000000
vn -0.000000 -0.000000 -1.000000
vn -0.000000 -0.000000 -1.000000
vn -0.000000 -0.000000 -1.000000
vn -0.000000 -0.000000 -1.000000
vn -0.000000 -0.000000 -1.000000
vn -0.000000 -0.000000 -1.000000
vn -0.000000 -0.000000 -1.000000
vn -0.000000 -0.000000 -1.000000
vn -0.000000 -0.000000 -1.000000
vn -0.000000 -0.000000 -1.000000
vn -0.000000 -0.000000 -1.000000
vn -0.965926 -0.258819 0.000000
vn -0.965926 -0.258819 0.000000
vn -1.000000 -0.000000 0.000000
vn -1.000000 -0.000000 0.000000
vn -0.965926 0.258819 0.000000
vn -0.965926 0.258819 0.000000
vn -0.866025 0.500000 0.000000
vn -0.866025 0.500000 0.000000
vn -0.707107 0.707107 0.000000
vn -0.707107 0.707107 0.000000
vn -0.500000 0.866025 0.000000
vn -0.500000 0.866025 0.000000
vn -0.258819 0.965926 0.000000
vn -0.258819 0.965926 0.000000
vn 0.000000 1.000000 -0.000000
vn 0.000000 1.000000 -0.000000
vn 0.258819 0.965926 -0.000000
vn 0.258819 0.965926 -0.000000
vn 0.500000 0.866025 -0.000000
vn 0.500000 0.866025 -0.000000
vn 0.707107 0.707107 -0.000000
vn 0.707107 0.707107 -0.000000
vn 0.866025 0.500000 -0.000000
vn 0.866025 0.500000 -0.000000
vn 0.965926 0.258819 -0.000000
vn 0.965926 0.258819 -0.000000
vn 1.000000 0.000000 -0.000000
vn 1.000000 0.000000 -0.000000
vn 0.965926 -0.258819 0.000000
vn 0.965926 -0.258819 0.000000
vn 0.866025 -0.500000 0.000000
vn 0.866025 -0.500000 0.000000
vn 0.707107 -0.707107 0.000000
vn 0.707107 -0.707107 0.000000
vn 0.500000 -0.866025 0.000000
vn 0.500000 -0.866025 0.000000
vn 0.258819 -0.965926 0.000000
vn 0.258819 -0.965926 0.000000
vn 0.000000 -1.000000 0.000000
vn 0.000000 -1.000000 0.000000
vn -0.258819 -0.965926 0.000000
vn -0.258819 -0.965926 0.000000
vn -0.500000 -0.866025 0.000000
vn -0.500000 -0.866025 0.000000
vn -0.707107 -0.707107 0.000000
vn -0.707107 -0.707107 0.000000
vn -0.866025 -0.500000 0.000000
vn -0.866025 -0.500000 0.000000
vn -0.000000 -0.000000 -1.000000
vn -0.000000 -0.000000 -1.000000
vn -0.000000 -0.000000 -1.000000
vn -0.000000 -0.000000 -1.000000
vn -0.000000 -0.000000 -1.000000
vn -0.000000 -0.000000 -1.000000
vn -0.000000 -0.000000 -1.000000
vn -0.000000 -0.000000 -1.000000
vn -0.000000 -0.000000 -1.000000
vn -0.000000 -0.000000 -1.000000
vn -0.000000 -0.000000 -1.000000
vn -0.000000 -0.000000 -1.000000
vn -0.000000 -0.000000 -1.000000
vn -0.000000 -0.000000 -1.000000
vn -0.000000 -0.000000 -1.000000
vn -0.000000 -0.000000 -1.000000
vn -0.000000 -0.000000 -1.000000
vn -0.000000 -0.000000 -1.000000
vn -0.000000 -0.000000 -1.000000
vn -0.000000 -0.000000 -1.000000
vn -0.000000 -0.000000 -1.000000
vn -0.000000 -0.000000 -1.000000
vn -0.000000 -0.000000 -1.000000
vn -0.000000 -0.000000 -1.000000
vn -0.965926 -0.258819 0.000000
vn -0.965926 -0.258819 0.000000
vn -1.000000 -0.000000 0.000000
vn -1.000000 -0.000000 0.000000
vn -0.965926 0.258819 0.000000
vn -0.965926 0.258819 0.000000
vn -0.866025 0.500000 0.000000
vn -0.866025 0.500000 0.000000
vn -0.707107 0.707107 0.000000
vn -0.707107 0.707107 0.000000
vn -0.500000 0.866025 0.000000
vn -0.500000 0.866025 0.000000
vn -0.258819 0.965926 0.000000
vn -0.258819 0.965926 0.000000
vn 0.000000 1.000000 -0.000000
vn 0.000000 1.000000 -0.000000
vn 0.258819 0.965926 -0.000000
vn 0.258819 0.965926 -0.000000
vn 0.500000 0.866025 -0.000000
vn 0.500000 0.866025 -0.000000
vn 0.707107 0.707107 -0.000000
vn 0.707107 0.707107 -0.000000
vn 0.866025 0.500000 -0.000000
vn 0.866025 0.500000 -0.000000
vn 0.965926 0.258819 -0.000000
vn 0.965926 0.258819 -0.000000
vn 1.000000 0.000000 -0.000000
vn 1.000000 0.000000 -0.000000
vn 0.965926 -0.258819 0.000000
vn 0.965926 -0.258819 0.000000
vn 0.866025 -0.500000 0.000000
vn 0.866025 -0.500000 0.000000
vn 0.707107 -0.707107 0.000000
vn 0.707107 -0.707107 0.000000
vn 0.500000 -0.866025 0.000000
vn 0.500000 -0.866025 0.000000
vn 0.258819 -0.965926 0.000000
vn 0.258819 -0.965926 0.000000
vn 0.000000 -1.000000 0.000000
vn 0.000000 -1.000000 0.000000
vn -0.258819 -0.965926 0.000000
vn -0.258819 -0.965926 0.000000
vn -0.500000 -0.866025 0.000000
vn -0.500000 -0.866025 0.000000
vn -0.707107 -0.707107 0.000000
vn -0.707107 -0.707107 0.000000
vn -0.866025 -0.500000 0.000000
vn -0.866025 -0.500000 0.000000
vn -0.000000 -0.000000 -1.000000
vn -0.000000 -0.000000 -1.000000
vn -0.000000 -0.000000 -1.000000
vn -0.000000 -0.000000 -1.000000
vn -0.000000 -0.000000 -1.000000
vn -0.000000 -0.000000 -1.000000
vn -0.000000 -0.000000 -1.000000
vn -0.000000 -0.000000 -1.000000
vn -0.000000 -0.000000 -1.000000
vn -0.000000 -0.000000 -1.000000
vn -0.000000 -0.000000 -1.000000
vn -0.000000 -0.000000 -1.000000
vn -0.000000 -0.000000 -1.000000
vn -0.000000 -0.000000 -1.000000
vn -0.000000 -0.000000 -1.000000
vn -0.000000 -0.000000 -1.000000
vn -0.000000 -0.000000 -1.000000
vn -0.000000 -0.000000 -1.000000
vn -0.000000 -0.000000 -1.000000
vn -0.000000 -0.000000 -1.000000
vn -0.000000 -0.000000 -1.000000
vn -0.000000 -0.000000 -1.000000
vn -0.000000 -0.000000 -1.000000
vn -0.000000 -0.000000 -1.000000
vn -0.000000 -1.000000 0.000000
vn -0.000000 -1.000000 0.000000
vn -0.000000 -1.000000 0.000000
vn -0.000000 -1.000000 0.000000
vn -1.000000 -0.000000 -0.000000
vn -1.000000 -0.000000 -0.000000
vn -1.000000 -0.000000 -0.000000
vn -1.000000 -0.000000 -0.000000
vn -0.000000 1.000000 -0.000000
vn -0.000000 1.000000 -0.000000
vn -0.000000 1.000000 -0.000000
vn -0.000000 1.000000 -0.000000
vn 1.000000 -0.000000 -0.000000
vn 1.000000 -0.000000 -0.000000
vn 1.000000 -0.000000 -0.000000
vn 1.000000 -0.000000 -0.000000
vn -0.000000 -0.000000 -1.000000
vn -0.000000 -0.000000 -1.000000
vn -0.000000 -0.000000 -1.000000
vn -0.000000 -0.000000 -1.000000
vn -0.000000 -0.000000 -1.000000
vn -0.000000 -0.000000 -1.000000
vn -0.000000 -0.000000 -1.000000
vn -0.000000 -0.000000 -1.000000
vn -0.000000 -0.000000 -1.000000
vn -0.000000 -0.000000 -1.000000
vn -0.000000 -0.000000 -1.000000
vn -0.000000 -0.000000 -1.000000
vn -0.000000 -0.000000 -1.000000
vn -0.000000 -0.000000 -1.000000
vn -0.000000 -0.000000 -1.000000
vn -0.000000 -0.000000 -1.000000
vn -0.000000 -0.000000 -1.000000
vn -0.000000 -0.000000 -1.000000
vn -0.000000 -0.000000 -1.000000
vn -0.000000 -0.000000 -1.000000
vn -0.000000 -0.000000 -1.000000
vn -0.000000 -0.000000 -1.000000
vn -0.000000 -0.000000 -1.000000
vn -0.000000 -0.000000 -1.000000
vn 0.000000 1.000000 -0.000000
vn 0.000000 1.000000 -0.000000
vn 0.000000 1.000000 -0.000000
vn 0.000000 1.000000 -0.000000
vn 1.000000 0.000000 0.000000
vn 1.000000 0.000000 0.000000
vn 1.000000 0.000000 0.000000
vn 1.000000 0.000000 0.000000
vn 0.000000 -1.000000 0.000000
vn 0.000000 -1.000000 0.000000
vn 0.000000 -1.000000 0.000000
vn 0.000000 -1.000000 0.000000
vn -1.000000 0.000000 0.000000
vn -1.000000 0.000000 0.000000
vn -1.000000 0.000000 0.000000
vn -1.000000 0.000000 0.000000
vn 0.000000 0.000000 1.000000
vn 0.000000 0.000000 1.000000
vn 0.000000 0.000000 1.000000
vn 0.000000 0.000000 1.000000
vn 0.000000 0.000000 1.000000
vn 0.000000 0.000000 1.000000
vn 0.000000 0.000000 1.000000
vn 0.000000 0.000000 1.000000
vn 0.000000 0.000000 1.000000
vn 0.000000 0.000000 1.000000
vn 0.000000 0.000000 1.000000
vn 0.000000 0.000000 1.000000
vn 0.000000 0.000000 1.000000
vn 0.000000 0.000000 1.000000
vn 0.000000 0.000000 1.000000
vn 0.000000 0.000000 1.000000
vn 0.000000 0.000000 1.000000
vn 0.000000 0.000000 1.000000
vn 0.000000 0.000000 1.000000
vn 0.000000 0.000000 1.000000
vn 0.000000 0.000000 1.000000
vn 0.000000 0.000000 1.000000
vn 0.000000 0.000000 1.000000
vn 0.000000 0.000000 1.000000
vn 0.000000 0.000000 1.000000
vn 0.000000 0.000000 1.000000
vn 0.000000 0.000000 1.000000
vn 0.000000 0.000000 1.000000
vn 0.000000 0.000000 1.000000
vn 0.000000 0.000000 1.000000
vn 0.000000 0.000000 1.000000
vn 0.000000 0.000000 1.000000
vn 0.000000 0.000000 1.000000
vn 0.000000 0.000000 1.000000
vn 0.000000 0.000000 1.000000
vn 0.000000 0.000000 1.000000
vn 0.000000 0.000000 1.000000
vn 0.000000 0.000000 1.000000
vn 0.000000 0.000000 1.000000
vn 0.000000 0.000000 1.000000
vn 0.000000 0.000000 1.000000
vn 0.000000 0.000000 1.000000
vn 0.000000 0.000000 1.000000
vn 0.000000 0.000000 1.000000
vn 0.000000 0.000000 1.000000
vn 0.000000 0.000000 1.000000
vn 0.000000 0.000000 1.000000
vn 0.000000 0.000000 1.000000
vn 0.000000 0.000000 1.000000
vn 0.000000 0.000000 1.000000
vn 0.000000 0.000000 1.000000
vn 0.000000 0.000000 1.000000
vn 0.000000 0.000000 1.000000
vn 0.000000 0.000000 1.000000
vn 0.000000 0.000000 1.000000
vn 0.000000 0.000000 1.000000
vn 0.000000 0.000000 1.000000
vn 0.000000 0.000000 1.000000
vn 0.000000 0.000000 1.000000
vn 0.000000 0.000000 1.000000
vn 0.000000 0.000000 1.000000
vn 0.000000 0.000000 1.000000
vn 0.000000 0.000000 1.000000
vn 0.000000 0.000000 1.000000
vn 0.000000 0.000000 1.000000
vn 0.000000 0.000000 1.000000
vn 0.000000 0.000000 1.000000
vn 0.000000 0.000000 1.000000
vn 0.000000 0.000000 1.000000
vn 0.000000 0.000000 1.000000
vn 0.000000 0.000000 1.000000
vn 0.000000 0.000000 1.000000
vn 0.000000 0.000000 1.000000
vn 0.000000 0.000000 1.000000
vn 0.000000 0.000000 1.000000
vn 0.000000 0.000000 1.000000
vn 0.000000 0.000000 1.000000
vn 0.000000 0.000000 1.000000
vn 0.000000 0.000000 1.000000
vn 0.000000 0.000000 1.000000
vn 0.000000 0.000000 1.000000
vn 0.000000 0.000000 1.000000
vn 0.000000 0.000000 1.000000
vn 0.000000 0.000000 1.000000
vn 0.000000 0.000000 1.000000
vn 0.000000 0.000000 1.000000
vn 0.000000 0.000000 1.000000
vn 0.000000 0.000000 1.000000
vn 0.000000 0.000000 1.000000
vn 0.000000 0.000000 1.000000
vn 0.000000 0.000000 1.000000
vn 0.000000 0.000000 1.000000
vn 0.000000 0.000000 1.000000
vn 0.000000 0.000000 1.000000
vn 0.000000 0.000000 1.000000
vn 0.000000 0.000000 1.000000
vn 0.000000 0.000000 1.000000
vn 0.000000 0.000000 1.000000
vn 0.000000 0.000000 1.000000
vn 0.000000 0.000000 1.000000
vn 0.000000 0.000000 1.000000
vn 0.000000 0.000000 1.000000
vn 0.000000 0.000000 1.000000
vn 0.000000 0.000000 1.000000
vn 0.000000 0.000000 1.000000
vn 0.000000 0.000000 1.000000
vn 0.000000 0.000000 1.000000
vn 0.000000 0.000000 1.000000
vn 0.000000 0.000000 1.000000
vn 0.000000 0.000000 1.000000
vn 0.000000 0.000000 1.000000
vn 0.000000 0.000000 1.000000
vn 0.000000 0.000000 1.000000
vn 0.000000 0.000000 1.000000
vn 0.000000 0.000000 1.000000
vn 0.000000 0.000000 1.000000
vn 0.000000 0.000000 1.000000
vn 0.000000 0.000000 1.000000
vn 0.000000 0.000000 1.000000
vn 0.000000 0.000000 1.000000
vn 0.000000 0.000000 1.000000
vn 0.000000 0.000000 1.000000
vn 0.000000 0.000000 1.000000
vn 0.000000 0.000000 1.000000
vn 0.000000 0.000000 1.000000
vn 0.000000 0.000000 1.000000
vn 0.000000 0.000000 1.000000
vn 0.000000 0.000000 1.000000
vn 0.000000 0.000000 1.000000
vn 0.000000 0.000000 1.000000
vn 0.000000 0.000000 1.000000
vn 0.000000 0.000000 1.000000
vn 0.000000 0.000000 1.000000
vn 0.000000 0.000000 1.000000
vn 0.000000 0.000000 1.000000
vn 0.000000 0.000000 1.000000
vn 0.000000 0.000000 1.000000
vn 0.000000 0.000000 1.000000
vn 0.000000 0.000000 1.000000
vn 0.000000 0.000000 1.000000
vn 0.000000 0.000000 1.000000
vn 0.000000 0.000000 1.000000
vn 0.000000 0.000000 1.000000
vn 0.000000 0.000000 1.000000
vn 0.000000 0.000000 1.000000
vn 0.000000 0.000000 1.000000
vn 0.000000 0.000000 1.000000
vn 0.000000 0.000000 1.000000
vn 0.000000 0.000000 1.000000
vn 0.000000 0.000000 1.000000
vn 0.000000 0.000000 1.000000
vn 0.000000 0.000000 1.000000
vn 0.000000 0.000000 1.000000
vn 0.000000 0.000000 1.000000
vn 0.000000 0.000000 1.000000
vn 0.000000 0.000000 1.000000
vn 0.000000 0.000000 1.000000
vn 0.000000 0.000000 1.000000
vn 0.000000 0.000000 1.000000
vn 0.000000 0.000000 1.000000
vn 0.000000 0.000000 1.000000
vn 0.000000 0.000000 1.000000
vn 0.000000 0.000000 1.000000
vn 0.000000 0.000000 1.000000
vn 0.000000 0.000000 1.000000
vn 0.000000 0.000000 1.000000
vn 0.000000 0.000000 1.000000
vn 0.000000 0.000000 1.000000
vn 0.000000 0.000000 1.000000
vn 0.000000 0.000000 1.000000
vn 0.000000 0.000000 1.000000
vn 0.000000 0.000000 1.000000
vn 0.000000 0.000000 1.000000
vn 0.000000 0.000000 1.000000
vn 0.000000 0.000000 1.000000
vn 0.000000 0.000000 1.000000
vn 0.000000 0.000000 1.000000
vn 0.000000 0.000000 1.000000
vn 0.000000 0.000000 1.000000
vn 0.000000 0.000000 1.000000
vn 0.000000 0.000000 1.000000
vn 0.000000 0.000000 1.000000
vn 0.000000 0.000000 1.000000
vn 0.000000 0.000000 1.000000
vn 0.000000 0.000000 1.000000
vn 0.000000 0.000000 1.000000
vn 0.000000 0.000000 1.000000
vn 0.000000 0.000000 1.000000
vn 0.000000 0.000000 1.000000
vn 0.000000 0.000000 1.000000
vn 0.000000 0.000000 1.000000
vn 0.000000 0.000000 1.000000
vn 0.000000 0.000000 1.000000
vn 0.000000 0.000000 1.000000
vn 0.000000 0.000000 1.000000
vn 0.000000 0.000000 1.000000
vn -0.000000 -0.000000 -1.000000
vn -0.000000 -0.000000 -1.000000
vn -0.000000 -0.000000 -1.000000
vn -0.000000 -0.000000 -1.000000
vn -0.000000 -0.000000 -1.000000
vn -0.000000 -0.000000 -1.000000
vn -0.000000 -0.000000 -1.000000
vn -0.000000 -0.000000 -1.000000
usemtl ABS_(White)
f 2/1/1 54/2/2 1/3/3
f 1/3/3 54/2/2 63/4/4
f 1/3/3 63/4/4 24/5/5
f 24/5/5 63/4/4 164/6/6
f 24/5/5 164/6/6 23/7/7
f 23/7/7 164/6/6 159/8/8
f 23/7/7 159/8/8 22/9/9
f 22/9/9 159/8/8 154/10/10
f 22/9/9 154/10/10 21/11/11
f 21/11/11 154/10/10 149/12/12
f 21/11/11 149/12/12 20/13/13
f 20/13/13 149/12/12 144/14/14
f 20/13/13 144/14/14 19/15/15
f 19/15/15 144/14/14 139/16/16
f 19/15/15 139/16/16 18/17/17
f 18/17/17 139/16/16 134/18/18
f 18/17/17 134/18/18 17/19/19
f 17/19/19 134/18/18 129/20/20
f 17/19/19 129/20/20 16/21/21
f 16/21/21 129/20/20 124/22/22
f 16/21/21 124/22/22 15/23/23
f 15/23/23 124/22/22 119/24/24
f 15/23/23 119/24/24 14/25/25
f 14/25/25 119/24/24 114/26/26
f 14/25/25 114/26/26 13/27/27
f 13/27/27 114/26/26 49/28/28
f 13/29/27 49/30/28 12/31/29
f 12/31/29 49/30/28 109/32/30
f 12/31/29 109/32/30 11/33/31
f 11/33/31 109/32/30 104/34/32
f 11/33/31 104/34/32 10/35/33
f 10/35/33 104/34/32 99/36/34
f 10/35/33 99/36/34 9/37/35
f 9/37/35 99/36/34 94/38/36
f 9/37/35 94/38/36 8/39/37
f 8/39/37 94/38/36 89/40/38
f 8/39/37 89/40/38 7/41/39
f 7/41/39 89/40/38 84/42/40
f 7/41/39 84/42/40 6/43/41
f 6/43/41 84/42/40 79/44/42
f 6/43/41 79/44/42 5/45/43
f 5/45/43 79/44/42 74/46/44
f 5/45/43 74/46/44 4/47/45
f 4/47/45 74/46/44 69/48/46
f 4/47/45 69/48/46 3/49/47
f 3/49/47 69/48/46 64/50/48
f 3/49/47 64/50/48 2/1/1
f 2/1/1 64/50/48 54/2/2
f 26/51/49 168/52/50 25/53/51
f 25/53/51 168/52/50 59/54/52
f 25/53/51 59/54/52 48/55/53
f 48/55/53 59/54/52 58/56/54
f 48/55/53 58/56/54 47/57/55
f 47/57/55 58/56/54 68/58/56
f 47/57/55 68/58/56 46/59/57
f 46/59/57 68/58/56 73/60/58
f 46/59/57 73/60/58 45/61/59
f 45/61/59 73/60/58 78/62/60
f 45/61/59 78/62/60 44/63/61
f 44/63/61 78/62/60 83/64/62
f 44/63/61 83/64/62 43/65/63
f 43/65/63 83/64/62 88/66/64
f 43/65/63 88/66/64 42/67/65
f 42/67/65 88/66/64 93/68/66
f 42/67/65 93/68/66 41/69/67
f 41/69/67 93/68/66 98/70/68
f 41/69/67 98/70/68 40/71/69
f 40/71/69 98/70/68 103/72/70
f 40/71/69 103/72/70 39/73/71
f 39/73/71 103/72/70 108/74/72
f 39/73/71 108/74/72 38/75/73
f 38/75/73 108/74/72 113/76/74
f 38/75/73 113/76/74 37/77/75
f 37/77/75 113/76/74 53/78/76
f 37/79/75 53/80/76 36/81/77
f 36/81/77 53/80/76 118/82/78
f 36/81/77 118/82/78 35/83/79
f 35/83/79 118/82/78 123/84/80
f 35/83/79 123/84/80 34/85/81
f 34/85/81 123/84/80 128/86/82
f 34/85/81 128/86/82 33/87/83
f 33/87/83 128/86/82 133/88/84
f 33/87/83 133/88/84 32/89/85
f 32/89/85 133/88/84 138/90/86
f 32/89/85 138/90/86 31/91/87
f 31/91/87 138/90/86 143/92/88
f 31/91/87 143/92/88 30/93/89
f 30/93/89 143/92/88 148/94/90
f 30/93/89 148/94/90 29/95/91
f 29/95/91 148/94/90 153/96/92
f 29/95/91 153/96/92 28/97/93
f 28/97/93 153/96/92 158/98/94
f 28/97/93 158/98/94 27/99/95
f 27/99/95 158/98/94 163/100/96
f 27/99/95 163/100/96 26/51/49
f 26/51/49 163/100/96 168/52/50
f 49/30/28 50/101/97 109/32/30
f 109/32/30 50/101/97 110/102/98
f 109/32/30 110/102/98 104/34/32
f 104/34/32 110/102/98 105/103/99
f 104/34/32 105/103/99 99/36/34
f 99/36/34 105/103/99 100/104/100
f 99/36/34 100/104/100 94/38/36
f 94/38/36 100/104/100 95/105/101
f 94/38/36 95/105/101 89/40/38
f 89/40/38 95/105/101 90/106/102
f 89/40/38 90/106/102 84/42/40
f 84/42/40 90/106/102 85/107/103
f 84/42/40 85/107/103 79/44/42
f 79/44/42 85/107/103 80/108/104
f 79/44/42 80/108/104 74/46/44
f 74/46/44 80/108/104 75/109/105
f 74/46/44 75/109/105 69/48/46
f 69/48/46 75/109/105 70/110/106
f 69/48/46 70/110/106 64/50/48
f 64/50/48 70/110/106 65/111/107
f 64/50/48 65/111/107 54/2/2
f 54/2/2 65/111/107 55/112/108
f 54/2/2 55/112/108 63/4/4
f 63/4/4 55/112/108 62/113/109
f 63/4/4 62/113/109 164/6/6
f 164/6/6 62/113/109 165/114/110
f 164/6/6 165/114/110 159/8/8
f 159/8/8 165/114/110 160/115/111
f 159/8/8 160/115/111 154/10/10
f 154/10/10 160/115/111 155/116/112
f 154/10/10 155/116/112 149/12/12
f 149/12/12 155/116/112 150/117/113
f 149/12/12 150/117/113 144/14/14
f 144/14/14 150/117/113 145/118/114
f 144/14/14 145/118/114 139/16/16
f 139/16/16 145/118/114 140/119/115
f 139/16/16 140/119/115 134/18/18
f 134/18/18 140/119/115 135/120/116
f 134/18/18 135/120/116 129/20/20
f 129/20/20 135/120/116 130/121/117
f 129/20/20 130/121/117 124/22/22
f 124/22/22 130/121/117 125/122/118
f 124/22/22 125/122/118 119/24/24
f 119/24/24 125/122/118 120/123/119
f 119/24/24 120/123/119 114/26/26
f 114/26/26 120/123/119 115/124/120
f 114/26/26 115/124/120 49/28/28
f 49/28/28 115/124/120 50/125/97
f 50/101/97 51/126/121 110/102/98
f 110/102/98 51/126/121 111/127/122
f 110/102/98 111/127/122 105/103/99
f 105/103/99 111/127/122 106/128/123
f 105/103/99 106/128/123 100/104/100
f 100/104/100 106/128/123 101/129/124
f 100/104/100 101/129/124 95/105/101
f 95/105/101 101/129/124 96/130/125
f 95/105/101 96/130/125 90/106/102
f 90/106/102 96/130/125 91/131/126
f 90/106/102 91/131/126 85/107/103
f 85/107/103 91/131/126 86/132/127
f 85/107/103 86/132/127 80/108/104
f 80/108/104 86/132/127 81/133/128
f 80/108/104 81/133/128 75/109/105
f 75/109/105 81/133/128 76/134/129
f 75/109/105 76/134/129 70/110/106
f 70/110/106 76/134/129 71/135/130
f 70/110/106 71/135/130 65/111/107
f 65/111/107 71/135/130 66/136/131
f 65/111/107 66/136/131 55/112/108
f 55/112/108 66/136/131 56/137/132
f 55/112/108 56/137/132 62/113/109
f 62/113/109 56/137/132 61/138/133
f 62/113/109 61/138/133 165/114/110
f 165/114/110 61/138/133 166/139/134
f 165/114/110 166/139/134 160/115/111
f 160/115/111 166/139/134 161/140/135
f 160/115/111 161/140/135 155/116/112
f 155/116/112 161/140/135 156/141/136
f 155/116/112 156/141/136 150/117/113
f 150/117/113 156/141/136 151/142/137
f 150/117/113 151/142/137 145/118/114
f 145/118/114 151/142/137 146/143/138
f 145/118/114 146/143/138 140/119/115
f 140/119/115 146/143/138 141/144/139
f 140/119/115 141/144/139 135/120/116
f 135/120/116 141/144/139 136/145/140
f 135/120/116 136/145/140 130/121/117
f 130/121/117 136/145/140 131/146/141
f 130/121/117 131/146/141 125/122/118
f 125/122/118 131/146/141 126/147/142
f 125/122/118 126/147/142 120/123/119
f 120/123/119 126/147/142 121/148/143
f 120/123/119 121/148/143 115/124/120
f 115/124/120 121/148/143 116/149/144
f 115/124/120 116/149/144 50/125/97
f 50/125/97 116/149/144 51/150/121
f 51/126/121 52/151/145 111/127/122
f 111/127/122 52/151/145 112/152/146
f 111/127/122 112/152/146 106/128/123
f 106/128/123 112/152/146 107/153/147
f 106/128/123 107/153/147 101/129/124
f 101/129/124 107/153/147 102/154/148
f 101/129/124 102/154/148 96/130/125
f 96/130/125 102/154/148 97/155/149
f 96/130/125 97/155/149 91/131/126
f 91/131/126 97/155/149 92/156/150
f 91/131/126 92/156/150 86/132/127
f 86/132/127 92/156/150 87/157/151
f 86/132/127 87/157/151 81/133/128
f 81/133/128 87/157/151 82/158/152
f 81/133/128 82/158/152 76/134/129
f 76/134/129 82/158/152 77/159/153
f 76/134/129 77/159/153 71/135/130
f 71/135/130 77/159/153 72/160/154
f 71/135/130 72/160/154 66/136/131
f 66/136/131 72/160/154 67/161/155
f 66/136/131 67/161/155 56/137/132
f 56/137/132 67/161/155 57/162/156
f 56/137/132 57/162/156 61/138/133
f 61/138/133 57/162/156 60/163/157
f 61/138/133 60/163/157 166/139/134
f 166/139/134 60/163/157 167/164/158
f 166/139/134 167/164/158 161/140/135
f 161/140/135 167/164/158 162/165/159
f 161/140/135 162/165/159 156/141/136
f 156/141/136 162/165/159 157/166/160
f 156/141/136 157/166/160 151/142/137
f 151/142/137 157/166/160 152/167/161
f 151/142/137 152/167/161 146/143/138
f 146/143/138 152/167/161 147/168/162
f 146/143/138 147/168/162 141/144/139
f 141/144/139 147/168/162 142/169/163
f 141/144/139 142/169/163 136/145/140
f 136/145/140 142/169/163 137/170/164
f 136/145/140 137/170/164 131/146/141
f 131/146/141 137/170/164 132/171/165
f 131/146/141 132/171/165 126/147/142
f 126/147/142 132/171/165 127/172/166
f 126/147/142 127/172/166 121/148/143
f 121/148/143 127/172/166 122/173/167
f 121/148/143 122/173/167 116/149/144
f 116/149/144 122/173/167 117/174/168
f 116/149/144 117/174/168 51/150/121
f 51/150/121 117/174/168 52/175/145
f 52/151/145 53/78/76 112/152/146
f 112/152/146 53/78/76 113/76/74
f 112/152/146 113/76/74 107/153/147
f 107/153/147 113/76/74 108/74/72
f 107/153/147 108/74/72 102/154/148
f 102/154/148 108/74/72 103/72/70
f 102/154/148 103/72/70 97/155/149
f 97/155/149 103/72/70 98/70/68
f 97/155/149 98/70/68 92/156/150
f 92/156/150 98/70/68 93/68/66
f 92/156/150 93/68/66 87/157/151
f 87/157/151 93/68/66 88/66/64
f 87/157/151 88/66/64 82/158/152
f 82/158/152 88/66/64 83/64/62
f 82/158/152 83/64/62 77/159/153
f 77/159/153 83/64/62 78/62/60
f 77/159/153 78/62/60 72/160/154
f 72/160/154 78/62/60 73/60/58
f 72/160/154 73/60/58 67/161/155
f 67/161/155 73/60/58 68/58/56
f 67/161/155 68/58/56 57/162/156
f 57/162/156 68/58/56 58/56/54
f 57/162/156 58/56/54 60/163/157
f 60/163/157 58/56/54 59/54/52
f 60/163/157 59/54/52 167/164/158
f 167/164/158 59/54/52 168/52/50
f 167/164/158 168/52/50 162/165/159
f 162/165/159 168/52/50 163/100/96
f 162/165/159 163/100/96 157/166/160
f 157/166/160 163/100/96 158/98/94
f 157/166/160 158/98/94 152/167/161
f 152/167/161 158/98/94 153/96/92
f 152/167/161 153/96/92 147/168/162
f 147/168/162 153/96/92 148/94/90
f 147/168/162 148/94/90 142/169/163
f 142/169/163 148/94/90 143/92/88
f 142/169/163 143/92/88 137/170/164
f 137/170/164 143/92/88 138/90/86
f 137/170/164 138/90/86 132/171/165
f 132/171/165 138/90/86 133/88/84
f 132/171/165 133/88/84 127/172/166
f 127/172/166 133/88/84 128/86/82
f 127/172/166 128/86/82 122/173/167
f 122/173/167 128/86/82 123/84/80
f 122/173/167 123/84/80 117/174/168
f 117/174/168 123/84/80 118/82/78
f 117/174/168 118/82/78 52/175/145
f 52/175/145 118/82/78 53/80/76
f 170/176/169 2/177/1 169/178/170
f 169/178/170 2/177/1 1/179/3
f 169/180/170 1/181/3 192/182/171
f 192/182/171 1/181/3 24/183/5
f 192/182/171 24/183/5 191/184/172
f 191/184/172 24/183/5 23/185/7
f 191/184/172 23/185/7 190/186/173
f 190/186/173 23/185/7 22/187/9
f 190/186/173 22/187/9 189/188/174
f 189/188/174 22/187/9 21/189/11
f 189/188/174 21/189/11 188/190/175
f 188/190/175 21/189/11 20/191/13
f 188/190/175 20/191/13 187/192/176
f 187/192/176 20/191/13 19/193/15
f 187/192/176 19/193/15 186/194/177
f 186/194/177 19/193/15 18/195/17
f 186/194/177 18/195/17 185/196/178
f 185/196/178 18/195/17 17/197/19
f 185/196/178 17/197/19 184/198/179
f 184/198/179 17/197/19 16/199/21
f 184/198/179 16/199/21 183/200/180
f 183/200/180 16/199/21 15/201/23
f 183/200/180 15/201/23 182/202/181
f 182/202/181 15/201/23 14/203/25
f 182/202/181 14/203/25 181/204/182
f 181/204/182 14/203/25 13/205/27
f 181/204/182 13/205/27 180/206/183
f 180/206/183 13/205/27 12/207/29
f 180/206/183 12/207/29 179/208/184
f 179/208/184 12/207/29 11/209/31
f 179/208/184 11/209/31 178/210/185
f 178/210/185 11/209/31 10/211/33
f 178/210/185 10/211/33 177/212/186
f 177/212/186 10/211/33 9/213/35
f 177/212/186 9/213/35 176/214/187
f 176/214/187 9/213/35 8/215/37
f 176/214/187 8/215/37 175/216/188
f 175/216/188 8/215/37 7/217/39
f 175/216/188 7/217/39 174/218/189
f 174/218/189 7/217/39 6/219/41
f 174/218/189 6/219/41 173/220/190
f 173/220/190 6/219/41 5/221/43
f 173/220/190 5/221/43 172/222/191
f 172/222/191 5/221/43 4/223/45
f 172/222/191 4/223/45 171/224/192
f 171/224/192 4/223/45 3/225/47
f 171/224/192 3/225/47 170/176/169
f 170/176/169 3/225/47 2/177/1
f 48/226/53 38/227/73 25/228/51
f 25/228/51 38/227/73 37/229/75
f 25/228/51 37/229/75 26/230/49
f 26/230/49 37/229/75 36/231/77
f 26/230/49 36/231/77 27/232/95
f 27/232/95 36/231/77 35/233/79
f 27/232/95 35/233/79 28/234/93
f 28/234/93 35/233/79 34/235/81
f 28/234/93 34/235/81 29/236/91
f 29/236/91 34/235/81 33/237/83
f 29/236/91 33/237/83 30/238/89
f 30/238/89 33/237/83 32/239/85
f 30/238/89 32/239/85 31/240/87
f 38/227/73 48/226/53 39/241/71
f 39/241/71 48/226/53 47/242/55
f 39/241/71 47/242/55 40/243/69
f 40/243/69 47/242/55 46/244/57
f 40/243/69 46/244/57 41/245/67
f 41/245/67 46/244/57 45/246/59
f 41/245/67 45/246/59 42/247/65
f 42/247/65 45/246/59 44/248/61
f 42/247/65 44/248/61 43/249/63
f 194/250/193 246/251/194 193/252/195
f 193/252/195 246/251/194 255/253/196
f 193/252/195 255/253/196 216/254/197
f 216/254/197 255/253/196 356/255/198
f 216/254/197 356/255/198 215/256/199
f 215/256/199 356/255/198 351/257/200
f 215/256/199 351/257/200 214/258/201
f 214/258/201 351/257/200 346/259/202
f 214/258/201 346/259/202 213/260/203
f 213/260/203 346/259/202 341/261/204
f 213/260/203 341/261/204 212/262/205
f 212/262/205 341/261/204 336/263/206
f 212/262/205 336/263/206 211/264/207
f 211/264/207 336/263/206 331/265/208
f 211/264/207 331/265/208 210/266/209
f 210/266/209 331/265/208 326/267/210
f 210/266/209 326/267/210 209/268/211
f 209/268/211 326/267/210 321/269/212
f 209/268/211 321/269/212 208/270/213
f 208/270/213 321/269/212 316/271/214
f 208/270/213 316/271/214 207/272/215
f 207/272/215 316/271/214 311/273/216
f 207/272/215 311/273/216 206/274/217
f 206/274/217 311/273/216 306/275/218
f 206/274/217 306/275/218 205/276/219
f 205/276/219 306/275/218 241/277/220
f 205/278/219 241/279/220 204/280/221
f 204/280/221 241/279/220 301/281/222
f 204/280/221 301/281/222 203/282/223
f 203/282/223 301/281/222 296/283/224
f 203/282/223 296/283/224 202/284/225
f 202/284/225 296/283/224 291/285/226
f 202/284/225 291/285/226 201/286/227
f 201/286/227 291/285/226 286/287/228
f 201/286/227 286/287/228 200/288/229
f 200/288/229 286/287/228 281/289/230
f 200/288/229 281/289/230 199/290/231
f 199/290/231 281/289/230 276/291/232
f 199/290/231 276/291/232 198/292/233
f 198/292/233 276/291/232 271/293/234
f 198/292/233 271/293/234 197/294/235
f 197/294/235 271/293/234 266/295/236
f 197/294/235 266/295/236 196/296/237
f 196/296/237 266/295/236 261/297/238
f 196/296/237 261/297/238 195/298/239
f 195/298/239 261/297/238 256/299/240
f 195/298/239 256/299/240 194/250/193
f 194/250/193 256/299/240 246/251/194
f 218/300/241 360/301/242 217/302/243
f 217/302/243 360/301/242 251/303/244
f 217/302/243 251/303/244 240/304/245
f 240/304/245 251/303/244 250/305/246
f 240/304/245 250/305/246 239/306/247
f 239/306/247 250/305/246 260/307/248
f 239/306/247 260/307/248 238/308/249
f 238/308/249 260/307/248 265/309/250
f 238/308/249 265/309/250 237/310/251
f 237/310/251 265/309/250 270/311/252
f 237/310/251 270/311/252 236/312/253
f 236/312/253 270/311/252 275/313/254
f 236/312/253 275/313/254 235/314/255
f 235/314/255 275/313/254 280/315/256
f 235/314/255 280/315/256 234/316/257
f 234/316/257 280/315/256 285/317/258
f 234/316/257 285/317/258 233/318/259
f 233/318/259 285/317/258 290/319/260
f 233/318/259 290/319/260 232/320/261
f 232/320/261 290/319/260 295/321/262
f 232/320/261 295/321/262 231/322/263
f 231/322/263 295/321/262 300/323/264
f 231/322/263 300/323/264 230/324/265
f 230/324/265 300/323/264 305/325/266
f 230/324/265 305/325/266 229/326/267
f 229/326/267 305/325/266 245/327/268
f 229/328/267 245/329/268 228/330/269
f 228/330/269 245/329/268 310/331/270
f 228/330/269 310/331/270 227/332/271
f 227/332/271 310/331/270 315/333/272
f 227/332/271 315/333/272 226/334/273
f 226/334/273 315/333/272 320/335/274
f 226/334/273 320/335/274 225/336/275
f 225/336/275 320/335/274 325/337/276
f 225/336/275 325/337/276 224/338/277
f 224/338/277 325/337/276 330/339/278
f 224/338/277 330/339/278 223/340/279
f 223/340/279 330/339/278 335/341/280
f 223/340/279 335/341/280 222/342/281
f 222/342/281 335/341/280 340/343/282
f 222/342/281 340/343/282 221/344/283
f 221/344/283 340/343/282 345/345/284
f 221/344/283 345/345/284 220/346/285
f 220/346/285 345/345/284 350/347/286
f 220/346/285 350/347/286 219/348/287
f 219/348/287 350/347/286 355/349/288
f 219/348/287 355/349/288 218/300/241
f 218/300/241 355/349/288 360/301/242
f 241/279/220 242/350/289 301/281/222
f 301/281/222 242/350/289 302/351/290
f 301/281/222 302/351/290 296/283/224
f 296/283/224 302/351/290 297/352/291
f 296/283/224 297/352/291 291/285/226
f 291/285/226 297/352/291 292/353/292
f 291/285/226 292/353/292 286/287/228
f 286/287/228 292/353/292 287/354/293
f 286/287/228 287/354/293 281/289/230
f 281/289/230 287/354/293 282/355/294
f 281/289/230 282/355/294 276/291/232
f 276/291/232 282/355/294 277/356/295
f 276/291/232 277/356/295 271/293/234
f 271/293/234 277/356/295 272/357/296
f 271/293/234 272/357/296 266/295/236
f 266/295/236 272/357/296 267/358/297
f 266/295/236 267/358/297 261/297/238
f 261/297/238 267/358/297 262/359/298
f 261/297/238 262/359/298 256/299/240
f 256/299/240 262/359/298 257/360/299
f 256/299/240 257/360/299 246/251/194
f 246/251/194 257/360/299 247/361/300
f 246/251/194 247/361/300 255/253/196
f 255/253/196 247/361/300 254/362/301
f 255/253/196 254/362/301 356/255/198
f 356/255/198 254/362/301 357/363/302
f 356/255/198 357/363/302 351/257/200
f 351/257/200 357/363/302 352/364/303
f 351/257/200 352/364/303 346/259/202
f 346/259/202 352/364/303 347/365/304
f 346/259/202 347/365/304 341/261/204
f 341/261/204 347/365/304 342/366/305
f 341/261/204 342/366/305 336/263/206
f 336/263/206 342/366/305 337/367/306
f 336/263/206 337/367/306 331/265/208
f 331/265/208 337/367/306 332/368/307
f 331/265/208 332/368/307 326/267/210
f 326/267/210 332/368/307 327/369/308
f 326/267/210 327/369/308 321/269/212
f 321/269/212 327/369/308 322/370/309
f 321/269/212 322/370/309 316/271/214
f 316/271/214 322/370/309 317/371/310
f 316/271/214 317/371/310 311/273/216
f 311/273/216 317/371/310 312/372/311
f 311/273/216 312/372/311 306/275/218
f 306/275/218 312/372/311 307/373/312
f 306/275/218 307/373/312 241/277/220
f 241/277/220 307/373/312 242/374/289
f 242/350/289 243/375/313 302/351/290
f 302/351/290 243/375/313 303/376/314
f 302/351/290 303/376/314 297/352/291
f 297/352/291 303/376/314 298/377/315
f 297/352/291 298/377/315 292/353/292
f 292/353/292 298/377/315 293/378/316
f 292/353/292 293/378/316 287/354/293
f 287/354/293 293/378/316 288/379/317
f 287/354/293 288/379/317 282/355/294
f 282/355/294 288/379/317 283/380/318
f 282/355/294 283/380/318 277/356/295
f 277/356/295 283/380/318 278/381/319
f 277/356/295 278/381/319 272/357/296
f 272/357/296 278/381/319 273/382/320
f 272/357/296 273/382/320 267/358/297
f 267/358/297 273/382/320 268/383/321
f 267/358/297 268/383/321 262/359/298
f 262/359/298 268/383/321 263/384/322
f 262/359/298 263/384/322 257/360/299
f 257/360/299 263/384/322 258/385/323
f 257/360/299 258/385/323 247/361/300
f 247/361/300 258/385/323 248/386/324
f 247/361/300 248/386/324 254/362/301
f 254/362/301 248/386/324 253/387/325
f 254/362/301 253/387/325 357/363/302
f 357/363/302 253/387/325 358/388/326
f 357/363/302 358/388/326 352/364/303
f 352/364/303 358/388/326 353/389/327
f 352/364/303 353/389/327 347/365/304
f 347/365/304 353/389/327 348/390/328
f 347/365/304 348/390/328 342/366/305
f 342/366/305 348/390/328 343/391/329
f 342/366/305 343/391/329 337/367/306
f 337/367/306 343/391/329 338/392/330
f 337/367/306 338/392/330 332/368/307
f 332/368/307 338/392/330 333/393/331
f 332/368/307 333/393/331 327/369/308
f 327/369/308 333/393/331 328/394/332
f 327/369/308 328/394/332 322/370/309
f 322/370/309 328/394/332 323/395/333
f 322/370/309 323/395/333 317/371/310
f 317/371/310 323/395/333 318/396/334
f 317/371/310 318/396/334 312/372/311
f 312/372/311 318/396/334 313/397/335
f 312/372/311 313/397/335 307/373/312
f 307/373/312 313/397/335 308/398/336
f 307/373/312 308/398/336 242/374/289
f 242/374/289 308/398/336 243/399/313
f 243/375/313 244/400/337 303/376/314
f 303/376/314 244/400/337 304/401/338
f 303/376/314 304/401/338 298/377/315
f 298/377/315 304/401/338 299/402/339
f 298/377/315 299/402/339 293/378/316
f 293/378/316 299/402/339 294/403/340
f 293/378/316 294/403/340 288/379/317
f 288/379/317 294/403/340 289/404/341
f 288/379/317 289/404/341 283/380/318
f 283/380/318 289/404/341 284/405/342
f 283/380/318 284/405/342 278/381/319
f 278/381/319 284/405/342 279/406/343
f 278/381/319 279/406/343 273/382/320
f 273/382/320 279/406/343 274/407/344
f 273/382/320 274/407/344 268/383/321
f 268/383/321 274/407/344 269/408/345
f 268/383/321 269/408/345 263/384/322
f 263/384/322 269/408/345 264/409/346
f 263/384/322 264/409/346 258/385/323
f 258/385/323 264/409/346 259/410/347
f 258/385/323 259/410/347 248/386/324
f 248/386/324 259/410/347 249/411/348
f 248/386/324 249/411/348 253/387/325
f 253/387/325 249/411/348 252/412/349
f 253/387/325 252/412/349 358/388/326
f 358/388/326 252/412/349 359/413/350
f 358/388/326 359/413/350 353/389/327
f 353/389/327 359/413/350 354/414/351
f 353/389/327 354/414/351 348/390/328
f 348/390/328 354/414/351 349/415/352
f 348/390/328 349/415/352 343/391/329
f 343/391/329 349/415/352 344/416/353
f 343/391/329 344/416/353 338/392/330
f 338/392/330 344/416/353 339/417/354
f 338/392/330 339/417/354 333/393/331
f 333/393/331 339/417/354 334/418/355
f 333/393/331 334/418/355 328/394/332
f 328/394/332 334/418/355 329/419/356
f 328/394/332 329/419/356 323/395/333
f 323/395/333 329/419/356 324/420/357
f 323/395/333 324/420/357 318/396/334
f 318/396/334 324/420/357 319/421/358
f 318/396/334 319/421/358 313/397/335
f 313/397/335 319/421/358 314/422/359
f 313/397/335 314/422/359 308/398/336
f 308/398/336 314/422/359 309/423/360
f 308/398/336 309/423/360 243/399/313
f 243/399/313 309/423/360 244/424/337
f 244/400/337 245/327/268 304/401/338
f 304/401/338 245/327/268 305/325/266
f 304/401/338 305/325/266 299/402/339
f 299/402/339 305/325/266 300/323/264
f 299/402/339 300/323/264 294/403/340
f 294/403/340 300/323/264 295/321/262
f 294/403/340 295/321/262 289/404/341
f 289/404/341 295/321/262 290/319/260
f 289/404/341 290/319/260 284/405/342
f 284/405/342 290/319/260 285/317/258
f 284/405/342 285/317/258 279/406/343
f 279/406/343 285/317/258 280/315/256
f 279/406/343 280/315/256 274/407/344
f 274/407/344 280/315/256 275/313/254
f 274/407/344 275/313/254 269/408/345
f 269/408/345 275/313/254 270/311/252
f 269/408/345 270/311/252 264/409/346
f 264/409/346 270/311/252 265/309/250
f 264/409/346 265/309/250 259/410/347
f 259/410/347 265/309/250 260/307/248
f 259/410/347 260/307/248 249/411/348
f 249/411/348 260/307/248 250/305/246
f 249/411/348 250/305/246 252/412/349
f 252/412/349 250/305/246 251/303/244
f 252/412/349 251/303/244 359/413/350
f 359/413/350 251/303/244 360/301/242
f 359/413/350 360/301/242 354/414/351
f 354/414/351 360/301/242 355/349/288
f 354/414/351 355/349/288 349/415/352
f 349/415/352 355/349/288 350/347/286
f 349/415/352 350/347/286 344/416/353
f 344/416/353 350/347/286 345/345/284
f 344/416/353 345/345/284 339/417/354
f 339/417/354 345/345/284 340/343/282
f 339/417/354 340/343/282 334/418/355
f 334/418/355 340/343/282 335/341/280
f 334/418/355 335/341/280 329/419/356
f 329/419/356 335/341/280 330/339/278
f 329/419/356 330/339/278 324/420/357
f 324/420/357 330/339/278 325/337/276
f 324/420/357 325/337/276 319/421/358
f 319/421/358 325/337/276 320/335/274
f 319/421/358 320/335/274 314/422/359
f 314/422/359 320/335/274 315/333/272
f 314/422/359 315/333/272 309/423/360
f 309/423/360 315/333/272 310/331/270
f 309/423/360 310/331/270 244/424/337
f 244/424/337 310/331/270 245/329/268
f 362/425/361 194/426/193 361/427/362
f 361/427/362 194/426/193 193/428/195
f 361/429/362 193/430/195 384/431/363
f 384/431/363 193/430/195 216/432/197
f 384/431/363 216/432/197 383/433/364
f 383/433/364 216/432/197 215/434/199
f 383/433/364 215/434/199 382/435/365
f 382/435/365 215/434/199 214/436/201
f 382/435/365 214/436/201 381/437/366
f 381/437/366 214/436/201 213/438/203
f 381/437/366 213/438/203 380/439/367
f 380/439/367 213/438/203 212/440/205
f 380/439/367 212/440/205 379/441/368
f 379/441/368 212/440/205 211/442/207
f 379/441/368 211/442/207 378/443/369
f 378/443/369 211/442/207 210/444/209
f 378/443/369 210/444/209 377/445/370
f 377/445/370 210/444/209 209/446/211
f 377/445/370 209/446/211 376/447/371
f 376/447/371 209/446/211 208/448/213
f 376/447/371 208/448/213 375/449/372
f 375/449/372 208/448/213 207/450/215
f 375/449/372 207/450/215 374/451/373
f 374/451/373 207/450/215 206/452/217
f 374/451/373 206/452/217 373/453/374
f 373/453/374 206/452/217 205/454/219
f 373/453/374 205/454/219 372/455/375
f 372/455/375 205/454/219 204/456/221
f 372/455/375 204/456/221 371/457/376
f 371/457/376 204/456/221 203/458/223
f 371/457/376 203/458/223 370/459/377
f 370/459/377 203/458/223 202/460/225
f 370/459/377 202/460/225 369/461/378
f 369/461/378 202/460/225 201/462/227
f 369/461/378 201/462/227 368/463/379
f 368/463/379 201/462/227 200/464/229
f 368/463/379 200/464/229 367/465/380
f 367/465/380 200/464/229 199/466/231
f 367/465/380 199/466/231 366/467/381
f 366/467/381 199/466/231 198/468/233
f 366/467/381 198/468/233 365/469/382
f 365/469/382 198/468/233 197/470/235
f 365/469/382 197/470/235 364/471/383
f 364/471/383 197/470/235 196/472/237
f 364/471/383 196/472/237 363/473/384
f 363/473/384 196/472/237 195/474/239
f 363/473/384 195/474/239 362/425/361
f 362/425/361 195/474/239 194/426/193
f 240/475/245 230/476/265 217/477/243
f 217/477/243 230/476/265 229/478/267
f 217/477/243 229/478/267 218/479/241
f 218/479/241 229/478/267 228/480/269
f 218/479/241 228/480/269 219/481/287
f 219/481/287 228/480/269 227/482/271
f 219/481/287 227/482/271 220/483/285
f 220/483/285 227/482/271 226/484/273
f 220/483/285 226/484/273 221/485/283
f 221/485/283 226/484/273 225/486/275
f 221/485/283 225/486/275 222/487/281
f 222/487/281 225/486/275 224/488/277
f 222/487/281 224/488/277 223/489/279
f 230/476/265 240/475/245 231/490/263
f 231/490/263 240/475/245 239/491/247
f 231/490/263 239/491/247 232/492/261
f 232/492/261 239/491/247 238/493/249
f 232/492/261 238/493/249 233/494/259
f 233/494/259 238/493/249 237/495/251
f 233/494/259 237/495/251 234/496/257
f 234/496/257 237/495/251 236/497/253
f 234/496/257 236/497/253 235/498/255
f 386/499/385 438/500/386 385/501/387
f 385/501/387 438/500/386 447/502/388
f 385/501/387 447/502/388 408/503/389
f 408/503/389 447/502/388 548/504/390
f 408/503/389 548/504/390 407/505/391
f 407/505/391 548/504/390 543/506/392
f 407/505/391 543/506/392 406/507/393
f 406/507/393 543/506/392 538/508/394
f 406/507/393 538/508/394 405/509/395
f 405/509/395 538/508/394 533/510/396
f 405/509/395 533/510/396 404/511/397
f 404/511/397 533/510/396 528/512/398
f 404/511/397 528/512/398 403/513/399
f 403/513/399 528/512/398 523/514/400
f 403/513/399 523/514/400 402/515/401
f 402/515/401 523/514/400 518/516/402
f 402/515/401 518/516/402 401/517/403
f 401/517/403 518/516/402 513/518/404
f 401/517/403 513/518/404 400/519/405
f 400/519/405 513/518/404 508/520/406
f 400/519/405 508/520/406 399/521/407
f 399/521/407 508/520/406 503/522/408
f 399/521/407 503/522/408 398/523/409
f 398/523/409 503/522/408 498/524/410
f 398/523/409 498/524/410 397/525/411
f 397/525/411 498/524/410 433/526/412
f 397/527/411 433/528/412 396/529/413
f 396/529/413 433/528/412 493/530/414
f 396/529/413 493/530/414 395/531/415
f 395/531/415 493/530/414 488/532/416
f 395/531/415 488/532/416 394/533/417
f 394/533/417 488/532/416 483/534/418
f 394/533/417 483/534/418 393/535/419
f 393/535/419 483/534/418 478/536/420
f 393/535/419 478/536/420 392/537/421
f 392/537/421 478/536/420 473/538/422
f 392/537/421 473/538/422 391/539/423
f 391/539/423 473/538/422 468/540/424
f 391/539/423 468/540/424 390/541/425
f 390/541/425 468/540/424 463/542/426
f 390/541/425 463/542/426 389/543/427
f 389/543/427 463/542/426 458/544/428
f 389/543/427 458/544/428 388/545/429
f 388/545/429 458/544/428 453/546/430
f 388/545/429 453/546/430 387/547/431
f 387/547/431 453/546/430 448/548/432
f 387/547/431 448/548/432 386/499/385
f 386/499/385 448/548/432 438/500/386
f 410/549/433 552/550/434 409/551/435
f 409/551/435 552/550/434 443/552/436
f 409/551/435 443/552/436 432/553/437
f 432/553/437 443/552/436 442/554/438
f 432/553/437 442/554/438 431/555/439
f 431/555/439 442/554/438 452/556/440
f 431/555/439 452/556/440 430/557/441
f 430/557/441 452/556/440 457/558/442
f 430/557/441 457/558/442 429/559/443
f 429/559/443 457/558/442 462/560/444
f 429/559/443 462/560/444 428/561/445
f 428/561/445 462/560/444 467/562/446
f 428/561/445 467/562/446 427/563/447
f 427/563/447 467/562/446 472/564/448
f 427/563/447 472/564/448 426/565/449
f 426/565/449 472/564/448 477/566/450
f 426/565/449 477/566/450 425/567/451
f 425/567/451 477/566/450 482/568/452
f 425/567/451 482/568/452 424/569/453
f 424/569/453 482/568/452 487/570/454
f 424/569/453 487/570/454 423/571/455
f 423/571/455 487/570/454 492/572/456
f 423/571/455 492/572/456 422/573/457
f 422/573/457 492/572/456 497/574/458
f 422/573/457 497/574/458 421/575/459
f 421/575/459 497/574/458 437/576/460
f 421/577/459 437/578/460 420/579/461
f 420/579/461 437/578/460 502/580/462
f 420/579/461 502/580/462 419/581/463
f 419/581/463 502/580/462 507/582/464
f 419/581/463 507/582/464 418/583/465
f 418/583/465 507/582/464 512/584/466
f 418/583/465 512/584/466 417/585/467
f 417/585/467 512/584/466 517/586/468
f 417/585/467 517/586/468 416/587/469
f 416/587/469 517/586/468 522/588/470
f 416/587/469 522/588/470 415/589/471
f 415/589/471 522/588/470 527/590/472
f 415/589/471 527/590/472 414/591/473
f 414/591/473 527/590/472 532/592/474
f 414/591/473 532/592/474 413/593/475
f 413/593/475 532/592/474 537/594/476
f 413/593/475 537/594/476 412/595/477
f 412/595/477 537/594/476 542/596/478
f 412/595/477 542/596/478 411/597/479
f 411/597/479 542/596/478 547/598/480
f 411/597/479 547/598/480 410/549/433
f 410/549/433 547/598/480 552/550/434
f 433/528/412 434/599/481 493/530/414
f 493/530/414 434/599/481 494/600/482
f 493/530/414 494/600/482 488/532/416
f 488/532/416 494/600/482 489/601/483
f 488/532/416 489/601/483 483/534/418
f 483/534/418 489/601/483 484/602/484
f 483/534/418 484/602/484 478/536/420
f 478/536/420 484/602/484 479/603/485
f 478/536/420 479/603/485 473/538/422
f 473/538/422 479/603/485 474/604/486
f 473/538/422 474/604/486 468/540/424
f 468/540/424 474/604/486 469/605/487
f 468/540/424 469/605/487 463/542/426
f 463/542/426 469/605/487 464/606/488
f 463/542/426 464/606/488 458/544/428
f 458/544/428 464/606/488 459/607/489
f 458/544/428 459/607/489 453/546/430
f 453/546/430 459/607/489 454/608/490
f 453/546/430 454/608/490 448/548/432
f 448/548/432 454/608/490 449/609/491
f 448/548/432 449/609/491 438/500/386
f 438/500/386 449/609/491 439/610/492
f 438/500/386 439/610/492 447/502/388
f 447/502/388 439/610/492 446/611/493
f 447/502/388 446/611/493 548/504/390
f 548/504/390 446/611/493 549/612/494
f 548/504/390 549/612/494 543/506/392
f 543/506/392 549/612/494 544/613/495
f 543/506/392 544/613/495 538/508/394
f 538/508/394 544/613/495 539/614/496
f 538/508/394 539/614/496 533/510/396
f 533/510/396 539/614/496 534/615/497
f 533/510/396 534/615/497 528/512/398
f 528/512/398 534/615/497 529/616/498
f 528/512/398 529/616/498 523/514/400
f 523/514/400 529/616/498 524/617/499
f 523/514/400 524/617/499 518/516/402
f 518/516/402 524/617/499 519/618/500
f 518/516/402 519/618/500 513/518/404
f 513/518/404 519/618/500 514/619/501
f 513/518/404 514/619/501 508/520/406
f 508/520/406 514/619/501 509/620/502
f 508/520/406 509/620/502 503/522/408
f 503/522/408 509/620/502 504/621/503
f 503/522/408 504/621/503 498/524/410
f 498/524/410 504/621/503 499/622/504
f 498/524/410 499/622/504 433/526/412
f 433/526/412 499/622/504 434/623/481
f 434/599/481 435/624/505 494/600/482
f 494/600/482 435/624/505 495/625/506
f 494/600/482 495/625/506 489/601/483
f 489/601/483 495/625/506 490/626/507
f 489/601/483 490/626/507 484/602/484
f 484/602/484 490/626/507 485/627/508
f 484/602/484 485/627/508 479/603/485
f 479/603/485 485/627/508 480/628/509
f 479/603/485 480/628/509 474/604/486
f 474/604/486 480/628/509 475/629/510
f 474/604/486 475/629/510 469/605/487
f 469/605/487 475/629/510 470/630/511
f 469/605/487 470/630/511 464/606/488
f 464/606/488 470/630/511 465/631/512
f 464/606/488 465/631/512 459/607/489
f 459/607/489 465/631/512 460/632/513
f 459/607/489 460/632/513 454/608/490
f 454/608/490 460/632/513 455/633/514
f 454/608/490 455/633/514 449/609/491
f 449/609/491 455/633/514 450/634/515
f 449/609/491 450/634/515 439/610/492
f 439/610/492 450/634/515 440/635/516
f 439/610/492 440/635/516 446/611/493
f 446/611/493 440/635/516 445/636/517
f 446/611/493 445/636/517 549/612/494
f 549/612/494 445/636/517 550/637/518
f 549/612/494 550/637/518 544/613/495
f 544/613/495 550/637/518 545/638/519
f 544/613/495 545/638/519 539/614/496
f 539/614/496 545/638/519 540/639/520
f 539/614/496 540/639/520 534/615/497
f 534/615/497 540/639/520 535/640/521
f 534/615/497 535/640/521 529/616/498
f 529/616/498 535/640/521 530/641/522
f 529/616/498 530/641/522 524/617/499
f 524/617/499 530/641/522 525/642/523
f 524/617/499 525/642/523 519/618/500
f 519/618/500 525/642/523 520/643/524
f 519/618/500 520/643/524 514/619/501
f 514/619/501 520/643/524 515/644/525
f 514/619/501 515/644/525 509/620/502
f 509/620/502 515/644/525 510/645/526
f 509/620/502 510/645/526 504/621/503
f 504/621/503 510/645/526 505/646/527
f 504/621/503 505/646/527 499/622/504
f 499/622/504 505/646/527 500/647/528
f 499/622/504 500/647/528 434/623/481
f 434/623/481 500/647/528 435/648/505
f 435/624/505 436/649/529 495/625/506
f 495/625/506 436/649/529 496/650/530
f 495/625/506 496/650/530 490/626/507
f 490/626/507 496/650/530 491/651/531
f 490/626/507 491/651/531 485/627/508
f 485/627/508 491/651/531 486/652/532
f 485/627/508 486/652/532 480/628/509
f 480/628/509 486/652/532 481/653/533
f 480/628/509 481/653/533 475/629/510
f 475/629/510 481/653/533 476/654/534
f 475/629/510 476/654/534 470/630/511
f 470/630/511 476/654/534 471/655/535
f 470/630/511 471/655/535 465/631/512
f 465/631/512 471/655/535 466/656/536
f 465/631/512 466/656/536 460/632/513
f 460/632/513 466/656/536 461/657/537
f 460/632/513 461/657/537 455/633/514
f 455/633/514 461/657/537 456/658/538
f 455/633/514 456/658/538 450/634/515
f 450/634/515 456/658/538 451/659/539
f 450/634/515 451/659/539 440/635/516
f 440/635/516 451/659/539 441/660/540
f 440/635/516 441/660/540 445/636/517
f 445/636/517 441/660/540 444/661/541
f 445/636/517 444/661/541 550/637/518
f 550/637/518 444/661/541 551/662/542
f 550/637/518 551/662/542 545/638/519
f 545/638/519 551/662/542 546/663/543
f 545/638/519 546/663/543 540/639/520
f 540/639/520 546/663/543 541/664/544
f 540/639/520 541/664/544 535/640/521
f 535/640/521 541/664/544 536/665/545
f 535/640/521 536/665/545 530/641/522
f 530/641/522 536/665/545 531/666/546
f 530/641/522 531/666/546 525/642/523
f 525/642/523 531/666/546 526/667/547
f 525/642/523 526/667/547 520/643/524
f 520/643/524 526/667/547 521/668/548
f 520/643/524 521/668/548 515/644/525
f 515/644/525 521/668/548 516/669/549
f 515/644/525 516/669/549 510/645/526
f 510/645/526 516/669/549 511/670/550
f 510/645/526 511/670/550 505/646/527
f 505/646/527 511/670/550 506/671/551
f 505/646/527 506/671/551 500/647/528
f 500/647/528 506/671/551 501/672/552
f 500/647/528 501/672/552 435/648/505
f 435/648/505 501/672/552 436/673/529
f 436/649/529 437/576/460 496/650/530
f 496/650/530 437/576/460 497/574/458
f 496/650/530 497/574/458 491/651/531
f 491/651/531 497/574/458 492/572/456
f 491/651/531 492/572/456 486/652/532
f 486/652/532 492/572/456 487/570/454
f 486/652/532 487/570/454 481/653/533
f 481/653/533 487/570/454 482/568/452
f 481/653/533 482/568/452 476/654/534
f 476/654/534 482/568/452 477/566/450
f 476/654/534 477/566/450 471/655/535
f 471/655/535 477/566/450 472/564/448
f 471/655/535 472/564/448 466/656/536
f 466/656/536 472/564/448 467/562/446
f 466/656/536 467/562/446 461/657/537
f 461/657/537 467/562/446 462/560/444
f 461/657/537 462/560/444 456/658/538
f 456/658/538 462/560/444 457/558/442
f 456/658/538 457/558/442 451/659/539
f 451/659/539 457/558/442 452/556/440
f 451/659/539 452/556/440 441/660/540
f 441/660/540 452/556/440 442/554/438
f 441/660/540 442/554/438 444/661/541
f 444/661/541 442/554/438 443/552/436
f 444/661/541 443/552/436 551/662/542
f 551/662/542 443/552/436 552/550/434
f 551/662/542 552/550/434 546/663/543
f 546/663/543 552/550/434 547/598/480
f 546/663/543 547/598/480 541/664/544
f 541/664/544 547/598/480 542/596/478
f 541/664/544 542/596/478 536/665/545
f 536/665/545 542/596/478 537/594/476
f 536/665/545 537/594/476 531/666/546
f 531/666/546 537/594/476 532/592/474
f 531/666/546 532/592/474 526/667/547
f 526/667/547 532/592/474 527/590/472
f 526/667/547 527/590/472 521/668/548
f 521/668/548 527/590/472 522/588/470
f 521/668/548 522/588/470 516/669/549
f 516/669/549 522/588/470 517/586/468
f 516/669/549 517/586/468 511/670/550
f 511/670/550 517/586/468 512/584/466
f 511/670/550 512/584/466 506/671/551
f 506/671/551 512/584/466 507/582/464
f 506/671/551 507/582/464 501/672/552
f 501/672/552 507/582/464 502/580/462
f 501/672/552 502/580/462 436/673/529
f 436/673/529 502/580/462 437/578/460
f 554/674/553 386/675/385 553/676/554
f 553/676/554 386/675/385 385/677/387
f 553/678/554 385/679/387 576/680/555
f 576/680/555 385/679/387 408/681/389
f 576/680/555 408/681/389 575/682/556
f 575/682/556 408/681/389 407/683/391
f 575/682/556 407/683/391 574/684/557
f 574/684/557 407/683/391 406/685/393
f 574/684/557 406/685/393 573/686/558
f 573/686/558 406/685/393 405/687/395
f 573/686/558 405/687/395 572/688/559
f 572/688/559 405/687/395 404/689/397
f 572/688/559 404/689/397 571/690/560
f 571/690/560 404/689/397 403/691/399
f 571/690/560 403/691/399 570/692/561
f 570/692/561 403/691/399 402/693/401
f 570/692/561 402/693/401 569/694/562
f 569/694/562 402/693/401 401/695/403
f 569/694/562 401/695/403 568/696/563
f 568/696/563 401/695/403 400/697/405
f 568/696/563 400/697/405 567/698/564
f 567/698/564 400/697/405 399/699/407
f 567/698/564 399/699/407 566/700/565
f 566/700/565 399/699/407 398/701/409
f 566/700/565 398/701/409 565/702/566
f 565/702/566 398/701/409 397/703/411
f 565/702/566 397/703/411 564/704/567
f 564/704/567 397/703/411 396/705/413
f 564/704/567 396/705/413 563/706/568
f 563/706/568 396/705/413 395/707/415
f 563/706/568 395/707/415 562/708/569
f 562/708/569 395/707/415 394/709/417
f 562/708/569 394/709/417 561/710/570
f 561/710/570 394/709/417 393/711/419
f 561/710/570 393/711/419 560/712/571
f 560/712/571 393/711/419 392/713/421
f 560/712/571 392/713/421 559/714/572
f 559/714/572 392/713/421 391/715/423
f 559/714/572 391/715/423 558/716/573
f 558/716/573 391/715/423 390/717/425
f 558/716/573 390/717/425 557/718/574
f 557/718/574 390/717/425 389/719/427
f 557/718/574 389/719/427 556/720/575
f 556/720/575 389/719/427 388/721/429
f 556/720/575 388/721/429 555/722/576
f 555/722/576 388/721/429 387/723/431
f 555/722/576 387/723/431 554/674/553
f 554/674/553 387/723/431 386/675/385
f 432/724/437 422/725/457 409/726/435
f 409/726/435 422/725/457 421/727/459
f 409/726/435 421/727/459 410/728/433
f 410/728/433 421/727/459 420/729/461
f 410/728/433 420/729/461 411/730/479
f 411/730/479 420/729/461 419/731/463
f 411/730/479 419/731/463 412/732/477
f 412/732/477 419/731/463 418/733/465
f 412/732/477 418/733/465 413/734/475
f 413/734/475 418/733/465 417/735/467
f 413/734/475 417/735/467 414/736/473
f 414/736/473 417/735/467 416/737/469
f 414/736/473 416/737/469 415/738/471
f 422/725/457 432/724/437 423/739/455
f 423/739/455 432/724/437 431/740/439
f 423/739/455 431/740/439 424/741/453
f 424/741/453 431/740/439 430/742/441
f 424/741/453 430/742/441 425/743/451
f 425/743/451 430/742/441 429/744/443
f 425/743/451 429/744/443 426/745/449
f 426/745/449 429/744/443 428/746/445
f 426/745/449 428/746/445 427/747/447
f 578/748/577 630/749/578 577/750/579
f 577/750/579 630/749/578 639/751/580
f 577/750/579 639/751/580 600/752/581
f 600/752/581 639/751/580 740/753/582
f 600/752/581 740/753/582 599/754/583
f 599/754/583 740/753/582 735/755/584
f 599/754/583 735/755/584 598/756/585
f 598/756/585 735/755/584 730/757/586
f 598/756/585 730/757/586 597/758/587
f 597/758/587 730/757/586 725/759/588
f 597/758/587 725/759/588 596/760/589
f 596/760/589 725/759/588 720/761/590
f 596/760/589 720/761/590 595/762/591
f 595/762/591 720/761/590 715/763/592
f 595/762/591 715/763/592 594/764/593
f 594/764/593 715/763/592 710/765/594
f 594/764/593 710/765/594 593/766/595
f 593/766/595 710/765/594 705/767/596
f 593/766/595 705/767/596 592/768/597
f 592/768/597 705/767/596 700/769/598
f 592/768/597 700/769/598 591/770/599
f 591/770/599 700/769/598 695/771/600
f 591/770/599 695/771/600 590/772/601
f 590/772/601 695/771/600 690/773/602
f 590/772/601 690/773/602 589/774/603
f 589/774/603 690/773/602 625/775/604
f 589/776/603 625/777/604 588/778/605
f 588/778/605 625/777/604 685/779/606
f 588/778/605 685/779/606 587/780/607
f 587/780/607 685/779/606 680/781/608
f 587/780/607 680/781/608 586/782/609
f 586/782/609 680/781/608 675/783/610
f 586/782/609 675/783/610 585/784/611
f 585/784/611 675/783/610 670/785/612
f 585/784/611 670/785/612 584/786/613
f 584/786/613 670/785/612 665/787/614
f 584/786/613 665/787/614 583/788/615
f 583/788/615 665/787/614 660/789/616
f 583/788/615 660/789/616 582/790/617
f 582/790/617 660/789/616 655/791/618
f 582/790/617 655/791/618 581/792/619
f 581/792/619 655/791/618 650/793/620
f 581/792/619 650/793/620 580/794/621
f 580/794/621 650/793/620 645/795/622
f 580/794/621 645/795/622 579/796/623
f 579/796/623 645/795/622 640/797/624
f 579/796/623 640/797/624 578/748/577
f 578/748/577 640/797/624 630/749/578
f 602/798/625 744/799/626 601/800/627
f 601/800/627 744/799/626 635/801/628
f 601/800/627 635/801/628 624/802/629
f 624/802/629 635/801/628 634/803/630
f 624/802/629 634/803/630 623/804/631
f 623/804/631 634/803/630 644/805/632
f 623/804/631 644/805/632 622/806/633
f 622/806/633 644/805/632 649/807/634
f 622/806/633 649/807/634 621/808/635
f 621/808/635 649/807/634 654/809/636
f 621/808/635 654/809/636 620/810/637
f 620/810/637 654/809/636 659/811/638
f 620/810/637 659/811/638 619/812/639
f 619/812/639 659/811/638 664/813/640
f 619/812/639 664/813/640 618/814/641
f 618/814/641 664/813/640 669/815/642
f 618/814/641 669/815/642 617/816/643
f 617/816/643 669/815/642 674/817/644
f 617/816/643 674/817/644 616/818/645
f 616/818/645 674/817/644 679/819/646
f 616/818/645 679/819/646 615/820/647
f 615/820/647 679/819/646 684/821/648
f 615/820/647 684/821/648 614/822/649
f 614/822/649 684/821/648 689/823/650
f 614/822/649 689/823/650 613/824/651
f 613/824/651 689/823/650 629/825/652
f 613/826/651 629/827/652 612/828/653
f 612/828/653 629/827/652 694/829/654
f 612/828/653 694/829/654 611/830/655
f 611/830/655 694/829/654 699/831/656
f 611/830/655 699/831/656 610/832/657
f 610/832/657 699/831/656 704/833/658
f 610/832/657 704/833/658 609/834/659
f 609/834/659 704/833/658 709/835/660
f 609/834/659 709/835/660 608/836/661
f 608/836/661 709/835/660 714/837/662
f 608/836/661 714/837/662 607/838/663
f 607/838/663 714/837/662 719/839/664
f 607/838/663 719/839/664 606/840/665
f 606/840/665 719/839/664 724/841/666
f 606/840/665 724/841/666 605/842/667
f 605/842/667 724/841/666 729/843/668
f 605/842/667 729/843/668 604/844/669
f 604/844/669 729/843/668 734/845/670
f 604/844/669 734/845/670 603/846/671
f 603/846/671 734/845/670 739/847/672
f 603/846/671 739/847/672 602/798/625
f 602/798/625 739/847/672 744/799/626
f 625/777/604 626/848/673 685/779/606
f 685/779/606 626/848/673 686/849/674
f 685/779/606 686/849/674 680/781/608
f 680/781/608 686/849/674 681/850/675
f 680/781/608 681/850/675 675/783/610
f 675/783/610 681/850/675 676/851/676
f 675/783/610 676/851/676 670/785/612
f 670/785/612 676/851/676 671/852/677
f 670/785/612 671/852/677 665/787/614
f 665/787/614 671/852/677 666/853/678
f 665/787/614 666/853/678 660/789/616
f 660/789/616 666/853/678 661/854/679
f 660/789/616 661/854/679 655/791/618
f 655/791/618 661/854/679 656/855/680
f 655/791/618 656/855/680 650/793/620
f 650/793/620 656/855/680 651/856/681
f 650/793/620 651/856/681 645/795/622
f 645/795/622 651/856/681 646/857/682
f 645/795/622 646/857/682 640/797/624
f 640/797/624 646/857/682 641/858/683
f 640/797/624 641/858/683 630/749/578
f 630/749/578 641/858/683 631/859/684
f 630/749/578 631/859/684 639/751/580
f 639/751/580 631/859/684 638/860/685
f 639/751/580 638/860/685 740/753/582
f 740/753/582 638/860/685 741/861/686
f 740/753/582 741/861/686 735/755/584
f 735/755/584 741/861/686 736/862/687
f 735/755/584 736/862/687 730/757/586
f 730/757/586 736/862/687 731/863/688
f 730/757/586 731/863/688 725/759/588
f 725/759/588 731/863/688 726/864/689
f 725/759/588 726/864/689 720/761/590
f 720/761/590 726/864/689 721/865/690
f 720/761/590 721/865/690 715/763/592
f 715/763/592 721/865/690 716/866/691
f 715/763/592 716/866/691 710/765/594
f 710/765/594 716/866/691 711/867/692
f 710/765/594 711/867/692 705/767/596
f 705/767/596 711/867/692 706/868/693
f 705/767/596 706/868/693 700/769/598
f 700/769/598 706/868/693 701/869/694
f 700/769/598 701/869/694 695/771/600
f 695/771/600 701/869/694 696/870/695
f 695/771/600 696/870/695 690/773/602
f 690/773/602 696/870/695 691/871/696
f 690/773/602 691/871/696 625/775/604
f 625/775/604 691/871/696 626/872/673
f 626/848/673 627/873/697 686/849/674
f 686/849/674 627/873/697 687/874/698
f 686/849/674 687/874/698 681/850/675
f 681/850/675 687/874/698 682/875/699
f 681/850/675 682/875/699 676/851/676
f 676/851/676 682/875/699 677/876/700
f 676/851/676 677/876/700 671/852/677
f 671/852/677 677/876/700 672/877/701
f 671/852/677 672/877/701 666/853/678
f 666/853/678 672/877/701 667/878/702
f 666/853/678 667/878/702 661/854/679
f 661/854/679 667/878/702 662/879/703
f 661/854/679 662/879/703 656/855/680
f 656/855/680 662/879/703 657/880/704
f 656/855/680 657/880/704 651/856/681
f 651/856/681 657/880/704 652/881/705
f 651/856/681 652/881/705 646/857/682
f 646/857/682 652/881/705 647/882/706
f 646/857/682 647/882/706 641/858/683
f 641/858/683 647/882/706 642/883/707
f 641/858/683 642/883/707 631/859/684
f 631/859/684 642/883/707 632/884/708
f 631/859/684 632/884/708 638/860/685
f 638/860/685 632/884/708 637/885/709
f 638/860/685 637/885/709 741/861/686
f 741/861/686 637/885/709 742/886/710
f 741/861/686 742/886/710 736/862/687
f 736/862/687 742/886/710 737/887/711
f 736/862/687 737/887/711 731/863/688
f 731/863/688 737/887/711 732/888/712
f 731/863/688 732/888/712 726/864/689
f 726/864/689 732/888/712 727/889/713
f 726/864/689 727/889/713 721/865/690
f 721/865/690 727/889/713 722/890/714
f 721/865/690 722/890/714 716/866/691
f 716/866/691 722/890/714 717/891/715
f 716/866/691 717/891/715 711/867/692
f 711/867/692 717/891/715 712/892/716
f 711/867/692 712/892/716 706/868/693
f 706/868/693 712/892/716 707/893/717
f 706/868/693 707/893/717 701/869/694
f 701/869/694 707/893/717 702/894/718
f 701/869/694 702/894/718 696/870/695
f 696/870/695 702/894/718 697/895/719
f 696/870/695 697/895/719 691/871/696
f 691/871/696 697/895/719 692/896/720
f 691/871/696 692/896/720 626/872/673
f 626/872/673 692/896/720 627/897/697
f 627/873/697 628/898/721 687/874/698
f 687/874/698 628/898/721 688/899/722
f 687/874/698 688/899/722 682/875/699
f 682/875/699 688/899/722 683/900/723
f 682/875/699 683/900/723 677/876/700
f 677/876/700 683/900/723 678/901/724
f 677/876/700 678/901/724 672/877/701
f 672/877/701 678/901/724 673/902/725
f 672/877/701 673/902/725 667/878/702
f 667/878/702 673/902/725 668/903/726
f 667/878/702 668/903/726 662/879/703
f 662/879/703 668/903/726 663/904/727
f 662/879/703 663/904/727 657/880/704
f 657/880/704 663/904/727 658/905/728
f 657/880/704 658/905/728 652/881/705
f 652/881/705 658/905/728 653/906/729
f 652/881/705 653/906/729 647/882/706
f 647/882/706 653/906/729 648/907/730
f 647/882/706 648/907/730 642/883/707
f 642/883/707 648/907/730 643/908/731
f 642/883/707 643/908/731 632/884/708
f 632/884/708 643/908/731 633/909/732
f 632/884/708 633/909/732 637/885/709
f 637/885/709 633/909/732 636/910/733
f 637/885/709 636/910/733 742/886/710
f 742/886/710 636/910/733 743/911/734
f 742/886/710 743/911/734 737/887/711
f 737/887/711 743/911/734 738/912/735
f 737/887/711 738/912/735 732/888/712
f 732/888/712 738/912/735 733/913/736
f 732/888/712 733/913/736 727/889/713
f 727/889/713 733/913/736 728/914/737
f 727/889/713 728/914/737 722/890/714
f 722/890/714 728/914/737 723/915/738
f 722/890/714 723/915/738 717/891/715
f 717/891/715 723/915/738 718/916/739
f 717/891/715 718/916/739 712/892/716
f 712/892/716 718/916/739 713/917/740
f 712/892/716 713/917/740 707/893/717
f 707/893/717 713/917/740 708/918/741
f 707/893/717 708/918/741 702/894/718
f 702/894/718 708/918/741 703/919/742
f 702/894/718 703/919/742 697/895/719
f 697/895/719 703/919/742 698/920/743
f 697/895/719 698/920/743 692/896/720
f 692/896/720 698/920/743 693/921/744
f 692/896/720 693/921/744 627/897/697
f 627/897/697 693/921/744 628/922/721
f 628/898/721 629/825/652 688/899/722
f 688/899/722 629/825/652 689/823/650
f 688/899/722 689/823/650 683/900/723
f 683/900/723 689/823/650 684/821/648
f 683/900/723 684/821/648 678/901/724
f 678/901/724 684/821/648 679/819/646
f 678/901/724 679/819/646 673/902/725
f 673/902/725 679/819/646 674/817/644
f 673/902/725 674/817/644 668/903/726
f 668/903/726 674/817/644 669/815/642
f 668/903/726 669/815/642 663/904/727
f 663/904/727 669/815/642 664/813/640
f 663/904/727 664/813/640 658/905/728
f 658/905/728 664/813/640 659/811/638
f 658/905/728 659/811/638 653/906/729
f 653/906/729 659/811/638 654/809/636
f 653/906/729 654/809/636 648/907/730
f 648/907/730 654/809/636 649/807/634
f 648/907/730 649/807/634 643/908/731
f 643/908/731 649/807/634 644/805/632
f 643/908/731 644/805/632 633/909/732
f 633/909/732 644/805/632 634/803/630
f 633/909/732 634/803/630 636/910/733
f 636/910/733 634/803/630 635/801/628
f 636/910/733 635/801/628 743/911/734
f 743/911/734 635/801/628 744/799/626
f 743/911/734 744/799/626 738/912/735
f 738/912/735 744/799/626 739/847/672
f 738/912/735 739/847/672 733/913/736
f 733/913/736 739/847/672 734/845/670
f 733/913/736 734/845/670 728/914/737
f 728/914/737 734/845/670 729/843/668
f 728/914/737 729/843/668 723/915/738
f 723/915/738 729/843/668 724/841/666
f 723/915/738 724/841/666 718/916/739
f 718/916/739 724/841/666 719/839/664
f 718/916/739 719/839/664 713/917/740
f 713/917/740 719/839/664 714/837/662
f 713/917/740 714/837/662 708/918/741
f 708/918/741 714/837/662 709/835/660
f 708/918/741 709/835/660 703/919/742
f 703/919/742 709/835/660 704/833/658
f 703/919/742 704/833/658 698/920/743
f 698/920/743 704/833/658 699/831/656
f 698/920/743 699/831/656 693/921/744
f 693/921/744 699/831/656 694/829/654
f 693/921/744 694/829/654 628/922/721
f 628/922/721 694/829/654 629/827/652
f 746/923/745 578/924/577 745/925/746
f 745/925/746 578/924/577 577/926/579
f 745/927/746 577/928/579 768/929/747
f 768/929/747 577/928/579 600/930/581
f 768/929/747 600/930/581 767/931/748
f 767/931/748 600/930/581 599/932/583
f 767/931/748 599/932/583 766/933/749
f 766/933/749 599/932/583 598/934/585
f 766/933/749 598/934/585 765/935/750
f 765/935/750 598/934/585 597/936/587
f 765/935/750 597/936/587 764/937/751
f 764/937/751 597/936/587 596/938/589
f 764/937/751 596/938/589 763/939/752
f 763/939/752 596/938/589 595/940/591
f 763/939/752 595/940/591 762/941/753
f 762/941/753 595/940/591 594/942/593
f 762/941/753 594/942/593 761/943/754
f 761/943/754 594/942/593 593/944/595
f 761/943/754 593/944/595 760/945/755
f 760/945/755 593/944/595 592/946/597
f 760/945/755 592/946/597 759/947/756
f 759/947/756 592/946/597 591/948/599
f 759/947/756 591/948/599 758/949/757
f 758/949/757 591/948/599 590/950/601
f 758/949/757 590/950/601 757/951/758
f 757/951/758 590/950/601 589/952/603
f 757/951/758 589/952/603 756/953/759
f 756/953/759 589/952/603 588/954/605
f 756/953/759 588/954/605 755/955/760
f 755/955/760 588/954/605 587/956/607
f 755/955/760 587/956/607 754/957/761
f 754/957/761 587/956/607 586/958/609
f 754/957/761 586/958/609 753/959/762
f 753/959/762 586/958/609 585/960/611
f 753/959/762 585/960/611 752/961/763
f 752/961/763 585/960/611 584/962/613
f 752/961/763 584/962/613 751/963/764
f 751/963/764 584/962/613 583/964/615
f 751/963/764 583/964/615 750/965/765
f 750/965/765 583/964/615 582/966/617
f 750/965/765 582/966/617 749/967/766
f 749/967/766 582/966/617 581/968/619
f 749/967/766 581/968/619 748/969/767
f 748/969/767 581/968/619 580/970/621
f 748/969/767 580/970/621 747/971/768
f 747/971/768 580/970/621 579/972/623
f 747/971/768 579/972/623 746/923/745
f 746/923/745 579/972/623 578/924/577
f 624/973/629 614/974/649 601/975/627
f 601/975/627 614/974/649 613/976/651
f 601/975/627 613/976/651 602/977/625
f 602/977/625 613/976/651 612/978/653
f 602/977/625 612/978/653 603/979/671
f 603/979/671 612/978/653 611/980/655
f 603/979/671 611/980/655 604/981/669
f 604/981/669 611/980/655 610/982/657
f 604/981/669 610/982/657 605/983/667
f 605/983/667 610/982/657 609/984/659
f 605/983/667 609/984/659 606/985/665
f 606/985/665 609/984/659 608/986/661
f 606/985/665 608/986/661 607/987/663
f 614/974/649 624/973/629 615/988/647
f 615/988/647 624/973/629 623/989/631
f 615/988/647 623/989/631 616/990/645
f 616/990/645 623/989/631 622/991/633
f 616/990/645 622/991/633 617/992/643
f 617/992/643 622/991/633 621/993/635
f 617/992/643 621/993/635 618/994/641
f 618/994/641 621/993/635 620/995/637
f 618/994/641 620/995/637 619/996/639
f 770/997/769 822/998/770 769/999/771
f 769/999/771 822/998/770 831/1000/772
f 769/999/771 831/1000/772 792/1001/773
f 792/1001/773 831/1000/772 932/1002/774
f 792/1001/773 932/1002/774 791/1003/775
f 791/1003/775 932/1002/774 927/1004/776
f 791/1003/775 927/1004/776 790/1005/777
f 790/1005/777 927/1004/776 922/1006/778
f 790/1005/777 922/1006/778 789/1007/779
f 789/1007/779 922/1006/778 917/1008/780
f 789/1007/779 917/1008/780 788/1009/781
f 788/1009/781 917/1008/780 912/1010/782
f 788/1009/781 912/1010/782 787/1011/783
f 787/1011/783 912/1010/782 907/1012/784
f 787/1011/783 907/1012/784 786/1013/785
f 786/1013/785 907/1012/784 902/1014/786
f 786/1013/785 902/1014/786 785/1015/787
f 785/1015/787 902/1014/786 897/1016/788
f 785/1015/787 897/1016/788 784/1017/789
f 784/1017/789 897/1016/788 892/1018/790
f 784/1017/789 892/1018/790 783/1019/791
f 783/1019/791 892/1018/790 887/1020/792
f 783/1019/791 887/1020/792 782/1021/793
f 782/1021/793 887/1020/792 882/1022/794
f 782/1021/793 882/1022/794 781/1023/795
f 781/1023/795 882/1022/794 817/1024/796
f 781/1025/795 817/1026/796 780/1027/797
f 780/1027/797 817/1026/796 877/1028/798
f 780/1027/797 877/1028/798 779/1029/799
f 779/1029/799 877/1028/798 872/1030/800
f 779/1029/799 872/1030/800 778/1031/801
f 778/1031/801 872/1030/800 867/1032/802
f 778/1031/801 867/1032/802 777/1033/803
f 777/1033/803 867/1032/802 862/1034/804
f 777/1033/803 862/1034/804 776/1035/805
f 776/1035/805 862/1034/804 857/1036/806
f 776/1035/805 857/1036/806 775/1037/807
f 775/1037/807 857/1036/806 852/1038/808
f 775/1037/807 852/1038/808 774/1039/809
f 774/1039/809 852/1038/808 847/1040/810
f 774/1039/809 847/1040/810 773/1041/811
f 773/1041/811 847/1040/810 842/1042/812
f 773/1041/811 842/1042/812 772/1043/813
f 772/1043/813 842/1042/812 837/1044/814
f 772/1043/813 837/1044/814 771/1045/815
f 771/1045/815 837/1044/814 832/1046/816
f 771/1045/815 832/1046/816 770/997/769
f 770/997/769 832/1046/816 822/998/770
f 794/1047/817 936/1048/818 793/1049/819
f 793/1049/819 936/1048/818 827/1050/820
f 793/1049/819 827/1050/820 816/1051/821
f 816/1051/821 827/1050/820 826/1052/822
f 816/1051/821 826/1052/822 815/1053/823
f 815/1053/823 826/1052/822 836/1054/824
f 815/1053/823 836/1054/824 814/1055/825
f 814/1055/825 836/1054/824 841/1056/826
f 814/1055/825 841/1056/826 813/1057/827
f 813/1057/827 841/1056/826 846/1058/828
f 813/1057/827 846/1058/828 812/1059/829
f 812/1059/829 846/1058/828 851/1060/830
f 812/1059/829 851/1060/830 811/1061/831
f 811/1061/831 851/1060/830 856/1062/832
f 811/1061/831 856/1062/832 810/1063/833
f 810/1063/833 856/1062/832 861/1064/834
f 810/1063/833 861/1064/834 809/1065/835
f 809/1065/835 861/1064/834 866/1066/836
f 809/1065/835 866/1066/836 808/1067/837
f 808/1067/837 866/1066/836 871/1068/838
f 808/1067/837 871/1068/838 807/1069/839
f 807/1069/839 871/1068/838 876/1070/840
f 807/1069/839 876/1070/840 806/1071/841
f 806/1071/841 876/1070/840 881/1072/842
f 806/1071/841 881/1072/842 805/1073/843
f 805/1073/843 881/1072/842 821/1074/844
f 805/1075/843 821/1076/844 804/1077/845
f 804/1077/845 821/1076/844 886/1078/846
f 804/1077/845 886/1078/846 803/1079/847
f 803/1079/847 886/1078/846 891/1080/848
f 803/1079/847 891/1080/848 802/1081/849
f 802/1081/849 891/1080/848 896/1082/850
f 802/1081/849 896/1082/850 801/1083/851
f 801/1083/851 896/1082/850 901/1084/852
f 801/1083/851 901/1084/852 800/1085/853
f 800/1085/853 901/1084/852 906/1086/854
f 800/1085/853 906/1086/854 799/1087/855
f 799/1087/855 906/1086/854 911/1088/856
f 799/1087/855 911/1088/856 798/1089/857
f 798/1089/857 911/1088/856 916/1090/858
f 798/1089/857 916/1090/858 797/1091/859
f 797/1091/859 916/1090/858 921/1092/860
f 797/1091/859 921/1092/860 796/1093/861
f 796/1093/861 921/1092/860 926/1094/862
f 796/1093/861 926/1094/862 795/1095/863
f 795/1095/863 926/1094/862 931/1096/864
f 795/1095/863 931/1096/864 794/1047/817
f 794/1047/817 931/1096/864 936/1048/818
f 817/1026/796 818/1097/865 877/1028/798
f 877/1028/798 818/1097/865 878/1098/866
f 877/1028/798 878/1098/866 872/1030/800
f 872/1030/800 878/1098/866 873/1099/867
f 872/1030/800 873/1099/867 867/1032/802
f 867/1032/802 873/1099/867 868/1100/868
f 867/1032/802 868/1100/868 862/1034/804
f 862/1034/804 868/1100/868 863/1101/869
f 862/1034/804 863/1101/869 857/1036/806
f 857/1036/806 863/1101/869 858/1102/870
f 857/1036/806 858/1102/870 852/1038/808
f 852/1038/808 858/1102/870 853/1103/871
f 852/1038/808 853/1103/871 847/1040/810
f 847/1040/810 853/1103/871 848/1104/872
f 847/1040/810 848/1104/872 842/1042/812
f 842/1042/812 848/1104/872 843/1105/873
f 842/1042/812 843/1105/873 837/1044/814
f 837/1044/814 843/1105/873 838/1106/874
f 837/1044/814 838/1106/874 832/1046/816
f 832/1046/816 838/1106/874 833/1107/875
f 832/1046/816 833/1107/875 822/998/770
f 822/998/770 833/1107/875 823/1108/876
f 822/998/770 823/1108/876 831/1000/772
f 831/1000/772 823/1108/876 830/1109/877
f 831/1000/772 830/1109/877 932/1002/774
f 932/1002/774 830/1109/877 933/1110/878
f 932/1002/774 933/1110/878 927/1004/776
f 927/1004/776 933/1110/878 928/1111/879
f 927/1004/776 928/1111/879 922/1006/778
f 922/1006/778 928/1111/879 923/1112/880
f 922/1006/778 923/1112/880 917/1008/780
f 917/1008/780 923/1112/880 918/1113/881
f 917/1008/780 918/1113/881 912/1010/782
f 912/1010/782 918/1113/881 913/1114/882
f 912/1010/782 913/1114/882 907/1012/784
f 907/1012/784 913/1114/882 908/1115/883
f 907/1012/784 908/1115/883 902/1014/786
f 902/1014/786 908/1115/883 903/1116/884
f 902/1014/786 903/1116/884 897/1016/788
f 897/1016/788 903/1116/884 898/1117/885
f 897/1016/788 898/1117/885 892/1018/790
f 892/1018/790 898/1117/885 893/1118/886
f 892/1018/790 893/1118/886 887/1020/792
f 887/1020/792 893/1118/886 888/1119/887
f 887/1020/792 888/1119/887 882/1022/794
f 882/1022/794 888/1119/887 883/1120/888
f 882/1022/794 883/1120/888 817/1024/796
f 817/1024/796 883/1120/888 818/1121/865
f 818/1097/865 819/1122/889 878/1098/866
f 878/1098/866 819/1122/889 879/1123/890
f 878/1098/866 879/1123/890 873/1099/867
f 873/1099/867 879/1123/890 874/1124/891
f 873/1099/867 874/1124/891 868/1100/868
f 868/1100/868 874/1124/891 869/1125/892
f 868/1100/868 869/1125/892 863/1101/869
f 863/1101/869 869/1125/892 864/1126/893
f 863/1101/869 864/1126/893 858/1102/870
f 858/1102/870 864/1126/893 859/1127/894
f 858/1102/870 859/1127/894 853/1103/871
f 853/1103/871 859/1127/894 854/1128/895
f 853/1103/871 854/1128/895 848/1104/872
f 848/1104/872 854/1128/895 849/1129/896
f 848/1104/872 849/1129/896 843/1105/873
f 843/1105/873 849/1129/896 844/1130/897
f 843/1105/873 844/1130/897 838/1106/874
f 838/1106/874 844/1130/897 839/1131/898
f 838/1106/874 839/1131/898 833/1107/875
f 833/1107/875 839/1131/898 834/1132/899
f 833/1107/875 834/1132/899 823/1108/876
f 823/1108/876 834/1132/899 824/1133/900
f 823/1108/876 824/1133/900 830/1109/877
f 830/1109/877 824/1133/900 829/1134/901
f 830/1109/877 829/1134/901 933/1110/878
f 933/1110/878 829/1134/901 934/1135/902
f 933/1110/878 934/1135/902 928/1111/879
f 928/1111/879 934/1135/902 929/1136/903
f 928/1111/879 929/1136/903 923/1112/880
f 923/1112/880 929/1136/903 924/1137/904
f 923/1112/880 924/1137/904 918/1113/881
f 918/1113/881 924/1137/904 919/1138/905
f 918/1113/881 919/1138/905 913/1114/882
f 913/1114/882 919/1138/905 914/1139/906
f 913/1114/882 914/1139/906 908/1115/883
f 908/1115/883 914/1139/906 909/1140/907
f 908/1115/883 909/1140/907 903/1116/884
f 903/1116/884 909/1140/907 904/1141/908
f 903/1116/884 904/1141/908 898/1117/885
f 898/1117/885 904/1141/908 899/1142/909
f 898/1117/885 899/1142/909 893/1118/886
f 893/1118/886 899/1142/909 894/1143/910
f 893/1118/886 894/1143/910 888/1119/887
f 888/1119/887 894/1143/910 889/1144/911
f 888/1119/887 889/1144/911 883/1120/888
f 883/1120/888 889/1144/911 884/1145/912
f 883/1120/888 884/1145/912 818/1121/865
f 818/1121/865 884/1145/912 819/1146/889
f 819/1122/889 820/1147/913 879/1123/890
f 879/1123/890 820/1147/913 880/1148/914
f 879/1123/890 880/1148/914 874/1124/891
f 874/1124/891 880/1148/914 875/1149/915
f 874/1124/891 875/1149/915 869/1125/892
f 869/1125/892 875/1149/915 870/1150/916
f 869/1125/892 870/1150/916 864/1126/893
f 864/1126/893 870/1150/916 865/1151/917
f 864/1126/893 865/1151/917 859/1127/894
f 859/1127/894 865/1151/917 860/1152/918
f 859/1127/894 860/1152/918 854/1128/895
f 854/1128/895 860/1152/918 855/1153/919
f 854/1128/895 855/1153/919 849/1129/896
f 849/1129/896 855/1153/919 850/1154/920
f 849/1129/896 850/1154/920 844/1130/897
f 844/1130/897 850/1154/920 845/1155/921
f 844/1130/897 845/1155/921 839/1131/898
f 839/1131/898 845/1155/921 840/1156/922
f 839/1131/898 840/1156/922 834/1132/899
f 834/1132/899 840/1156/922 835/1157/923
f 834/1132/899 835/1157/923 824/1133/900
f 824/1133/900 835/1157/923 825/1158/924
f 824/1133/900 825/1158/924 829/1134/901
f 829/1134/901 825/1158/924 828/1159/925
f 829/1134/901 828/1159/925 934/1135/902
f 934/1135/902 828/1159/925 935/1160/926
f 934/1135/902 935/1160/926 929/1136/903
f 929/1136/903 935/1160/926 930/1161/927
f 929/1136/903 930/1161/927 924/1137/904
f 924/1137/904 930/1161/927 925/1162/928
f 924/1137/904 925/1162/928 919/1138/905
f 919/1138/905 925/1162/928 920/1163/929
f 919/1138/905 920/1163/929 914/1139/906
f 914/1139/906 920/1163/929 915/1164/930
f 914/1139/906 915/1164/930 909/1140/907
f 909/1140/907 915/1164/930 910/1165/931
f 909/1140/907 910/1165/931 904/1141/908
f 904/1141/908 910/1165/931 905/1166/932
f 904/1141/908 905/1166/932 899/1142/909
f 899/1142/909 905/1166/932 900/1167/933
f 899/1142/909 900/1167/933 894/1143/910
f 894/1143/910 900/1167/933 895/1168/934
f 894/1143/910 895/1168/934 889/1144/911
f 889/1144/911 895/1168/934 890/1169/935
f 889/1144/911 890/1169/935 884/1145/912
f 884/1145/912 890/1169/935 885/1170/936
f 884/1145/912 885/1170/936 819/1146/889
f 819/1146/889 885/1170/936 820/1171/913
f 820/1147/913 821/1074/844 880/1148/914
f 880/1148/914 821/1074/844 881/1072/842
f 880/1148/914 881/1072/842 875/1149/915
f 875/1149/915 881/1072/842 876/1070/840
f 875/1149/915 876/1070/840 870/1150/916
f 870/1150/916 876/1070/840 871/1068/838
f 870/1150/916 871/1068/838 865/1151/917
f 865/1151/917 871/1068/838 866/1066/836
f 865/1151/917 866/1066/836 860/1152/918
f 860/1152/918 866/1066/836 861/1064/834
f 860/1152/918 861/1064/834 855/1153/919
f 855/1153/919 861/1064/834 856/1062/832
f 855/1153/919 856/1062/832 850/1154/920
f 850/1154/920 856/1062/832 851/1060/830
f 850/1154/920 851/1060/830 845/1155/921
f 845/1155/921 851/1060/830 846/1058/828
f 845/1155/921 846/1058/828 840/1156/922
f 840/1156/922 846/1058/828 841/1056/826
f 840/1156/922 841/1056/826 835/1157/923
f 835/1157/923 841/1056/826 836/1054/824
f 835/1157/923 836/1054/824 825/1158/924
f 825/1158/924 836/1054/824 826/1052/822
f 825/1158/924 826/1052/822 828/1159/925
f 828/1159/925 826/1052/822 827/1050/820
f 828/1159/925 827/1050/820 935/1160/926
f 935/1160/926 827/1050/820 936/1048/818
f 935/1160/926 936/1048/818 930/1161/927
f 930/1161/927 936/1048/818 931/1096/864
f 930/1161/927 931/1096/864 925/1162/928
f 925/1162/928 931/1096/864 926/1094/862
f 925/1162/928 926/1094/862 920/1163/929
f 920/1163/929 926/1094/862 921/1092/860
f 920/1163/929 921/1092/860 915/1164/930
f 915/1164/930 921/1092/860 916/1090/858
f 915/1164/930 916/1090/858 910/1165/931
f 910/1165/931 916/1090/858 911/1088/856
f 910/1165/931 911/1088/856 905/1166/932
f 905/1166/932 911/1088/856 906/1086/854
f 905/1166/932 906/1086/854 900/1167/933
f 900/1167/933 906/1086/854 901/1084/852
f 900/1167/933 901/1084/852 895/1168/934
f 895/1168/934 901/1084/852 896/1082/850
f 895/1168/934 896/1082/850 890/1169/935
f 890/1169/935 896/1082/850 891/1080/848
f 890/1169/935 891/1080/848 885/1170/936
f 885/1170/936 891/1080/848 886/1078/846
f 885/1170/936 886/1078/846 820/1171/913
f 820/1171/913 886/1078/846 821/1076/844
f 938/1172/937 770/1173/769 937/1174/938
f 937/1174/938 770/1173/769 769/1175/771
f 937/1176/938 769/1177/771 960/1178/939
f 960/1178/939 769/1177/771 792/1179/773
f 960/1178/939 792/1179/773 959/1180/940
f 959/1180/940 792/1179/773 791/1181/775
f 959/1180/940 791/1181/775 958/1182/941
f 958/1182/941 791/1181/775 790/1183/777
f 958/1182/941 790/1183/777 957/1184/942
f 957/1184/942 790/1183/777 789/1185/779
f 957/1184/942 789/1185/779 956/1186/943
f 956/1186/943 789/1185/779 788/1187/781
f 956/1186/943 788/1187/781 955/1188/944
f 955/1188/944 788/1187/781 787/1189/783
f 955/1188/944 787/1189/783 954/1190/945
f 954/1190/945 787/1189/783 786/1191/785
f 954/1190/945 786/1191/785 953/1192/946
f 953/1192/946 786/1191/785 785/1193/787
f 953/1192/946 785/1193/787 952/1194/947
f 952/1194/947 785/1193/787 784/1195/789
f 952/1194/947 784/1195/789 951/1196/948
f 951/1196/948 784/1195/789 783/1197/791
f 951/1196/948 783/1197/791 950/1198/949
f 950/1198/949 783/1197/791 782/1199/793
f 950/1198/949 782/1199/793 949/1200/950
f 949/1200/950 782/1199/793 781/1201/795
f 949/1200/950 781/1201/795 948/1202/951
f 948/1202/951 781/1201/795 780/1203/797
f 948/1202/951 780/1203/797 947/1204/952
f 947/1204/952 780/1203/797 779/1205/799
f 947/1204/952 779/1205/799 946/1206/953
f 946/1206/953 779/1205/799 778/1207/801
f 946/1206/953 778/1207/801 945/1208/954
f 945/1208/954 778/1207/801 777/1209/803
f 945/1208/954 777/1209/803 944/1210/955
f 944/1210/955 777/1209/803 776/1211/805
f 944/1210/955 776/1211/805 943/1212/956
f 943/1212/956 776/1211/805 775/1213/807
f 943/1212/956 775/1213/807 942/1214/957
f 942/1214/957 775/1213/807 774/1215/809
f 942/1214/957 774/1215/809 941/1216/958
f 941/1216/958 774/1215/809 773/1217/811
f 941/1216/958 773/1217/811 940/1218/959
f 940/1218/959 773/1217/811 772/1219/813
f 940/1218/959 772/1219/813 939/1220/960
f 939/1220/960 772/1219/813 771/1221/815
f 939/1220/960 771/1221/815 938/1172/937
f 938/1172/937 771/1221/815 770/1173/769
f 816/1222/821 806/1223/841 793/1224/819
f 793/1224/819 806/1223/841 805/1225/843
f 793/1224/819 805/1225/843 794/1226/817
f 794/1226/817 805/1225/843 804/1227/845
f 794/1226/817 804/1227/845 795/1228/863
f 795/1228/863 804/1227/845 803/1229/847
f 795/1228/863 803/1229/847 796/1230/861
f 796/1230/861 803/1229/847 802/1231/849
f 796/1230/861 802/1231/849 797/1232/859
f 797/1232/859 802/1231/849 801/1233/851
f 797/1232/859 801/1233/851 798/1234/857
f 798/1234/857 801/1233/851 800/1235/853
f 798/1234/857 800/1235/853 799/1236/855
f 806/1223/841 816/1222/821 807/1237/839
f 807/1237/839 816/1222/821 815/1238/823
f 807/1237/839 815/1238/823 808/1239/837
f 808/1239/837 815/1238/823 814/1240/825
f 808/1239/837 814/1240/825 809/1241/835
f 809/1241/835 814/1240/825 813/1242/827
f 809/1241/835 813/1242/827 810/1243/833
f 810/1243/833 813/1242/827 812/1244/829
f 810/1243/833 812/1244/829 811/1245/831
f 962/1246/961 1014/1247/962 961/1248/963
f 961/1248/963 1014/1247/962 1023/1249/964
f 961/1248/963 1023/1249/964 984/1250/965
f 984/1250/965 1023/1249/964 1124/1251/966
f 984/1250/965 1124/1251/966 983/1252/967
f 983/1252/967 1124/1251/966 1119/1253/968
f 983/1252/967 1119/1253/968 982/1254/969
f 982/1254/969 1119/1253/968 1114/1255/970
f 982/1254/969 1114/1255/970 981/1256/971
f 981/1256/971 1114/1255/970 1109/1257/972
f 981/1256/971 1109/1257/972 980/1258/973
f 980/1258/973 1109/1257/972 1104/1259/974
f 980/1258/973 1104/1259/974 979/1260/975
f 979/1260/975 1104/1259/974 1099/1261/976
f 979/1260/975 1099/1261/976 978/1262/977
f 978/1262/977 1099/1261/976 1094/1263/978
f 978/1262/977 1094/1263/978 977/1264/979
f 977/1264/979 1094/1263/978 1089/1265/980
f 977/1264/979 1089/1265/980 976/1266/981
f 976/1266/981 1089/1265/980 1084/1267/982
f 976/1266/981 1084/1267/982 975/1268/983
f 975/1268/983 1084/1267/982 1079/1269/984
f 975/1268/983 1079/1269/984 974/1270/985
f 974/1270/985 1079/1269/984 1074/1271/986
f 974/1270/985 1074/1271/986 973/1272/987
f 973/1272/987 1074/1271/986 1009/1273/988
f 973/1274/987 1009/1275/988 972/1276/989
f 972/1276/989 1009/1275/988 1069/1277/990
f 972/1276/989 1069/1277/990 971/1278/991
f 971/1278/991 1069/1277/990 1064/1279/992
f 971/1278/991 1064/1279/992 970/1280/993
f 970/1280/993 1064/1279/992 1059/1281/994
f 970/1280/993 1059/1281/994 969/1282/995
f 969/1282/995 1059/1281/994 1054/1283/996
f 969/1282/995 1054/1283/996 968/1284/997
f 968/1284/997 1054/1283/996 1049/1285/998
f 968/1284/997 1049/1285/998 967/1286/999
f 967/1286/999 1049/1285/998 1044/1287/1000
f 967/1286/999 1044/1287/1000 966/1288/1001
f 966/1288/1001 1044/1287/1000 1039/1289/1002
f 966/1288/1001 1039/1289/1002 965/1290/1003
f 965/1290/1003 1039/1289/1002 1034/1291/1004
f 965/1290/1003 1034/1291/1004 964/1292/1005
f 964/1292/1005 1034/1291/1004 1029/1293/1006
f 964/1292/1005 1029/1293/1006 963/1294/1007
f 963/1294/1007 1029/1293/1006 1024/1295/1008
f 963/1294/1007 1024/1295/1008 962/1246/961
f 962/1246/961 1024/1295/1008 1014/1247/962
f 986/1296/1009 1128/1297/1010 985/1298/1011
f 985/1298/1011 1128/1297/1010 1019/1299/1012
f 985/1298/1011 1019/1299/1012 1008/1300/1013
f 1008/1300/1013 1019/1299/1012 1018/1301/1014
f 1008/1300/1013 1018/1301/1014 1007/1302/1015
f 1007/1302/1015 1018/1301/1014 1028/1303/1016
f 1007/1302/1015 1028/1303/1016 1006/1304/1017
f 1006/1304/1017 1028/1303/1016 1033/1305/1018
f 1006/1304/1017 1033/1305/1018 1005/1306/1019
f 1005/1306/1019 1033/1305/1018 1038/1307/1020
f 1005/1306/1019 1038/1307/1020 1004/1308/1021
f 1004/1308/1021 1038/1307/1020 1043/1309/1022
f 1004/1308/1021 1043/1309/1022 1003/1310/1023
f 1003/1310/1023 1043/1309/1022 1048/1311/1024
f 1003/1310/1023 1048/1311/1024 1002/1312/1025
f 1002/1312/1025 1048/1311/1024 1053/1313/1026
f 1002/1312/1025 1053/1313/1026 1001/1314/1027
f 1001/1314/1027 1053/1313/1026 1058/1315/1028
f 1001/1314/1027 1058/1315/1028 1000/1316/1029
f 1000/1316/1029 1058/1315/1028 1063/1317/1030
f 1000/1316/1029 1063/1317/1030 999/1318/1031
f 999/1318/1031 1063/1317/1030 1068/1319/1032
f 999/1318/1031 1068/1319/1032 998/1320/1033
f 998/1320/1033 1068/1319/1032 1073/1321/1034
f 998/1320/1033 1073/1321/1034 997/1322/1035
f 997/1322/1035 1073/1321/1034 1013/1323/1036
f 997/1324/1035 1013/1325/1036 996/1326/1037
f 996/1326/1037 1013/1325/1036 1078/1327/1038
f 996/1326/1037 1078/1327/1038 995/1328/1039
f 995/1328/1039 1078/1327/1038 1083/1329/1040
f 995/1328/1039 1083/1329/1040 994/1330/1041
f 994/1330/1041 1083/1329/1040 1088/1331/1042
f 994/1330/1041 1088/1331/1042 993/1332/1043
f 993/1332/1043 1088/1331/1042 1093/1333/1044
f 993/1332/1043 1093/1333/1044 992/1334/1045
f 992/1334/1045 1093/1333/1044 1098/1335/1046
f 992/1334/1045 1098/1335/1046 991/1336/1047
f 991/1336/1047 1098/1335/1046 1103/1337/1048
f 991/1336/1047 1103/1337/1048 990/1338/1049
f 990/1338/1049 1103/1337/1048 1108/1339/1050
f 990/1338/1049 1108/1339/1050 989/1340/1051
f 989/1340/1051 1108/1339/1050 1113/1341/1052
f 989/1340/1051 1113/1341/1052 988/1342/1053
f 988/1342/1053 1113/1341/1052 1118/1343/1054
f 988/1342/1053 1118/1343/1054 987/1344/1055
f 987/1344/1055 1118/1343/1054 1123/1345/1056
f 987/1344/1055 1123/1345/1056 986/1296/1009
f 986/1296/1009 1123/1345/1056 1128/1297/1010
f 1009/1275/988 1010/1346/1057 1069/1277/990
f 1069/1277/990 1010/1346/1057 1070/1347/1058
f 1069/1277/990 1070/1347/1058 1064/1279/992
f 1064/1279/992 1070/1347/1058 1065/1348/1059
f 1064/1279/992 1065/1348/1059 1059/1281/994
f 1059/1281/994 1065/1348/1059 1060/1349/1060
f 1059/1281/994 1060/1349/1060 1054/1283/996
f 1054/1283/996 1060/1349/1060 1055/1350/1061
f 1054/1283/996 1055/1350/1061 1049/1285/998
f 1049/1285/998 1055/1350/1061 1050/1351/1062
f 1049/1285/998 1050/1351/1062 1044/1287/1000
f 1044/1287/1000 1050/1351/1062 1045/1352/1063
f 1044/1287/1000 1045/1352/1063 1039/1289/1002
f 1039/1289/1002 1045/1352/1063 1040/1353/1064
f 1039/1289/1002 1040/1353/1064 1034/1291/1004
f 1034/1291/1004 1040/1353/1064 1035/1354/1065
f 1034/1291/1004 1035/1354/1065 1029/1293/1006
f 1029/1293/1006 1035/1354/1065 1030/1355/1066
f 1029/1293/1006 1030/1355/1066 1024/1295/1008
f 1024/1295/1008 1030/1355/1066 1025/1356/1067
f 1024/1295/1008 1025/1356/1067 1014/1247/962
f 1014/1247/962 1025/1356/1067 1015/1357/1068
f 1014/1247/962 1015/1357/1068 1023/1249/964
f 1023/1249/964 1015/1357/1068 1022/1358/1069
f 1023/1249/964 1022/1358/1069 1124/1251/966
f 1124/1251/966 1022/1358/1069 1125/1359/1070
f 1124/1251/966 1125/1359/1070 1119/1253/968
f 1119/1253/968 1125/1359/1070 1120/1360/1071
f 1119/1253/968 1120/1360/1071 1114/1255/970
f 1114/1255/970 1120/1360/1071 1115/1361/1072
f 1114/1255/970 1115/1361/1072 1109/1257/972
f 1109/1257/972 1115/1361/1072 1110/1362/1073
f 1109/1257/972 1110/1362/1073 1104/1259/974
f 1104/1259/974 1110/1362/1073 1105/1363/1074
f 1104/1259/974 1105/1363/1074 1099/1261/976
f 1099/1261/976 1105/1363/1074 1100/1364/1075
f 1099/1261/976 1100/1364/1075 1094/1263/978
f 1094/1263/978 1100/1364/1075 1095/1365/1076
f 1094/1263/978 1095/1365/1076 1089/1265/980
f 1089/1265/980 1095/1365/1076 1090/1366/1077
f 1089/1265/980 1090/1366/1077 1084/1267/982
f 1084/1267/982 1090/1366/1077 1085/1367/1078
f 1084/1267/982 1085/1367/1078 1079/1269/984
f 1079/1269/984 1085/1367/1078 1080/1368/1079
f 1079/1269/984 1080/1368/1079 1074/1271/986
f 1074/1271/986 1080/1368/1079 1075/1369/1080
f 1074/1271/986 1075/1369/1080 1009/1273/988
f 1009/1273/988 1075/1369/1080 1010/1370/1057
f 1010/1346/1057 1011/1371/1081 1070/1347/1058
f 1070/1347/1058 1011/1371/1081 1071/1372/1082
f 1070/1347/1058 1071/1372/1082 1065/1348/1059
f 1065/1348/1059 1071/1372/1082 1066/1373/1083
f 1065/1348/1059 1066/1373/1083 1060/1349/1060
f 1060/1349/1060 1066/1373/1083 1061/1374/1084
f 1060/1349/1060 1061/1374/1084 1055/1350/1061
f 1055/1350/1061 1061/1374/1084 1056/1375/1085
f 1055/1350/1061 1056/1375/1085 1050/1351/1062
f 1050/1351/1062 1056/1375/1085 1051/1376/1086
f 1050/1351/1062 1051/1376/1086 1045/1352/1063
f 1045/1352/1063 1051/1376/1086 1046/1377/1087
f 1045/1352/1063 1046/1377/1087 1040/1353/1064
f 1040/1353/1064 1046/1377/1087 1041/1378/1088
f 1040/1353/1064 1041/1378/1088 1035/1354/1065
f 1035/1354/1065 1041/1378/1088 1036/1379/1089
f 1035/1354/1065 1036/1379/1089 1030/1355/1066
f 1030/1355/1066 1036/1379/1089 1031/1380/1090
f 1030/1355/1066 1031/1380/1090 1025/1356/1067
f 1025/1356/1067 1031/1380/1090 1026/1381/1091
f 1025/1356/1067 1026/1381/1091 1015/1357/1068
f 1015/1357/1068 1026/1381/1091 1016/1382/1092
f 1015/1357/1068 1016/1382/1092 1022/1358/1069
f 1022/1358/1069 1016/1382/1092 1021/1383/1093
f 1022/1358/1069 1021/1383/1093 1125/1359/1070
f 1125/1359/1070 1021/1383/1093 1126/1384/1094
f 1125/1359/1070 1126/1384/1094 1120/1360/1071
f 1120/1360/1071 1126/1384/1094 1121/1385/1095
f 1120/1360/1071 1121/1385/1095 1115/1361/1072
f 1115/1361/1072 1121/1385/1095 1116/1386/1096
f 1115/1361/1072 1116/1386/1096 1110/1362/1073
f 1110/1362/1073 1116/1386/1096 1111/1387/1097
f 1110/1362/1073 1111/1387/1097 1105/1363/1074
f 1105/1363/1074 1111/1387/1097 1106/1388/1098
f 1105/1363/1074 1106/1388/1098 1100/1364/1075
f 1100/1364/1075 1106/1388/1098 1101/1389/1099
f 1100/1364/1075 1101/1389/1099 1095/1365/1076
f 1095/1365/1076 1101/1389/1099 1096/1390/1100
f 1095/1365/1076 1096/1390/1100 1090/1366/1077
f 1090/1366/1077 1096/1390/1100 1091/1391/1101
f 1090/1366/1077 1091/1391/1101 1085/1367/1078
f 1085/1367/1078 1091/1391/1101 1086/1392/1102
f 1085/1367/1078 1086/1392/1102 1080/1368/1079
f 1080/1368/1079 1086/1392/1102 1081/1393/1103
f 1080/1368/1079 1081/1393/1103 1075/1369/1080
f 1075/1369/1080 1081/1393/1103 1076/1394/1104
f 1075/1369/1080 1076/1394/1104 1010/1370/1057
f 1010/1370/1057 1076/1394/1104 1011/1395/1081
f 1011/1371/1081 1012/1396/1105 1071/1372/1082
f 1071/1372/1082 1012/1396/1105 1072/1397/1106
f 1071/1372/1082 1072/1397/1106 1066/1373/1083
f 1066/1373/1083 1072/1397/1106 1067/1398/1107
f 1066/1373/1083 1067/1398/1107 1061/1374/1084
f 1061/1374/1084 1067/1398/1107 1062/1399/1108
f 1061/1374/1084 1062/1399/1108 1056/1375/1085
f 1056/1375/1085 1062/1399/1108 1057/1400/1109
f 1056/1375/1085 1057/1400/1109 1051/1376/1086
f 1051/1376/1086 1057/1400/1109 1052/1401/1110
f 1051/1376/1086 1052/1401/1110 1046/1377/1087
f 1046/1377/1087 1052/1401/1110 1047/1402/1111
f 1046/1377/1087 1047/1402/1111 1041/1378/1088
f 1041/1378/1088 1047/1402/1111 1042/1403/1112
f 1041/1378/1088 1042/1403/1112 1036/1379/1089
f 1036/1379/1089 1042/1403/1112 1037/1404/1113
f 1036/1379/1089 1037/1404/1113 1031/1380/1090
f 1031/1380/1090 1037/1404/1113 1032/1405/1114
f 1031/1380/1090 1032/1405/1114 1026/1381/1091
f 1026/1381/1091 1032/1405/1114 1027/1406/1115
f 1026/1381/1091 1027/1406/1115 1016/1382/1092
f 1016/1382/1092 1027/1406/1115 1017/1407/1116
f 1016/1382/1092 1017/1407/1116 1021/1383/1093
f 1021/1383/1093 1017/1407/1116 1020/1408/1117
f 1021/1383/1093 1020/1408/1117 1126/1384/1094
f 1126/1384/1094 1020/1408/1117 1127/1409/1118
f 1126/1384/1094 1127/1409/1118 1121/1385/1095
f 1121/1385/1095 1127/1409/1118 1122/1410/1119
f 1121/1385/1095 1122/1410/1119 1116/1386/1096
f 1116/1386/1096 1122/1410/1119 1117/1411/1120
f 1116/1386/1096 1117/1411/1120 1111/1387/1097
f 1111/1387/1097 1117/1411/1120 1112/1412/1121
f 1111/1387/1097 1112/1412/1121 1106/1388/1098
f 1106/1388/1098 1112/1412/1121 1107/1413/1122
f 1106/1388/1098 1107/1413/1122 1101/1389/1099
f 1101/1389/1099 1107/1413/1122 1102/1414/1123
f 1101/1389/1099 1102/1414/1123 1096/1390/1100
f 1096/1390/1100 1102/1414/1123 1097/1415/1124
f 1096/1390/1100 1097/1415/1124 1091/1391/1101
f 1091/1391/1101 1097/1415/1124 1092/1416/1125
f 1091/1391/1101 1092/1416/1125 1086/1392/1102
f 1086/1392/1102 1092/1416/1125 1087/1417/1126
f 1086/1392/1102 1087/1417/1126 1081/1393/1103
f 1081/1393/1103 1087/1417/1126 1082/1418/1127
f 1081/1393/1103 1082/1418/1127 1076/1394/1104
f 1076/1394/1104 1082/1418/1127 1077/1419/1128
f 1076/1394/1104 1077/1419/1128 1011/1395/1081
f 1011/1395/1081 1077/1419/1128 1012/1420/1105
f 1012/1396/1105 1013/1323/1036 1072/1397/1106
f 1072/1397/1106 1013/1323/1036 1073/1321/1034
f 1072/1397/1106 1073/1321/1034 1067/1398/1107
f 1067/1398/1107 1073/1321/1034 1068/1319/1032
f 1067/1398/1107 1068/1319/1032 1062/1399/1108
f 1062/1399/1108 1068/1319/1032 1063/1317/1030
f 1062/1399/1108 1063/1317/1030 1057/1400/1109
f 1057/1400/1109 1063/1317/1030 1058/1315/1028
f 1057/1400/1109 1058/1315/1028 1052/1401/1110
f 1052/1401/1110 1058/1315/1028 1053/1313/1026
f 1052/1401/1110 1053/1313/1026 1047/1402/1111
f 1047/1402/1111 1053/1313/1026 1048/1311/1024
f 1047/1402/1111 1048/1311/1024 1042/1403/1112
f 1042/1403/1112 1048/1311/1024 1043/1309/1022
f 1042/1403/1112 1043/1309/1022 1037/1404/1113
f 1037/1404/1113 1043/1309/1022 1038/1307/1020
f 1037/1404/1113 1038/1307/1020 1032/1405/1114
f 1032/1405/1114 1038/1307/1020 1033/1305/1018
f 1032/1405/1114 1033/1305/1018 1027/1406/1115
f 1027/1406/1115 1033/1305/1018 1028/1303/1016
f 1027/1406/1115 1028/1303/1016 1017/1407/1116
f 1017/1407/1116 1028/1303/1016 1018/1301/1014
f 1017/1407/1116 1018/1301/1014 1020/1408/1117
f 1020/1408/1117 1018/1301/1014 1019/1299/1012
f 1020/1408/1117 1019/1299/1012 1127/1409/1118
f 1127/1409/1118 1019/1299/1012 1128/1297/1010
f 1127/1409/1118 1128/1297/1010 1122/1410/1119
f 1122/1410/1119 1128/1297/1010 1123/1345/1056
f 1122/1410/1119 1123/1345/1056 1117/1411/1120
f 1117/1411/1120 1123/1345/1056 1118/1343/1054
f 1117/1411/1120 1118/1343/1054 1112/1412/1121
f 1112/1412/1121 1118/1343/1054 1113/1341/1052
f 1112/1412/1121 1113/1341/1052 1107/1413/1122
f 1107/1413/1122 1113/1341/1052 1108/1339/1050
f 1107/1413/1122 1108/1339/1050 1102/1414/1123
f 1102/1414/1123 1108/1339/1050 1103/1337/1048
f 1102/1414/1123 1103/1337/1048 1097/1415/1124
f 1097/1415/1124 1103/1337/1048 1098/1335/1046
f 1097/1415/1124 1098/1335/1046 1092/1416/1125
f 1092/1416/1125 1098/1335/1046 1093/1333/1044
f 1092/1416/1125 1093/1333/1044 1087/1417/1126
f 1087/1417/1126 1093/1333/1044 1088/1331/1042
f 1087/1417/1126 1088/1331/1042 1082/1418/1127
f 1082/1418/1127 1088/1331/1042 1083/1329/1040
f 1082/1418/1127 1083/1329/1040 1077/1419/1128
f 1077/1419/1128 1083/1329/1040 1078/1327/1038
f 1077/1419/1128 1078/1327/1038 1012/1420/1105
f 1012/1420/1105 1078/1327/1038 1013/1325/1036
f 1130/1421/1129 962/1422/961 1129/1423/1130
f 1129/1423/1130 962/1422/961 961/1424/963
f 1129/1425/1130 961/1426/963 1152/1427/1131
f 1152/1427/1131 961/1426/963 984/1428/965
f 1152/1427/1131 984/1428/965 1151/1429/1132
f 1151/1429/1132 984/1428/965 983/1430/967
f 1151/1429/1132 983/1430/967 1150/1431/1133
f 1150/1431/1133 983/1430/967 982/1432/969
f 1150/1431/1133 982/1432/969 1149/1433/1134
f 1149/1433/1134 982/1432/969 981/1434/971
f 1149/1433/1134 981/1434/971 1148/1435/1135
f 1148/1435/1135 981/1434/971 980/1436/973
f 1148/1435/1135 980/1436/973 1147/1437/1136
f 1147/1437/1136 980/1436/973 979/1438/975
f 1147/1437/1136 979/1438/975 1146/1439/1137
f 1146/1439/1137 979/1438/975 978/1440/977
f 1146/1439/1137 978/1440/977 1145/1441/1138
f 1145/1441/1138 978/1440/977 977/1442/979
f 1145/1441/1138 977/1442/979 1144/1443/1139
f 1144/1443/1139 977/1442/979 976/1444/981
f 1144/1443/1139 976/1444/981 1143/1445/1140
f 1143/1445/1140 976/1444/981 975/1446/983
f 1143/1445/1140 975/1446/983 1142/1447/1141
f 1142/1447/1141 975/1446/983 974/1448/985
f 1142/1447/1141 974/1448/985 1141/1449/1142
f 1141/1449/1142 974/1448/985 973/1450/987
f 1141/1449/1142 973/1450/987 1140/1451/1143
f 1140/1451/1143 973/1450/987 972/1452/989
f 1140/1451/1143 972/1452/989 1139/1453/1144
f 1139/1453/1144 972/1452/989 971/1454/991
f 1139/1453/1144 971/1454/991 1138/1455/1145
f 1138/1455/1145 971/1454/991 970/1456/993
f 1138/1455/1145 970/1456/993 1137/1457/1146
f 1137/1457/1146 970/1456/993 969/1458/995
f 1137/1457/1146 969/1458/995 1136/1459/1147
f 1136/1459/1147 969/1458/995 968/1460/997
f 1136/1459/1147 968/1460/997 1135/1461/1148
f 1135/1461/1148 968/1460/997 967/1462/999
f 1135/1461/1148 967/1462/999 1134/1463/1149
f 1134/1463/1149 967/1462/999 966/1464/1001
f 1134/1463/1149 966/1464/1001 1133/1465/1150
f 1133/1465/1150 966/1464/1001 965/1466/1003
f 1133/1465/1150 965/1466/1003 1132/1467/1151
f 1132/1467/1151 965/1466/1003 964/1468/1005
f 1132/1467/1151 964/1468/1005 1131/1469/1152
f 1131/1469/1152 964/1468/1005 963/1470/1007
f 1131/1469/1152 963/1470/1007 1130/1421/1129
f 1130/1421/1129 963/1470/1007 962/1422/961
f 1008/1471/1013 998/1472/1033 985/1473/1011
f 985/1473/1011 998/1472/1033 997/1474/1035
f 985/1473/1011 997/1474/1035 986/1475/1009
f 986/1475/1009 997/1474/1035 996/1476/1037
f 986/1475/1009 996/1476/1037 987/1477/1055
f 987/1477/1055 996/1476/1037 995/1478/1039
f 987/1477/1055 995/1478/1039 988/1479/1053
f 988/1479/1053 995/1478/1039 994/1480/1041
f 988/1479/1053 994/1480/1041 989/1481/1051
f 989/1481/1051 994/1480/1041 993/1482/1043
f 989/1481/1051 993/1482/1043 990/1483/1049
f 990/1483/1049 993/1482/1043 992/1484/1045
f 990/1483/1049 992/1484/1045 991/1485/1047
f 998/1472/1033 1008/1471/1013 999/1486/1031
f 999/1486/1031 1008/1471/1013 1007/1487/1015
f 999/1486/1031 1007/1487/1015 1000/1488/1029
f 1000/1488/1029 1007/1487/1015 1006/1489/1017
f 1000/1488/1029 1006/1489/1017 1001/1490/1027
f 1001/1490/1027 1006/1489/1017 1005/1491/1019
f 1001/1490/1027 1005/1491/1019 1002/1492/1025
f 1002/1492/1025 1005/1491/1019 1004/1493/1021
f 1002/1492/1025 1004/1493/1021 1003/1494/1023
f 1154/1495/1153 1206/1496/1154 1153/1497/1155
f 1153/1497/1155 1206/1496/1154 1215/1498/1156
f 1153/1497/1155 1215/1498/1156 1176/1499/1157
f 1176/1499/1157 1215/1498/1156 1316/1500/1158
f 1176/1499/1157 1316/1500/1158 1175/1501/1159
f 1175/1501/1159 1316/1500/1158 1311/1502/1160
f 1175/1501/1159 1311/1502/1160 1174/1503/1161
f 1174/1503/1161 1311/1502/1160 1306/1504/1162
f 1174/1503/1161 1306/1504/1162 1173/1505/1163
f 1173/1505/1163 1306/1504/1162 1301/1506/1164
f 1173/1505/1163 1301/1506/1164 1172/1507/1165
f 1172/1507/1165 1301/1506/1164 1296/1508/1166
f 1172/1507/1165 1296/1508/1166 1171/1509/1167
f 1171/1509/1167 1296/1508/1166 1291/1510/1168
f 1171/1509/1167 1291/1510/1168 1170/1511/1169
f 1170/1511/1169 1291/1510/1168 1286/1512/1170
f 1170/1511/1169 1286/1512/1170 1169/1513/1171
f 1169/1513/1171 1286/1512/1170 1281/1514/1172
f 1169/1513/1171 1281/1514/1172 1168/1515/1173
f 1168/1515/1173 1281/1514/1172 1276/1516/1174
f 1168/1515/1173 1276/1516/1174 1167/1517/1175
f 1167/1517/1175 1276/1516/1174 1271/1518/1176
f 1167/1517/1175 1271/1518/1176 1166/1519/1177
f 1166/1519/1177 1271/1518/1176 1266/1520/1178
f 1166/1519/1177 1266/1520/1178 1165/1521/1179
f 1165/1521/1179 1266/1520/1178 1201/1522/1180
f 1165/1523/1179 1201/1524/1180 1164/1525/1181
f 1164/1525/1181 1201/1524/1180 1261/1526/1182
f 1164/1525/1181 1261/1526/1182 1163/1527/1183
f 1163/1527/1183 1261/1526/1182 1256/1528/1184
f 1163/1527/1183 1256/1528/1184 1162/1529/1185
f 1162/1529/1185 1256/1528/1184 1251/1530/1186
f 1162/1529/1185 1251/1530/1186 1161/1531/1187
f 1161/1531/1187 1251/1530/1186 1246/1532/1188
f 1161/1531/1187 1246/1532/1188 1160/1533/1189
f 1160/1533/1189 1246/1532/1188 1241/1534/1190
f 1160/1533/1189 1241/1534/1190 1159/1535/1191
f 1159/1535/1191 1241/1534/1190 1236/1536/1192
f 1159/1535/1191 1236/1536/1192 1158/1537/1193
f 1158/1537/1193 1236/1536/1192 1231/1538/1194
f 1158/1537/1193 1231/1538/1194 1157/1539/1195
f 1157/1539/1195 1231/1538/1194 1226/1540/1196
f 1157/1539/1195 1226/1540/1196 1156/1541/1197
f 1156/1541/1197 1226/1540/1196 1221/1542/1198
f 1156/1541/1197 1221/1542/1198 1155/1543/1199
f 1155/1543/1199 1221/1542/1198 1216/1544/1200
f 1155/1543/1199 1216/1544/1200 1154/1495/1153
f 1154/1495/1153 1216/1544/1200 1206/1496/1154
f 1178/1545/1201 1320/1546/1202 1177/1547/1203
f 1177/1547/1203 1320/1546/1202 1211/1548/1204
f 1177/1547/1203 1211/1548/1204 1200/1549/1205
f 1200/1549/1205 1211/1548/1204 1210/1550/1206
f 1200/1549/1205 1210/1550/1206 1199/1551/1207
f 1199/1551/1207 1210/1550/1206 1220/1552/1208
f 1199/1551/1207 1220/1552/1208 1198/1553/1209
f 1198/1553/1209 1220/1552/1208 1225/1554/1210
f 1198/1553/1209 1225/1554/1210 1197/1555/1211
f 1197/1555/1211 1225/1554/1210 1230/1556/1212
f 1197/1555/1211 1230/1556/1212 1196/1557/1213
f 1196/1557/1213 1230/1556/1212 1235/1558/1214
f 1196/1557/1213 1235/1558/1214 1195/1559/1215
f 1195/1559/1215 1235/1558/1214 1240/1560/1216
f 1195/1559/1215 1240/1560/1216 1194/1561/1217
f 1194/1561/1217 1240/1560/1216 1245/1562/1218
f 1194/1561/1217 1245/1562/1218 1193/1563/1219
f 1193/1563/1219 1245/1562/1218 1250/1564/1220
f 1193/1563/1219 1250/1564/1220 1192/1565/1221
f 1192/1565/1221 1250/1564/1220 1255/1566/1222
f 1192/1565/1221 1255/1566/1222 1191/1567/1223
f 1191/1567/1223 1255/1566/1222 1260/1568/1224
f 1191/1567/1223 1260/1568/1224 1190/1569/1225
f 1190/1569/1225 1260/1568/1224 1265/1570/1226
f 1190/1569/1225 1265/1570/1226 1189/1571/1227
f 1189/1571/1227 1265/1570/1226 1205/1572/1228
f 1189/1573/1227 1205/1574/1228 1188/1575/1229
f 1188/1575/1229 1205/1574/1228 1270/1576/1230
f 1188/1575/1229 1270/1576/1230 1187/1577/1231
f 1187/1577/1231 1270/1576/1230 1275/1578/1232
f 1187/1577/1231 1275/1578/1232 1186/1579/1233
f 1186/1579/1233 1275/1578/1232 1280/1580/1234
f 1186/1579/1233 1280/1580/1234 1185/1581/1235
f 1185/1581/1235 1280/1580/1234 1285/1582/1236
f 1185/1581/1235 1285/1582/1236 1184/1583/1237
f 1184/1583/1237 1285/1582/1236 1290/1584/1238
f 1184/1583/1237 1290/1584/1238 1183/1585/1239
f 1183/1585/1239 1290/1584/1238 1295/1586/1240
f 1183/1585/1239 1295/1586/1240 1182/1587/1241
f 1182/1587/1241 1295/1586/1240 1300/1588/1242
f 1182/1587/1241 1300/1588/1242 1181/1589/1243
f 1181/1589/1243 1300/1588/1242 1305/1590/1244
f 1181/1589/1243 1305/1590/1244 1180/1591/1245
f 1180/1591/1245 1305/1590/1244 1310/1592/1246
f 1180/1591/1245 1310/1592/1246 1179/1593/1247
f 1179/1593/1247 1310/1592/1246 1315/1594/1248
f 1179/1593/1247 1315/1594/1248 1178/1545/1201
f 1178/1545/1201 1315/1594/1248 1320/1546/1202
f 1201/1524/1180 1202/1595/1249 1261/1526/1182
f 1261/1526/1182 1202/1595/1249 1262/1596/1250
f 1261/1526/1182 1262/1596/1250 1256/1528/1184
f 1256/1528/1184 1262/1596/1250 1257/1597/1251
f 1256/1528/1184 1257/1597/1251 1251/1530/1186
f 1251/1530/1186 1257/1597/1251 1252/1598/1252
f 1251/1530/1186 1252/1598/1252 1246/1532/1188
f 1246/1532/1188 1252/1598/1252 1247/1599/1253
f 1246/1532/1188 1247/1599/1253 1241/1534/1190
f 1241/1534/1190 1247/1599/1253 1242/1600/1254
f 1241/1534/1190 1242/1600/1254 1236/1536/1192
f 1236/1536/1192 1242/1600/1254 1237/1601/1255
f 1236/1536/1192 1237/1601/1255 1231/1538/1194
f 1231/1538/1194 1237/1601/1255 1232/1602/1256
f 1231/1538/1194 1232/1602/1256 1226/1540/1196
f 1226/1540/1196 1232/1602/1256 1227/1603/1257
f 1226/1540/1196 1227/1603/1257 1221/1542/1198
f 1221/1542/1198 1227/1603/1257 1222/1604/1258
f 1221/1542/1198 1222/1604/1258 1216/1544/1200
f 1216/1544/1200 1222/1604/1258 1217/1605/1259
f 1216/1544/1200 1217/1605/1259 1206/1496/1154
f 1206/1496/1154 1217/1605/1259 1207/1606/1260
f 1206/1496/1154 1207/1606/1260 1215/1498/1156
f 1215/1498/1156 1207/1606/1260 1214/1607/1261
f 1215/1498/1156 1214/1607/1261 1316/1500/1158
f 1316/1500/1158 1214/1607/1261 1317/1608/1262
f 1316/1500/1158 1317/1608/1262 1311/1502/1160
f 1311/1502/1160 1317/1608/1262 1312/1609/1263
f 1311/1502/1160 1312/1609/1263 1306/1504/1162
f 1306/1504/1162 1312/1609/1263 1307/1610/1264
f 1306/1504/1162 1307/1610/1264 1301/1506/1164
f 1301/1506/1164 1307/1610/1264 1302/1611/1265
f 1301/1506/1164 1302/1611/1265 1296/1508/1166
f 1296/1508/1166 1302/1611/1265 1297/1612/1266
f 1296/1508/1166 1297/1612/1266 1291/1510/1168
f 1291/1510/1168 1297/1612/1266 1292/1613/1267
f 1291/1510/1168 1292/1613/1267 1286/1512/1170
f 1286/1512/1170 1292/1613/1267 1287/1614/1268
f 1286/1512/1170 1287/1614/1268 1281/1514/1172
f 1281/1514/1172 1287/1614/1268 1282/1615/1269
f 1281/1514/1172 1282/1615/1269 1276/1516/1174
f 1276/1516/1174 1282/1615/1269 1277/1616/1270
f 1276/1516/1174 1277/1616/1270 1271/1518/1176
f 1271/1518/1176 1277/1616/1270 1272/1617/1271
f 1271/1518/1176 1272/1617/1271 1266/1520/1178
f 1266/1520/1178 1272/1617/1271 1267/1618/1272
f 1266/1520/1178 1267/1618/1272 1201/1522/1180
f 1201/1522/1180 1267/1618/1272 1202/1619/1249
f 1202/1595/1249 1203/1620/1273 1262/1596/1250
f 1262/1596/1250 1203/1620/1273 1263/1621/1274
f 1262/1596/1250 1263/1621/1274 1257/1597/1251
f 1257/1597/1251 1263/1621/1274 1258/1622/1275
f 1257/1597/1251 1258/1622/1275 1252/1598/1252
f 1252/1598/1252 1258/1622/1275 1253/1623/1276
f 1252/1598/1252 1253/1623/1276 1247/1599/1253
f 1247/1599/1253 1253/1623/1276 1248/1624/1277
f 1247/1599/1253 1248/1624/1277 1242/1600/1254
f 1242/1600/1254 1248/1624/1277 1243/1625/1278
f 1242/1600/1254 1243/1625/1278 1237/1601/1255
f 1237/1601/1255 1243/1625/1278 1238/1626/1279
f 1237/1601/1255 1238/1626/1279 1232/1602/1256
f 1232/1602/1256 1238/1626/1279 1233/1627/1280
f 1232/1602/1256 1233/1627/1280 1227/1603/1257
f 1227/1603/1257 1233/1627/1280 1228/1628/1281
f 1227/1603/1257 1228/1628/1281 1222/1604/1258
f 1222/1604/1258 1228/1628/1281 1223/1629/1282
f 1222/1604/1258 1223/1629/1282 1217/1605/1259
f 1217/1605/1259 1223/1629/1282 1218/1630/1283
f 1217/1605/1259 1218/1630/1283 1207/1606/1260
f 1207/1606/1260 1218/1630/1283 1208/1631/1284
f 1207/1606/1260 1208/1631/1284 1214/1607/1261
f 1214/1607/1261 1208/1631/1284 1213/1632/1285
f 1214/1607/1261 1213/1632/1285 1317/1608/1262
f 1317/1608/1262 1213/1632/1285 1318/1633/1286
f 1317/1608/1262 1318/1633/1286 1312/1609/1263
f 1312/1609/1263 1318/1633/1286 1313/1634/1287
f 1312/1609/1263 1313/1634/1287 1307/1610/1264
f 1307/1610/1264 1313/1634/1287 1308/1635/1288
f 1307/1610/1264 1308/1635/1288 1302/1611/1265
f 1302/1611/1265 1308/1635/1288 1303/1636/1289
f 1302/1611/1265 1303/1636/1289 1297/1612/1266
f 1297/1612/1266 1303/1636/1289 1298/1637/1290
f 1297/1612/1266 1298/1637/1290 1292/1613/1267
f 1292/1613/1267 1298/1637/1290 1293/1638/1291
f 1292/1613/1267 1293/1638/1291 1287/1614/1268
f 1287/1614/1268 1293/1638/1291 1288/1639/1292
f 1287/1614/1268 1288/1639/1292 1282/1615/1269
f 1282/1615/1269 1288/1639/1292 1283/1640/1293
f 1282/1615/1269 1283/1640/1293 1277/1616/1270
f 1277/1616/1270 1283/1640/1293 1278/1641/1294
f 1277/1616/1270 1278/1641/1294 1272/1617/1271
f 1272/1617/1271 1278/1641/1294 1273/1642/1295
f 1272/1617/1271 1273/1642/1295 1267/1618/1272
f 1267/1618/1272 1273/1642/1295 1268/1643/1296
f 1267/1618/1272 1268/1643/1296 1202/1619/1249
f 1202/1619/1249 1268/1643/1296 1203/1644/1273
f 1203/1620/1273 1204/1645/1297 1263/1621/1274
f 1263/1621/1274 1204/1645/1297 1264/1646/1298
f 1263/1621/1274 1264/1646/1298 1258/1622/1275
f 1258/1622/1275 1264/1646/1298 1259/1647/1299
f 1258/1622/1275 1259/1647/1299 1253/1623/1276
f 1253/1623/1276 1259/1647/1299 1254/1648/1300
f 1253/1623/1276 1254/1648/1300 1248/1624/1277
f 1248/1624/1277 1254/1648/1300 1249/1649/1301
f 1248/1624/1277 1249/1649/1301 1243/1625/1278
f 1243/1625/1278 1249/1649/1301 1244/1650/1302
f 1243/1625/1278 1244/1650/1302 1238/1626/1279
f 1238/1626/1279 1244/1650/1302 1239/1651/1303
f 1238/1626/1279 1239/1651/1303 1233/1627/1280
f 1233/1627/1280 1239/1651/1303 1234/1652/1304
f 1233/1627/1280 1234/1652/1304 1228/1628/1281
f 1228/1628/1281 1234/1652/1304 1229/1653/1305
f 1228/1628/1281 1229/1653/1305 1223/1629/1282
f 1223/1629/1282 1229/1653/1305 1224/1654/1306
f 1223/1629/1282 1224/1654/1306 1218/1630/1283
f 1218/1630/1283 1224/1654/1306 1219/1655/1307
f 1218/1630/1283 1219/1655/1307 1208/1631/1284
f 1208/1631/1284 1219/1655/1307 1209/1656/1308
f 1208/1631/1284 1209/1656/1308 1213/1632/1285
f 1213/1632/1285 1209/1656/1308 1212/1657/1309
f 1213/1632/1285 1212/1657/1309 1318/1633/1286
f 1318/1633/1286 1212/1657/1309 1319/1658/1310
f 1318/1633/1286 1319/1658/1310 1313/1634/1287
f 1313/1634/1287 1319/1658/1310 1314/1659/1311
f 1313/1634/1287 1314/1659/1311 1308/1635/1288
f 1308/1635/1288 1314/1659/1311 1309/1660/1312
f 1308/1635/1288 1309/1660/1312 1303/1636/1289
f 1303/1636/1289 1309/1660/1312 1304/1661/1313
f 1303/1636/1289 1304/1661/1313 1298/1637/1290
f 1298/1637/1290 1304/1661/1313 1299/1662/1314
f 1298/1637/1290 1299/1662/1314 1293/1638/1291
f 1293/1638/1291 1299/1662/1314 1294/1663/1315
f 1293/1638/1291 1294/1663/1315 1288/1639/1292
f 1288/1639/1292 1294/1663/1315 1289/1664/1316
f 1288/1639/1292 1289/1664/1316 1283/1640/1293
f 1283/1640/1293 1289/1664/1316 1284/1665/1317
f 1283/1640/1293 1284/1665/1317 1278/1641/1294
f 1278/1641/1294 1284/1665/1317 1279/1666/1318
f 1278/1641/1294 1279/1666/1318 1273/1642/1295
f 1273/1642/1295 1279/1666/1318 1274/1667/1319
f 1273/1642/1295 1274/1667/1319 1268/1643/1296
f 1268/1643/1296 1274/1667/1319 1269/1668/1320
f 1268/1643/1296 1269/1668/1320 1203/1644/1273
f 1203/1644/1273 1269/1668/1320 1204/1669/1297
f 1204/1645/1297 1205/1572/1228 1264/1646/1298
f 1264/1646/1298 1205/1572/1228 1265/1570/1226
f 1264/1646/1298 1265/1570/1226 1259/1647/1299
f 1259/1647/1299 1265/1570/1226 1260/1568/1224
f 1259/1647/1299 1260/1568/1224 1254/1648/1300
f 1254/1648/1300 1260/1568/1224 1255/1566/1222
f 1254/1648/1300 1255/1566/1222 1249/1649/1301
f 1249/1649/1301 1255/1566/1222 1250/1564/1220
f 1249/1649/1301 1250/1564/1220 1244/1650/1302
f 1244/1650/1302 1250/1564/1220 1245/1562/1218
f 1244/1650/1302 1245/1562/1218 1239/1651/1303
f 1239/1651/1303 1245/1562/1218 1240/1560/1216
f 1239/1651/1303 1240/1560/1216 1234/1652/1304
f 1234/1652/1304 1240/1560/1216 1235/1558/1214
f 1234/1652/1304 1235/1558/1214 1229/1653/1305
f 1229/1653/1305 1235/1558/1214 1230/1556/1212
f 1229/1653/1305 1230/1556/1212 1224/1654/1306
f 1224/1654/1306 1230/1556/1212 1225/1554/1210
f 1224/1654/1306 1225/1554/1210 1219/1655/1307
f 1219/1655/1307 1225/1554/1210 1220/1552/1208
f 1219/1655/1307 1220/1552/1208 1209/1656/1308
f 1209/1656/1308 1220/1552/1208 1210/1550/1206
f 1209/1656/1308 1210/1550/1206 1212/1657/1309
f 1212/1657/1309 1210/1550/1206 1211/1548/1204
f 1212/1657/1309 1211/1548/1204 1319/1658/1310
f 1319/1658/1310 1211/1548/1204 1320/1546/1202
f 1319/1658/1310 1320/1546/1202 1314/1659/1311
f 1314/1659/1311 1320/1546/1202 1315/1594/1248
f 1314/1659/1311 1315/1594/1248 1309/1660/1312
f 1309/1660/1312 1315/1594/1248 1310/1592/1246
f 1309/1660/1312 1310/1592/1246 1304/1661/1313
f 1304/1661/1313 1310/1592/1246 1305/1590/1244
f 1304/1661/1313 1305/1590/1244 1299/1662/1314
f 1299/1662/1314 1305/1590/1244 1300/1588/1242
f 1299/1662/1314 1300/1588/1242 1294/1663/1315
f 1294/1663/1315 1300/1588/1242 1295/1586/1240
f 1294/1663/1315 1295/1586/1240 1289/1664/1316
f 1289/1664/1316 1295/1586/1240 1290/1584/1238
f 1289/1664/1316 1290/1584/1238 1284/1665/1317
f 1284/1665/1317 1290/1584/1238 1285/1582/1236
f 1284/1665/1317 1285/1582/1236 1279/1666/1318
f 1279/1666/1318 1285/1582/1236 1280/1580/1234
f 1279/1666/1318 1280/1580/1234 1274/1667/1319
f 1274/1667/1319 1280/1580/1234 1275/1578/1232
f 1274/1667/1319 1275/1578/1232 1269/1668/1320
f 1269/1668/1320 1275/1578/1232 1270/1576/1230
f 1269/1668/1320 1270/1576/1230 1204/1669/1297
f 1204/1669/1297 1270/1576/1230 1205/1574/1228
f 1322/1670/1321 1154/1671/1153 1321/1672/1322
f 1321/1672/1322 1154/1671/1153 1153/1673/1155
f 1321/1674/1322 1153/1675/1155 1344/1676/1323
f 1344/1676/1323 1153/1675/1155 1176/1677/1157
f 1344/1676/1323 1176/1677/1157 1343/1678/1324
f 1343/1678/1324 1176/1677/1157 1175/1679/1159
f 1343/1678/1324 1175/1679/1159 1342/1680/1325
f 1342/1680/1325 1175/1679/1159 1174/1681/1161
f 1342/1680/1325 1174/1681/1161 1341/1682/1326
f 1341/1682/1326 1174/1681/1161 1173/1683/1163
f 1341/1682/1326 1173/1683/1163 1340/1684/1327
f 1340/1684/1327 1173/1683/1163 1172/1685/1165
f 1340/1684/1327 1172/1685/1165 1339/1686/1328
f 1339/1686/1328 1172/1685/1165 1171/1687/1167
f 1339/1686/1328 1171/1687/1167 1338/1688/1329
f 1338/1688/1329 1171/1687/1167 1170/1689/1169
f 1338/1688/1329 1170/1689/1169 1337/1690/1330
f 1337/1690/1330 1170/1689/1169 1169/1691/1171
f 1337/1690/1330 1169/1691/1171 1336/1692/1331
f 1336/1692/1331 1169/1691/1171 1168/1693/1173
f 1336/1692/1331 1168/1693/1173 1335/1694/1332
f 1335/1694/1332 1168/1693/1173 1167/1695/1175
f 1335/1694/1332 1167/1695/1175 1334/1696/1333
f 1334/1696/1333 1167/1695/1175 1166/1697/1177
f 1334/1696/1333 1166/1697/1177 1333/1698/1334
f 1333/1698/1334 1166/1697/1177 1165/1699/1179
f 1333/1698/1334 1165/1699/1179 1332/1700/1335
f 1332/1700/1335 1165/1699/1179 1164/1701/1181
f 1332/1700/1335 1164/1701/1181 1331/1702/1336
f 1331/1702/1336 1164/1701/1181 1163/1703/1183
f 1331/1702/1336 1163/1703/1183 1330/1704/1337
f 1330/1704/1337 1163/1703/1183 1162/1705/1185
f 1330/1704/1337 1162/1705/1185 1329/1706/1338
f 1329/1706/1338 1162/1705/1185 1161/1707/1187
f 1329/1706/1338 1161/1707/1187 1328/1708/1339
f 1328/1708/1339 1161/1707/1187 1160/1709/1189
f 1328/1708/1339 1160/1709/1189 1327/1710/1340
f 1327/1710/1340 1160/1709/1189 1159/1711/1191
f 1327/1710/1340 1159/1711/1191 1326/1712/1341
f 1326/1712/1341 1159/1711/1191 1158/1713/1193
f 1326/1712/1341 1158/1713/1193 1325/1714/1342
f 1325/1714/1342 1158/1713/1193 1157/1715/1195
f 1325/1714/1342 1157/1715/1195 1324/1716/1343
f 1324/1716/1343 1157/1715/1195 1156/1717/1197
f 1324/1716/1343 1156/1717/1197 1323/1718/1344
f 1323/1718/1344 1156/1717/1197 1155/1719/1199
f 1323/1718/1344 1155/1719/1199 1322/1670/1321
f 1322/1670/1321 1155/1719/1199 1154/1671/1153
f 1200/1720/1205 1190/1721/1225 1177/1722/1203
f 1177/1722/1203 1190/1721/1225 1189/1723/1227
f 1177/1722/1203 1189/1723/1227 1178/1724/1201
f 1178/1724/1201 1189/1723/1227 1188/1725/1229
f 1178/1724/1201 1188/1725/1229 1179/1726/1247
f 1179/1726/1247 1188/1725/1229 1187/1727/1231
f 1179/1726/1247 1187/1727/1231 1180/1728/1245
f 1180/1728/1245 1187/1727/1231 1186/1729/1233
f 1180/1728/1245 1186/1729/1233 1181/1730/1243
f 1181/1730/1243 1186/1729/1233 1185/1731/1235
f 1181/1730/1243 1185/1731/1235 1182/1732/1241
f 1182/1732/1241 1185/1731/1235 1184/1733/1237
f 1182/1732/1241 1184/1733/1237 1183/1734/1239
f 1190/1721/1225 1200/1720/1205 1191/1735/1223
f 1191/1735/1223 1200/1720/1205 1199/1736/1207
f 1191/1735/1223 1199/1736/1207 1192/1737/1221
f 1192/1737/1221 1199/1736/1207 1198/1738/1209
f 1192/1737/1221 1198/1738/1209 1193/1739/1219
f 1193/1739/1219 1198/1738/1209 1197/1740/1211
f 1193/1739/1219 1197/1740/1211 1194/1741/1217
f 1194/1741/1217 1197/1740/1211 1196/1742/1213
f 1194/1741/1217 1196/1742/1213 1195/1743/1215
f 1346/1744/1345 1398/1745/1346 1345/1746/1347
f 1345/1746/1347 1398/1745/1346 1407/1747/1348
f 1345/1746/1347 1407/1747/1348 1368/1748/1349
f 1368/1748/1349 1407/1747/1348 1508/1749/1350
f 1368/1748/1349 1508/1749/1350 1367/1750/1351
f 1367/1750/1351 1508/1749/1350 1503/1751/1352
f 1367/1750/1351 1503/1751/1352 1366/1752/1353
f 1366/1752/1353 1503/1751/1352 1498/1753/1354
f 1366/1752/1353 1498/1753/1354 1365/1754/1355
f 1365/1754/1355 1498/1753/1354 1493/1755/1356
f 1365/1754/1355 1493/1755/1356 1364/1756/1357
f 1364/1756/1357 1493/1755/1356 1488/1757/1358
f 1364/1756/1357 1488/1757/1358 1363/1758/1359
f 1363/1758/1359 1488/1757/1358 1483/1759/1360
f 1363/1758/1359 1483/1759/1360 1362/1760/1361
f 1362/1760/1361 1483/1759/1360 1478/1761/1362
f 1362/1760/1361 1478/1761/1362 1361/1762/1363
f 1361/1762/1363 1478/1761/1362 1473/1763/1364
f 1361/1762/1363 1473/1763/1364 1360/1764/1365
f 1360/1764/1365 1473/1763/1364 1468/1765/1366
f 1360/1764/1365 1468/1765/1366 1359/1766/1367
f 1359/1766/1367 1468/1765/1366 1463/1767/1368
f 1359/1766/1367 1463/1767/1368 1358/1768/1369
f 1358/1768/1369 1463/1767/1368 1458/1769/1370
f 1358/1768/1369 1458/1769/1370 1357/1770/1371
f 1357/1770/1371 1458/1769/1370 1393/1771/1372
f 1357/1772/1371 1393/1773/1372 1356/1774/1373
f 1356/1774/1373 1393/1773/1372 1453/1775/1374
f 1356/1774/1373 1453/1775/1374 1355/1776/1375
f 1355/1776/1375 1453/1775/1374 1448/1777/1376
f 1355/1776/1375 1448/1777/1376 1354/1778/1377
f 1354/1778/1377 1448/1777/1376 1443/1779/1378
f 1354/1778/1377 1443/1779/1378 1353/1780/1379
f 1353/1780/1379 1443/1779/1378 1438/1781/1380
f 1353/1780/1379 1438/1781/1380 1352/1782/1381
f 1352/1782/1381 1438/1781/1380 1433/1783/1382
f 1352/1782/1381 1433/1783/1382 1351/1784/1383
f 1351/1784/1383 1433/1783/1382 1428/1785/1384
f 1351/1784/1383 1428/1785/1384 1350/1786/1385
f 1350/1786/1385 1428/1785/1384 1423/1787/1386
f 1350/1786/1385 1423/1787/1386 1349/1788/1387
f 1349/1788/1387 1423/1787/1386 1418/1789/1388
f 1349/1788/1387 1418/1789/1388 1348/1790/1389
f 1348/1790/1389 1418/1789/1388 1413/1791/1390
f 1348/1790/1389 1413/1791/1390 1347/1792/1391
f 1347/1792/1391 1413/1791/1390 1408/1793/1392
f 1347/1792/1391 1408/1793/1392 1346/1744/1345
f 1346/1744/1345 1408/1793/1392 1398/1745/1346
f 1370/1794/1393 1512/1795/1394 1369/1796/1395
f 1369/1796/1395 1512/1795/1394 1403/1797/1396
f 1369/1796/1395 1403/1797/1396 1392/1798/1397
f 1392/1798/1397 1403/1797/1396 1402/1799/1398
f 1392/1798/1397 1402/1799/1398 1391/1800/1399
f 1391/1800/1399 1402/1799/1398 1412/1801/1400
f 1391/1800/1399 1412/1801/1400 1390/1802/1401
f 1390/1802/1401 1412/1801/1400 1417/1803/1402
f 1390/1802/1401 1417/1803/1402 1389/1804/1403
f 1389/1804/1403 1417/1803/1402 1422/1805/1404
f 1389/1804/1403 1422/1805/1404 1388/1806/1405
f 1388/1806/1405 1422/1805/1404 1427/1807/1406
f 1388/1806/1405 1427/1807/1406 1387/1808/1407
f 1387/1808/1407 1427/1807/1406 1432/1809/1408
f 1387/1808/1407 1432/1809/1408 1386/1810/1409
f 1386/1810/1409 1432/1809/1408 1437/1811/1410
f 1386/1810/1409 1437/1811/1410 1385/1812/1411
f 1385/1812/1411 1437/1811/1410 1442/1813/1412
f 1385/1812/1411 1442/1813/1412 1384/1814/1413
f 1384/1814/1413 1442/1813/1412 1447/1815/1414
f 1384/1814/1413 1447/1815/1414 1383/1816/1415
f 1383/1816/1415 1447/1815/1414 1452/1817/1416
f 1383/1816/1415 1452/1817/1416 1382/1818/1417
f 1382/1818/1417 1452/1817/1416 1457/1819/1418
f 1382/1818/1417 1457/1819/1418 1381/1820/1419
f 1381/1820/1419 1457/1819/1418 1397/1821/1420
f 1381/1822/1419 1397/1823/1420 1380/1824/1421
f 1380/1824/1421 1397/1823/1420 1462/1825/1422
f 1380/1824/1421 1462/1825/1422 1379/1826/1423
f 1379/1826/1423 1462/1825/1422 1467/1827/1424
f 1379/1826/1423 1467/1827/1424 1378/1828/1425
f 1378/1828/1425 1467/1827/1424 1472/1829/1426
f 1378/1828/1425 1472/1829/1426 1377/1830/1427
f 1377/1830/1427 1472/1829/1426 1477/1831/1428
f 1377/1830/1427 1477/1831/1428 1376/1832/1429
f 1376/1832/1429 1477/1831/1428 1482/1833/1430
f 1376/1832/1429 1482/1833/1430 1375/1834/1431
f 1375/1834/1431 1482/1833/1430 1487/1835/1432
f 1375/1834/1431 1487/1835/1432 1374/1836/1433
f 1374/1836/1433 1487/1835/1432 1492/1837/1434
f 1374/1836/1433 1492/1837/1434 1373/1838/1435
f 1373/1838/1435 1492/1837/1434 1497/1839/1436
f 1373/1838/1435 1497/1839/1436 1372/1840/1437
f 1372/1840/1437 1497/1839/1436 1502/1841/1438
f 1372/1840/1437 1502/1841/1438 1371/1842/1439
f 1371/1842/1439 1502/1841/1438 1507/1843/1440
f 1371/1842/1439 1507/1843/1440 1370/1794/1393
f 1370/1794/1393 1507/1843/1440 1512/1795/1394
f 1393/1773/1372 1394/1844/1441 1453/1775/1374
f 1453/1775/1374 1394/1844/1441 1454/1845/1442
f 1453/1775/1374 1454/1845/1442 1448/1777/1376
f 1448/1777/1376 1454/1845/1442 1449/1846/1443
f 1448/1777/1376 1449/1846/1443 1443/1779/1378
f 1443/1779/1378 1449/1846/1443 1444/1847/1444
f 1443/1779/1378 1444/1847/1444 1438/1781/1380
f 1438/1781/1380 1444/1847/1444 1439/1848/1445
f 1438/1781/1380 1439/1848/1445 1433/1783/1382
f 1433/1783/1382 1439/1848/1445 1434/1849/1446
f 1433/1783/1382 1434/1849/1446 1428/1785/1384
f 1428/1785/1384 1434/1849/1446 1429/1850/1447
f 1428/1785/1384 1429/1850/1447 1423/1787/1386
f 1423/1787/1386 1429/1850/1447 1424/1851/1448
f 1423/1787/1386 1424/1851/1448 1418/1789/1388
f 1418/1789/1388 1424/1851/1448 1419/1852/1449
f 1418/1789/1388 1419/1852/1449 1413/1791/1390
f 1413/1791/1390 1419/1852/1449 1414/1853/1450
f 1413/1791/1390 1414/1853/1450 1408/1793/1392
f 1408/1793/1392 1414/1853/1450 1409/1854/1451
f 1408/1793/1392 1409/1854/1451 1398/1745/1346
f 1398/1745/1346 1409/1854/1451 1399/1855/1452
f 1398/1745/1346 1399/1855/1452 1407/1747/1348
f 1407/1747/1348 1399/1855/1452 1406/1856/1453
f 1407/1747/1348 1406/1856/1453 1508/1749/1350
f 1508/1749/1350 1406/1856/1453 1509/1857/1454
f 1508/1749/1350 1509/1857/1454 1503/1751/1352
f 1503/1751/1352 1509/1857/1454 1504/1858/1455
f 1503/1751/1352 1504/1858/1455 1498/1753/1354
f 1498/1753/1354 1504/1858/1455 1499/1859/1456
f 1498/1753/1354 1499/1859/1456 1493/1755/1356
f 1493/1755/1356 1499/1859/1456 1494/1860/1457
f 1493/1755/1356 1494/1860/1457 1488/1757/1358
f 1488/1757/1358 1494/1860/1457 1489/1861/1458
f 1488/1757/1358 1489/1861/1458 1483/1759/1360
f 1483/1759/1360 1489/1861/1458 1484/1862/1459
f 1483/1759/1360 1484/1862/1459 1478/1761/1362
f 1478/1761/1362 1484/1862/1459 1479/1863/1460
f 1478/1761/1362 1479/1863/1460 1473/1763/1364
f 1473/1763/1364 1479/1863/1460 1474/1864/1461
f 1473/1763/1364 1474/1864/1461 1468/1765/1366
f 1468/1765/1366 1474/1864/1461 1469/1865/1462
f 1468/1765/1366 1469/1865/1462 1463/1767/1368
f 1463/1767/1368 1469/1865/1462 1464/1866/1463
f 1463/1767/1368 1464/1866/1463 1458/1769/1370
f 1458/1769/1370 1464/1866/1463 1459/1867/1464
f 1458/1769/1370 1459/1867/1464 1393/1771/1372
f 1393/1771/1372 1459/1867/1464 1394/1868/1441
f 1394/1844/1441 1395/1869/1465 1454/1845/1442
f 1454/1845/1442 1395/1869/1465 1455/1870/1466
f 1454/1845/1442 1455/1870/1466 1449/1846/1443
f 1449/1846/1443 1455/1870/1466 1450/1871/1467
f 1449/1846/1443 1450/1871/1467 1444/1847/1444
f 1444/1847/1444 1450/1871/1467 1445/1872/1468
f 1444/1847/1444 1445/1872/1468 1439/1848/1445
f 1439/1848/1445 1445/1872/1468 1440/1873/1469
f 1439/1848/1445 1440/1873/1469 1434/1849/1446
f 1434/1849/1446 1440/1873/1469 1435/1874/1470
f 1434/1849/1446 1435/1874/1470 1429/1850/1447
f 1429/1850/1447 1435/1874/1470 1430/1875/1471
f 1429/1850/1447 1430/1875/1471 1424/1851/1448
f 1424/1851/1448 1430/1875/1471 1425/1876/1472
f 1424/1851/1448 1425/1876/1472 1419/1852/1449
f 1419/1852/1449 1425/1876/1472 1420/1877/1473
f 1419/1852/1449 1420/1877/1473 1414/1853/1450
f 1414/1853/1450 1420/1877/1473 1415/1878/1474
f 1414/1853/1450 1415/1878/1474 1409/1854/1451
f 1409/1854/1451 1415/1878/1474 1410/1879/1475
f 1409/1854/1451 1410/1879/1475 1399/1855/1452
f 1399/1855/1452 1410/1879/1475 1400/1880/1476
f 1399/1855/1452 1400/1880/1476 1406/1856/1453
f 1406/1856/1453 1400/1880/1476 1405/1881/1477
f 1406/1856/1453 1405/1881/1477 1509/1857/1454
f 1509/1857/1454 1405/1881/1477 1510/1882/1478
f 1509/1857/1454 1510/1882/1478 1504/1858/1455
f 1504/1858/1455 1510/1882/1478 1505/1883/1479
f 1504/1858/1455 1505/1883/1479 1499/1859/1456
f 1499/1859/1456 1505/1883/1479 1500/1884/1480
f 1499/1859/1456 1500/1884/1480 1494/1860/1457
f 1494/1860/1457 1500/1884/1480 1495/1885/1481
f 1494/1860/1457 1495/1885/1481 1489/1861/1458
f 1489/1861/1458 1495/1885/1481 1490/1886/1482
f 1489/1861/1458 1490/1886/1482 1484/1862/1459
f 1484/1862/1459 1490/1886/1482 1485/1887/1483
f 1484/1862/1459 1485/1887/1483 1479/1863/1460
f 1479/1863/1460 1485/1887/1483 1480/1888/1484
f 1479/1863/1460 1480/1888/1484 1474/1864/1461
f 1474/1864/1461 1480/1888/1484 1475/1889/1485
f 1474/1864/1461 1475/1889/1485 1469/1865/1462
f 1469/1865/1462 1475/1889/1485 1470/1890/1486
f 1469/1865/1462 1470/1890/1486 1464/1866/1463
f 1464/1866/1463 1470/1890/1486 1465/1891/1487
f 1464/1866/1463 1465/1891/1487 1459/1867/1464
f 1459/1867/1464 1465/1891/1487 1460/1892/1488
f 1459/1867/1464 1460/1892/1488 1394/1868/1441
f 1394/1868/1441 1460/1892/1488 1395/1893/1465
f 1395/1869/1465 1396/1894/1489 1455/1870/1466
f 1455/1870/1466 1396/1894/1489 1456/1895/1490
f 1455/1870/1466 1456/1895/1490 1450/1871/1467
f 1450/1871/1467 1456/1895/1490 1451/1896/1491
f 1450/1871/1467 1451/1896/1491 1445/1872/1468
f 1445/1872/1468 1451/1896/1491 1446/1897/1492
f 1445/1872/1468 1446/1897/1492 1440/1873/1469
f 1440/1873/1469 1446/1897/1492 1441/1898/1493
f 1440/1873/1469 1441/1898/1493 1435/1874/1470
f 1435/1874/1470 1441/1898/1493 1436/1899/1494
f 1435/1874/1470 1436/1899/1494 1430/1875/1471
f 1430/1875/1471 1436/1899/1494 1431/1900/1495
f 1430/1875/1471 1431/1900/1495 1425/1876/1472
f 1425/1876/1472 1431/1900/1495 1426/1901/1496
f 1425/1876/1472 1426/1901/1496 1420/1877/1473
f 1420/1877/1473 1426/1901/1496 1421/1902/1497
f 1420/1877/1473 1421/1902/1497 1415/1878/1474
f 1415/1878/1474 1421/1902/1497 1416/1903/1498
f 1415/1878/1474 1416/1903/1498 1410/1879/1475
f 1410/1879/1475 1416/1903/1498 1411/1904/1499
f 1410/1879/1475 1411/1904/1499 1400/1880/1476
f 1400/1880/1476 1411/1904/1499 1401/1905/1500
f 1400/1880/1476 1401/1905/1500 1405/1881/1477
f 1405/1881/1477 1401/1905/1500 1404/1906/1501
f 1405/1881/1477 1404/1906/1501 1510/1882/1478
f 1510/1882/1478 1404/1906/1501 1511/1907/1502
f 1510/1882/1478 1511/1907/1502 1505/1883/1479
f 1505/1883/1479 1511/1907/1502 1506/1908/1503
f 1505/1883/1479 1506/1908/1503 1500/1884/1480
f 1500/1884/1480 1506/1908/1503 1501/1909/1504
f 1500/1884/1480 1501/1909/1504 1495/1885/1481
f 1495/1885/1481 1501/1909/1504 1496/1910/1505
f 1495/1885/1481 1496/1910/1505 1490/1886/1482
f 1490/1886/1482 1496/1910/1505 1491/1911/1506
f 1490/1886/1482 1491/1911/1506 1485/1887/1483
f 1485/1887/1483 1491/1911/1506 1486/1912/1507
f 1485/1887/1483 1486/1912/1507 1480/1888/1484
f 1480/1888/1484 1486/1912/1507 1481/1913/1508
f 1480/1888/1484 1481/1913/1508 1475/1889/1485
f 1475/1889/1485 1481/1913/1508 1476/1914/1509
f 1475/1889/1485 1476/1914/1509 1470/1890/1486
f 1470/1890/1486 1476/1914/1509 1471/1915/1510
f 1470/1890/1486 1471/1915/1510 1465/1891/1487
f 1465/1891/1487 1471/1915/1510 1466/1916/1511
f 1465/1891/1487 1466/1916/1511 1460/1892/1488
f 1460/1892/1488 1466/1916/1511 1461/1917/1512
f 1460/1892/1488 1461/1917/1512 1395/1893/1465
f 1395/1893/1465 1461/1917/1512 1396/1918/1489
f 1396/1894/1489 1397/1821/1420 1456/1895/1490
f 1456/1895/1490 1397/1821/1420 1457/1819/1418
f 1456/1895/1490 1457/1819/1418 1451/1896/1491
f 1451/1896/1491 1457/1819/1418 1452/1817/1416
f 1451/1896/1491 1452/1817/1416 1446/1897/1492
f 1446/1897/1492 1452/1817/1416 1447/1815/1414
f 1446/1897/1492 1447/1815/1414 1441/1898/1493
f 1441/1898/1493 1447/1815/1414 1442/1813/1412
f 1441/1898/1493 1442/1813/1412 1436/1899/1494
f 1436/1899/1494 1442/1813/1412 1437/1811/1410
f 1436/1899/1494 1437/1811/1410 1431/1900/1495
f 1431/1900/1495 1437/1811/1410 1432/1809/1408
f 1431/1900/1495 1432/1809/1408 1426/1901/1496
f 1426/1901/1496 1432/1809/1408 1427/1807/1406
f 1426/1901/1496 1427/1807/1406 1421/1902/1497
f 1421/1902/1497 1427/1807/1406 1422/1805/1404
f 1421/1902/1497 1422/1805/1404 1416/1903/1498
f 1416/1903/1498 1422/1805/1404 1417/1803/1402
f 1416/1903/1498 1417/1803/1402 1411/1904/1499
f 1411/1904/1499 1417/1803/1402 1412/1801/1400
f 1411/1904/1499 1412/1801/1400 1401/1905/1500
f 1401/1905/1500 1412/1801/1400 1402/1799/1398
f 1401/1905/1500 1402/1799/1398 1404/1906/1501
f 1404/1906/1501 1402/1799/1398 1403/1797/1396
f 1404/1906/1501 1403/1797/1396 1511/1907/1502
f 1511/1907/1502 1403/1797/1396 1512/1795/1394
f 1511/1907/1502 1512/1795/1394 1506/1908/1503
f 1506/1908/1503 1512/1795/1394 1507/1843/1440
f 1506/1908/1503 1507/1843/1440 1501/1909/1504
f 1501/1909/1504 1507/1843/1440 1502/1841/1438
f 1501/1909/1504 1502/1841/1438 1496/1910/1505
f 1496/1910/1505 1502/1841/1438 1497/1839/1436
f 1496/1910/1505 1497/1839/1436 1491/1911/1506
f 1491/1911/1506 1497/1839/1436 1492/1837/1434
f 1491/1911/1506 1492/1837/1434 1486/1912/1507
f 1486/1912/1507 1492/1837/1434 1487/1835/1432
f 1486/1912/1507 1487/1835/1432 1481/1913/1508
f 1481/1913/1508 1487/1835/1432 1482/1833/1430
f 1481/1913/1508 1482/1833/1430 1476/1914/1509
f 1476/1914/1509 1482/1833/1430 1477/1831/1428
f 1476/1914/1509 1477/1831/1428 1471/1915/1510
f 1471/1915/1510 1477/1831/1428 1472/1829/1426
f 1471/1915/1510 1472/1829/1426 1466/1916/1511
f 1466/1916/1511 1472/1829/1426 1467/1827/1424
f 1466/1916/1511 1467/1827/1424 1461/1917/1512
f 1461/1917/1512 1467/1827/1424 1462/1825/1422
f 1461/1917/1512 1462/1825/1422 1396/1918/1489
f 1396/1918/1489 1462/1825/1422 1397/1823/1420
f 1514/1919/1513 1346/1920/1345 1513/1921/1514
f 1513/1921/1514 1346/1920/1345 1345/1922/1347
f 1513/1923/1514 1345/1924/1347 1536/1925/1515
f 1536/1925/1515 1345/1924/1347 1368/1926/1349
f 1536/1925/1515 1368/1926/1349 1535/1927/1516
f 1535/1927/1516 1368/1926/1349 1367/1928/1351
f 1535/1927/1516 1367/1928/1351 1534/1929/1517
f 1534/1929/1517 1367/1928/1351 1366/1930/1353
f 1534/1929/1517 1366/1930/1353 1533/1931/1518
f 1533/1931/1518 1366/1930/1353 1365/1932/1355
f 1533/1931/1518 1365/1932/1355 1532/1933/1519
f 1532/1933/1519 1365/1932/1355 1364/1934/1357
f 1532/1933/1519 1364/1934/1357 1531/1935/1520
f 1531/1935/1520 1364/1934/1357 1363/1936/1359
f 1531/1935/1520 1363/1936/1359 1530/1937/1521
f 1530/1937/1521 1363/1936/1359 1362/1938/1361
f 1530/1937/1521 1362/1938/1361 1529/1939/1522
f 1529/1939/1522 1362/1938/1361 1361/1940/1363
f 1529/1939/1522 1361/1940/1363 1528/1941/1523
f 1528/1941/1523 1361/1940/1363 1360/1942/1365
f 1528/1941/1523 1360/1942/1365 1527/1943/1524
f 1527/1943/1524 1360/1942/1365 1359/1944/1367
f 1527/1943/1524 1359/1944/1367 1526/1945/1525
f 1526/1945/1525 1359/1944/1367 1358/1946/1369
f 1526/1945/1525 1358/1946/1369 1525/1947/1526
f 1525/1947/1526 1358/1946/1369 1357/1948/1371
f 1525/1947/1526 1357/1948/1371 1524/1949/1527
f 1524/1949/1527 1357/1948/1371 1356/1950/1373
f 1524/1949/1527 1356/1950/1373 1523/1951/1528
f 1523/1951/1528 1356/1950/1373 1355/1952/1375
f 1523/1951/1528 1355/1952/1375 1522/1953/1529
f 1522/1953/1529 1355/1952/1375 1354/1954/1377
f 1522/1953/1529 1354/1954/1377 1521/1955/1530
f 1521/1955/1530 1354/1954/1377 1353/1956/1379
f 1521/1955/1530 1353/1956/1379 1520/1957/1531
f 1520/1957/1531 1353/1956/1379 1352/1958/1381
f 1520/1957/1531 1352/1958/1381 1519/1959/1532
f 1519/1959/1532 1352/1958/1381 1351/1960/1383
f 1519/1959/1532 1351/1960/1383 1518/1961/1533
f 1518/1961/1533 1351/1960/1383 1350/1962/1385
f 1518/1961/1533 1350/1962/1385 1517/1963/1534
f 1517/1963/1534 1350/1962/1385 1349/1964/1387
f 1517/1963/1534 1349/1964/1387 1516/1965/1535
f 1516/1965/1535 1349/1964/1387 1348/1966/1389
f 1516/1965/1535 1348/1966/1389 1515/1967/1536
f 1515/1967/1536 1348/1966/1389 1347/1968/1391
f 1515/1967/1536 1347/1968/1391 1514/1919/1513
f 1514/1919/1513 1347/1968/1391 1346/1920/1345
f 1392/1969/1397 1382/1970/1417 1369/1971/1395
f 1369/1971/1395 1382/1970/1417 1381/1972/1419
f 1369/1971/1395 1381/1972/1419 1370/1973/1393
f 1370/1973/1393 1381/1972/1419 1380/1974/1421
f 1370/1973/1393 1380/1974/1421 1371/1975/1439
f 1371/1975/1439 1380/1974/1421 1379/1976/1423
f 1371/1975/1439 1379/1976/1423 1372/1977/1437
f 1372/1977/1437 1379/1976/1423 1378/1978/1425
f 1372/1977/1437 1378/1978/1425 1373/1979/1435
f 1373/1979/1435 1378/1978/1425 1377/1980/1427
f 1373/1979/1435 1377/1980/1427 1374/1981/1433
f 1374/1981/1433 1377/1980/1427 1376/1982/1429
f 1374/1981/1433 1376/1982/1429 1375/1983/1431
f 1382/1970/1417 1392/1969/1397 1383/1984/1415
f 1383/1984/1415 1392/1969/1397 1391/1985/1399
f 1383/1984/1415 1391/1985/1399 1384/1986/1413
f 1384/1986/1413 1391/1985/1399 1390/1987/1401
f 1384/1986/1413 1390/1987/1401 1385/1988/1411
f 1385/1988/1411 1390/1987/1401 1389/1989/1403
f 1385/1988/1411 1389/1989/1403 1386/1990/1409
f 1386/1990/1409 1389/1989/1403 1388/1991/1405
f 1386/1990/1409 1388/1991/1405 1387/1992/1407
f 1538/1993/1537 1584/1994/1538 1537/1995/1539
f 1537/1995/1539 1584/1994/1538 1561/1996/1540
f 1537/1997/1539 1561/1998/1540 1560/1999/1541
f 1560/1999/1541 1561/1998/1540 1562/2000/1542
f 1560/1999/1541 1562/2000/1542 1559/2001/1543
f 1559/2001/1543 1562/2000/1542 1563/2002/1544
f 1559/2001/1543 1563/2002/1544 1558/2003/1545
f 1558/2003/1545 1563/2002/1544 1564/2004/1546
f 1558/2003/1545 1564/2004/1546 1557/2005/1547
f 1557/2005/1547 1564/2004/1546 1565/2006/1548
f 1557/2005/1547 1565/2006/1548 1556/2007/1549
f 1556/2007/1549 1565/2006/1548 1566/2008/1550
f 1556/2007/1549 1566/2008/1550 1555/2009/1551
f 1555/2009/1551 1566/2008/1550 1567/2010/1552
f 1555/2009/1551 1567/2010/1552 1554/2011/1553
f 1554/2011/1553 1567/2010/1552 1568/2012/1554
f 1554/2011/1553 1568/2012/1554 1553/2013/1555
f 1553/2013/1555 1568/2012/1554 1569/2014/1556
f 1553/2013/1555 1569/2014/1556 1552/2015/1557
f 1552/2015/1557 1569/2014/1556 1570/2016/1558
f 1552/2015/1557 1570/2016/1558 1551/2017/1559
f 1551/2017/1559 1570/2016/1558 1571/2018/1560
f 1551/2017/1559 1571/2018/1560 1550/2019/1561
f 1550/2019/1561 1571/2018/1560 1572/2020/1562
f 1550/2019/1561 1572/2020/1562 1549/2021/1563
f 1549/2021/1563 1572/2020/1562 1573/2022/1564
f 1549/2021/1563 1573/2022/1564 1548/2023/1565
f 1548/2023/1565 1573/2022/1564 1574/2024/1566
f 1548/2023/1565 1574/2024/1566 1547/2025/1567
f 1547/2025/1567 1574/2024/1566 1575/2026/1568
f 1547/2025/1567 1575/2026/1568 1546/2027/1569
f 1546/2027/1569 1575/2026/1568 1576/2028/1570
f 1546/2027/1569 1576/2028/1570 1545/2029/1571
f 1545/2029/1571 1576/2028/1570 1577/2030/1572
f 1545/2029/1571 1577/2030/1572 1544/2031/1573
f 1544/2031/1573 1577/2030/1572 1578/2032/1574
f 1544/2031/1573 1578/2032/1574 1543/2033/1575
f 1543/2033/1575 1578/2032/1574 1579/2034/1576
f 1543/2033/1575 1579/2034/1576 1542/2035/1577
f 1542/2035/1577 1579/2034/1576 1580/2036/1578
f 1542/2035/1577 1580/2036/1578 1541/2037/1579
f 1541/2037/1579 1580/2036/1578 1581/2038/1580
f 1541/2037/1579 1581/2038/1580 1540/2039/1581
f 1540/2039/1581 1581/2038/1580 1582/2040/1582
f 1540/2039/1581 1582/2040/1582 1539/2041/1583
f 1539/2041/1583 1582/2040/1582 1583/2042/1584
f 1539/2041/1583 1583/2042/1584 1538/1993/1537
f 1538/1993/1537 1583/2042/1584 1584/1994/1538
f 1586/2043/1585 1632/2044/1586 1585/2045/1587
f 1585/2045/1587 1632/2044/1586 1609/2046/1588
f 1585/2047/1587 1609/2048/1588 1608/2049/1589
f 1608/2049/1589 1609/2048/1588 1610/2050/1590
f 1608/2049/1589 1610/2050/1590 1607/2051/1591
f 1607/2051/1591 1610/2050/1590 1611/2052/1592
f 1607/2051/1591 1611/2052/1592 1606/2053/1593
f 1606/2053/1593 1611/2052/1592 1612/2054/1594
f 1606/2053/1593 1612/2054/1594 1605/2055/1595
f 1605/2055/1595 1612/2054/1594 1613/2056/1596
f 1605/2055/1595 1613/2056/1596 1604/2057/1597
f 1604/2057/1597 1613/2056/1596 1614/2058/1598
f 1604/2057/1597 1614/2058/1598 1603/2059/1599
f 1603/2059/1599 1614/2058/1598 1615/2060/1600
f 1603/2059/1599 1615/2060/1600 1602/2061/1601
f 1602/2061/1601 1615/2060/1600 1616/2062/1602
f 1602/2061/1601 1616/2062/1602 1601/2063/1603
f 1601/2063/1603 1616/2062/1602 1617/2064/1604
f 1601/2063/1603 1617/2064/1604 1600/2065/1605
f 1600/2065/1605 1617/2064/1604 1618/2066/1606
f 1600/2065/1605 1618/2066/1606 1599/2067/1607
f 1599/2067/1607 1618/2066/1606 1619/2068/1608
f 1599/2067/1607 1619/2068/1608 1598/2069/1609
f 1598/2069/1609 1619/2068/1608 1620/2070/1610
f 1598/2069/1609 1620/2070/1610 1597/2071/1611
f 1597/2071/1611 1620/2070/1610 1621/2072/1612
f 1597/2071/1611 1621/2072/1612 1596/2073/1613
f 1596/2073/1613 1621/2072/1612 1622/2074/1614
f 1596/2073/1613 1622/2074/1614 1595/2075/1615
f 1595/2075/1615 1622/2074/1614 1623/2076/1616
f 1595/2075/1615 1623/2076/1616 1594/2077/1617
f 1594/2077/1617 1623/2076/1616 1624/2078/1618
f 1594/2077/1617 1624/2078/1618 1593/2079/1619
f 1593/2079/1619 1624/2078/1618 1625/2080/1620
f 1593/2079/1619 1625/2080/1620 1592/2081/1621
f 1592/2081/1621 1625/2080/1620 1626/2082/1622
f 1592/2081/1621 1626/2082/1622 1591/2083/1623
f 1591/2083/1623 1626/2082/1622 1627/2084/1624
f 1591/2083/1623 1627/2084/1624 1590/2085/1625
f 1590/2085/1625 1627/2084/1624 1628/2086/1626
f 1590/2085/1625 1628/2086/1626 1589/2087/1627
f 1589/2087/1627 1628/2086/1626 1629/2088/1628
f 1589/2087/1627 1629/2088/1628 1588/2089/1629
f 1588/2089/1629 1629/2088/1628 1630/2090/1630
f 1588/2089/1629 1630/2090/1630 1587/2091/1631
f 1587/2091/1631 1630/2090/1630 1631/2092/1632
f 1587/2091/1631 1631/2092/1632 1586/2043/1585
f 1586/2043/1585 1631/2092/1632 1632/2044/1586
f 1538/2093/1633 1537/2094/1634 1585/2095/1635
f 1585/2095/1635 1537/2094/1634 1560/2096/1636
f 1585/2095/1635 1560/2096/1636 1586/2097/1637
f 1586/2097/1637 1560/2096/1636 1559/2098/1638
f 1586/2097/1637 1559/2098/1638 1587/2099/1639
f 1587/2099/1639 1559/2098/1638 1558/2100/1640
f 1587/2099/1639 1558/2100/1640 1588/2101/1641
f 1588/2101/1641 1558/2100/1640 1557/2102/1642
f 1588/2101/1641 1557/2102/1642 1589/2103/1643
f 1589/2103/1643 1557/2102/1642 1556/2104/1644
f 1589/2103/1643 1556/2104/1644 1590/2105/1645
f 1590/2105/1645 1556/2104/1644 1555/2106/1646
f 1590/2105/1645 1555/2106/1646 1591/2107/1647
f 1591/2107/1647 1555/2106/1646 1592/2108/1648
f 1592/2108/1648 1555/2106/1646 1554/2109/1649
f 1592/2108/1648 1554/2109/1649 1593/2110/1650
f 1593/2110/1650 1554/2109/1649 1553/2111/1651
f 1593/2110/1650 1553/2111/1651 1594/2112/1652
f 1594/2112/1652 1553/2111/1651 1552/2113/1653
f 1594/2112/1652 1552/2113/1653 1595/2114/1654
f 1595/2114/1654 1552/2113/1653 1551/2115/1655
f 1595/2114/1654 1551/2115/1655 1596/2116/1656
f 1596/2116/1656 1551/2115/1655 1550/2117/1657
f 1596/2116/1656 1550/2117/1657 1597/2118/1658
f 1597/2118/1658 1550/2117/1657 1549/2119/1659
f 1597/2118/1658 1549/2119/1659 1598/2120/1660
f 1598/2120/1660 1549/2119/1659 1548/2121/1661
f 1598/2120/1660 1548/2121/1661 1547/2122/1662
f 1598/2120/1660 1547/2122/1662 1599/2123/1663
f 1599/2123/1663 1547/2122/1662 1546/2124/1664
f 1599/2123/1663 1546/2124/1664 1600/2125/1665
f 1600/2125/1665 1546/2124/1664 1545/2126/1666
f 1600/2125/1665 1545/2126/1666 1601/2127/1667
f 1601/2127/1667 1545/2126/1666 1544/2128/1668
f 1601/2127/1667 1544/2128/1668 1602/2129/1669
f 1602/2129/1669 1544/2128/1668 1543/2130/1670
f 1602/2129/1669 1543/2130/1670 1603/2131/1671
f 1603/2131/1671 1543/2130/1670 1604/2132/1672
f 1604/2132/1672 1543/2130/1670 1542/2133/1673
f 1604/2132/1672 1542/2133/1673 1605/2134/1674
f 1605/2134/1674 1542/2133/1673 1541/2135/1675
f 1605/2134/1674 1541/2135/1675 1606/2136/1676
f 1606/2136/1676 1541/2135/1675 1540/2137/1677
f 1606/2136/1676 1540/2137/1677 1607/2138/1678
f 1607/2138/1678 1540/2137/1677 1539/2139/1679
f 1607/2138/1678 1539/2139/1679 1608/2140/1680
f 1608/2140/1680 1539/2139/1679 1538/2093/1633
f 1608/2140/1680 1538/2093/1633 1585/2095/1635
f 1634/2141/1681 1864/2142/1682 1633/2143/1683
f 1633/2143/1683 1864/2142/1682 1865/2144/1684
f 1633/2143/1683 1865/2144/1684 1656/2145/1685
f 1656/2145/1685 1865/2144/1684 1866/2146/1686
f 1656/2145/1685 1866/2146/1686 1655/2147/1687
f 1655/2147/1687 1866/2146/1686 1867/2148/1688
f 1655/2147/1687 1867/2148/1688 1654/2149/1689
f 1654/2149/1689 1867/2148/1688 1868/2150/1690
f 1654/2149/1689 1868/2150/1690 1703/2151/1691
f 1703/2151/1691 1868/2150/1690 1702/2152/1692
f 1702/2152/1692 1868/2150/1690 1701/2153/1693
f 1701/2153/1693 1868/2150/1690 1869/2154/1694
f 1701/2153/1693 1869/2154/1694 1700/2155/1695
f 1700/2155/1695 1869/2154/1694 1699/2156/1696
f 1699/2156/1696 1869/2154/1694 1870/2157/1697
f 1699/2156/1696 1870/2157/1697 1698/2158/1698
f 1698/2158/1698 1870/2157/1697 1697/2159/1699
f 1697/2159/1699 1870/2157/1697 1871/2160/1700
f 1697/2159/1699 1871/2160/1700 1696/2161/1701
f 1696/2161/1701 1871/2160/1700 1662/2162/1702
f 1696/2161/1701 1662/2162/1702 1695/2163/1703
f 1695/2163/1703 1662/2162/1702 1663/2164/1704
f 1695/2163/1703 1663/2164/1704 1694/2165/1705
f 1694/2165/1705 1663/2164/1704 1664/2166/1706
f 1694/2165/1705 1664/2166/1706 1693/2167/1707
f 1693/2167/1707 1664/2166/1706 1665/2168/1708
f 1693/2167/1707 1665/2168/1708 1692/2169/1709
f 1692/2169/1709 1665/2168/1708 1666/2170/1710
f 1692/2169/1709 1666/2170/1710 1658/2171/1711
f 1658/2171/1711 1666/2170/1710 1667/2172/1712
f 1658/2171/1711 1667/2172/1712 1668/2173/1713
f 1864/2142/1682 1634/2141/1681 1863/2174/1714
f 1863/2174/1714 1634/2141/1681 1635/2175/1715
f 1863/2174/1714 1635/2175/1715 1862/2176/1716
f 1862/2176/1716 1635/2175/1715 1636/2177/1717
f 1862/2176/1716 1636/2177/1717 1787/2178/1718
f 1787/2178/1718 1636/2177/1717 1786/2179/1719
f 1786/2179/1719 1636/2177/1717 1785/2180/1720
f 1785/2180/1720 1636/2177/1717 1637/2181/1721
f 1785/2180/1720 1637/2181/1721 1784/2182/1722
f 1784/2182/1722 1637/2181/1721 1783/2183/1723
f 1783/2183/1723 1637/2181/1721 1638/2184/1724
f 1783/2183/1723 1638/2184/1724 1782/2185/1725
f 1782/2185/1725 1638/2184/1724 1781/2186/1726
f 1781/2186/1726 1638/2184/1724 1639/2187/1727
f 1781/2186/1726 1639/2187/1727 1804/2188/1728
f 1804/2188/1728 1639/2187/1727 1818/2189/1729
f 1804/2188/1728 1818/2189/1729 1803/2190/1730
f 1803/2190/1730 1818/2189/1729 1819/2191/1731
f 1803/2190/1730 1819/2191/1731 1802/2192/1732
f 1802/2192/1732 1819/2191/1731 1820/2193/1733
f 1802/2192/1732 1820/2193/1733 1801/2194/1734
f 1801/2194/1734 1820/2193/1733 1821/2195/1735
f 1801/2194/1734 1821/2195/1735 1800/2196/1736
f 1800/2196/1736 1821/2195/1735 1822/2197/1737
f 1800/2196/1736 1822/2197/1737 1799/2198/1738
f 1799/2198/1738 1822/2197/1737 1823/2199/1739
f 1799/2198/1738 1823/2199/1739 1657/2200/1740
f 1657/2200/1740 1823/2199/1739 1660/2201/1741
f 1660/2201/1741 1823/2199/1739 1824/2202/1742
f 1660/2201/1741 1824/2202/1742 1846/2203/1743
f 1846/2203/1743 1824/2202/1742 1845/2204/1744
f 1845/2204/1744 1824/2202/1742 1825/2205/1745
f 1845/2204/1744 1825/2205/1745 1844/2206/1746
f 1844/2206/1746 1825/2205/1745 1826/2207/1747
f 1844/2206/1746 1826/2207/1747 1843/2208/1748
f 1843/2208/1748 1826/2207/1747 1827/2209/1749
f 1843/2208/1748 1827/2209/1749 1842/2210/1750
f 1842/2210/1750 1827/2209/1749 1828/2211/1751
f 1842/2210/1750 1828/2211/1751 1627/2212/1752
f 1627/2212/1752 1828/2211/1751 1805/2213/1753
f 1627/2212/1752 1805/2213/1753 1628/2214/1754
f 1628/2214/1754 1805/2213/1753 1806/2215/1755
f 1628/2214/1754 1806/2215/1755 1807/2216/1756
f 1818/2189/1729 1639/2187/1727 1817/2217/1757
f 1817/2217/1757 1639/2187/1727 1640/2218/1758
f 1817/2217/1757 1640/2218/1758 1816/2219/1759
f 1816/2219/1759 1640/2218/1758 1815/2220/1760
f 1815/2220/1760 1640/2218/1758 1641/2221/1761
f 1815/2220/1760 1641/2221/1761 1814/2222/1762
f 1814/2222/1762 1641/2221/1761 1813/2223/1763
f 1813/2223/1763 1641/2221/1761 1642/2224/1764
f 1813/2223/1763 1642/2224/1764 1812/2225/1765
f 1812/2225/1765 1642/2224/1764 1811/2226/1766
f 1811/2226/1766 1642/2224/1764 1630/2227/1767
f 1811/2226/1766 1630/2227/1767 1810/2228/1768
f 1810/2228/1768 1630/2227/1767 1809/2229/1769
f 1809/2229/1769 1630/2227/1767 1629/2230/1770
f 1809/2229/1769 1629/2230/1770 1808/2231/1771
f 1808/2231/1771 1629/2230/1770 1807/2216/1756
f 1807/2216/1756 1629/2230/1770 1628/2214/1754
f 1630/2227/1767 1642/2224/1764 1631/2232/1772
f 1631/2232/1772 1642/2224/1764 1643/2233/1773
f 1631/2232/1772 1643/2233/1773 1632/2234/1774
f 1632/2234/1774 1643/2233/1773 1644/2235/1775
f 1632/2234/1774 1644/2235/1775 1609/2236/1776
f 1609/2236/1776 1644/2235/1775 1645/2237/1777
f 1609/2236/1776 1645/2237/1777 1610/2238/1778
f 1610/2238/1778 1645/2237/1777 1646/2239/1779
f 1610/2238/1778 1646/2239/1779 1611/2240/1780
f 1611/2240/1780 1646/2239/1779 1647/2241/1781
f 1611/2240/1780 1647/2241/1781 1612/2242/1782
f 1612/2242/1782 1647/2241/1781 1648/2243/1783
f 1612/2242/1782 1648/2243/1783 1727/2244/1784
f 1727/2244/1784 1648/2243/1783 1726/2245/1785
f 1726/2245/1785 1648/2243/1783 1725/2246/1786
f 1725/2246/1786 1648/2243/1783 1649/2247/1787
f 1725/2246/1786 1649/2247/1787 1724/2248/1788
f 1724/2248/1788 1649/2247/1787 1723/2249/1789
f 1723/2249/1789 1649/2247/1787 1650/2250/1790
f 1723/2249/1789 1650/2250/1790 1722/2251/1791
f 1722/2251/1791 1650/2250/1790 1721/2252/1792
f 1721/2252/1792 1650/2250/1790 1651/2253/1793
f 1721/2252/1792 1651/2253/1793 1720/2254/1794
f 1720/2254/1794 1651/2253/1793 1686/2255/1795
f 1720/2254/1794 1686/2255/1795 1719/2256/1796
f 1719/2256/1796 1686/2255/1795 1687/2257/1797
f 1719/2256/1796 1687/2257/1797 1718/2258/1798
f 1718/2258/1798 1687/2257/1797 1688/2259/1799
f 1718/2258/1798 1688/2259/1799 1717/2260/1800
f 1717/2260/1800 1688/2259/1799 1689/2261/1801
f 1717/2260/1800 1689/2261/1801 1716/2262/1802
f 1716/2262/1802 1689/2261/1801 1690/2263/1803
f 1716/2262/1802 1690/2263/1803 1715/2264/1804
f 1715/2264/1804 1690/2263/1803 1691/2265/1805
f 1715/2264/1804 1691/2265/1805 1659/2266/1806
f 1659/2266/1806 1691/2265/1805 1658/2171/1711
f 1658/2171/1711 1691/2265/1805 1692/2169/1709
f 1686/2255/1795 1651/2253/1793 1685/2267/1807
f 1685/2267/1807 1651/2253/1793 1652/2268/1808
f 1685/2267/1807 1652/2268/1808 1708/2269/1809
f 1708/2269/1809 1652/2268/1808 1707/2270/1810
f 1707/2270/1810 1652/2268/1808 1653/2271/1811
f 1707/2270/1810 1653/2271/1811 1706/2272/1812
f 1706/2272/1812 1653/2271/1811 1705/2273/1813
f 1705/2273/1813 1653/2271/1811 1654/2149/1689
f 1705/2273/1813 1654/2149/1689 1704/2274/1814
f 1704/2274/1814 1654/2149/1689 1703/2151/1691
f 1658/2171/1711 1674/2275/1815 1657/2200/1740
f 1657/2200/1740 1674/2275/1815 1768/2276/1816
f 1657/2200/1740 1768/2276/1816 1769/2277/1817
f 1660/2201/1741 1756/2278/1818 1659/2266/1806
f 1659/2266/1806 1756/2278/1818 1733/2279/1819
f 1659/2266/1806 1733/2279/1819 1734/2280/1820
f 1662/2162/1702 1871/2160/1700 1661/2281/1821
f 1661/2281/1821 1871/2160/1700 1872/2282/1822
f 1661/2281/1821 1872/2282/1822 1684/2283/1823
f 1684/2283/1823 1872/2282/1822 1683/2284/1824
f 1683/2284/1824 1872/2282/1822 1873/2285/1825
f 1683/2284/1824 1873/2285/1825 1682/2286/1826
f 1682/2286/1826 1873/2285/1825 1681/2287/1827
f 1681/2287/1827 1873/2285/1825 1874/2288/1828
f 1681/2287/1827 1874/2288/1828 1680/2289/1829
f 1680/2289/1829 1874/2288/1828 1679/2290/1830
f 1679/2290/1830 1874/2288/1828 1875/2291/1831
f 1679/2290/1830 1875/2291/1831 1678/2292/1832
f 1678/2292/1832 1875/2291/1831 1876/2293/1833
f 1678/2292/1832 1876/2293/1833 1677/2294/1834
f 1677/2294/1834 1876/2293/1833 1853/2295/1835
f 1677/2294/1834 1853/2295/1835 1676/2296/1836
f 1676/2296/1836 1853/2295/1835 1766/2297/1837
f 1676/2296/1836 1766/2297/1837 1767/2298/1838
f 1668/2173/1713 1669/2299/1839 1658/2171/1711
f 1658/2171/1711 1669/2299/1839 1670/2300/1840
f 1658/2171/1711 1670/2300/1840 1671/2301/1841
f 1671/2301/1841 1672/2302/1842 1658/2171/1711
f 1658/2171/1711 1672/2302/1842 1673/2303/1843
f 1658/2171/1711 1673/2303/1843 1674/2275/1815
f 1768/2276/1816 1674/2275/1815 1767/2298/1838
f 1767/2298/1838 1674/2275/1815 1675/2304/1844
f 1767/2298/1838 1675/2304/1844 1676/2296/1836
f 1710/2305/1845 1615/2306/1846 1709/2307/1847
f 1709/2307/1847 1615/2306/1846 1614/2308/1848
f 1709/2307/1847 1614/2308/1848 1732/2309/1849
f 1732/2309/1849 1614/2308/1848 1731/2310/1850
f 1731/2310/1850 1614/2308/1848 1613/2311/1851
f 1731/2310/1850 1613/2311/1851 1730/2312/1852
f 1730/2312/1852 1613/2311/1851 1729/2313/1853
f 1729/2313/1853 1613/2311/1851 1612/2242/1782
f 1729/2313/1853 1612/2242/1782 1728/2314/1854
f 1728/2314/1854 1612/2242/1782 1727/2244/1784
f 1711/2315/1855 1743/2316/1856 1710/2305/1845
f 1710/2305/1845 1743/2316/1856 1744/2317/1857
f 1710/2305/1845 1744/2317/1857 1615/2306/1846
f 1615/2306/1846 1744/2317/1857 1745/2318/1858
f 1615/2306/1846 1745/2318/1858 1616/2319/1859
f 1616/2319/1859 1745/2318/1858 1746/2320/1860
f 1616/2319/1859 1746/2320/1860 1747/2321/1861
f 1743/2316/1856 1711/2315/1855 1742/2322/1862
f 1742/2322/1862 1711/2315/1855 1712/2323/1863
f 1742/2322/1862 1712/2323/1863 1741/2324/1864
f 1741/2324/1864 1712/2323/1863 1713/2325/1865
f 1741/2324/1864 1713/2325/1865 1740/2326/1866
f 1740/2326/1866 1713/2325/1865 1714/2327/1867
f 1740/2326/1866 1714/2327/1867 1659/2266/1806
f 1659/2266/1806 1714/2327/1867 1715/2264/1804
f 1734/2280/1820 1735/2328/1868 1659/2266/1806
f 1659/2266/1806 1735/2328/1868 1736/2329/1869
f 1659/2266/1806 1736/2329/1869 1737/2330/1870
f 1737/2330/1870 1738/2331/1871 1659/2266/1806
f 1659/2266/1806 1738/2331/1871 1739/2332/1872
f 1659/2266/1806 1739/2332/1872 1740/2326/1866
f 1616/2319/1859 1747/2321/1861 1617/2333/1873
f 1617/2333/1873 1747/2321/1861 1748/2334/1874
f 1617/2333/1873 1748/2334/1874 1749/2335/1875
f 1617/2333/1873 1749/2335/1875 1618/2336/1876
f 1618/2336/1876 1749/2335/1875 1750/2337/1877
f 1618/2336/1876 1750/2337/1877 1751/2338/1878
f 1618/2336/1876 1751/2338/1878 1619/2339/1879
f 1619/2339/1879 1751/2338/1878 1752/2340/1880
f 1619/2339/1879 1752/2340/1880 1620/2341/1881
f 1620/2341/1881 1752/2340/1880 1753/2342/1882
f 1620/2341/1881 1753/2342/1882 1621/2343/1883
f 1621/2343/1883 1753/2342/1882 1754/2344/1884
f 1621/2343/1883 1754/2344/1884 1832/2345/1885
f 1832/2345/1885 1754/2344/1884 1831/2346/1886
f 1831/2346/1886 1754/2344/1884 1755/2347/1887
f 1831/2346/1886 1755/2347/1887 1756/2278/1818
f 1758/2348/1888 1858/2349/1889 1757/2350/1890
f 1757/2350/1890 1858/2349/1889 1859/2351/1891
f 1757/2350/1890 1859/2351/1891 1780/2352/1892
f 1780/2352/1892 1859/2351/1891 1794/2353/1893
f 1780/2352/1892 1794/2353/1893 1779/2354/1894
f 1779/2354/1894 1794/2353/1893 1795/2355/1895
f 1779/2354/1894 1795/2355/1895 1778/2356/1896
f 1778/2356/1896 1795/2355/1895 1796/2357/1897
f 1778/2356/1896 1796/2357/1897 1777/2358/1898
f 1777/2358/1898 1796/2357/1897 1797/2359/1899
f 1777/2358/1898 1797/2359/1899 1776/2360/1900
f 1776/2360/1900 1797/2359/1899 1798/2361/1901
f 1776/2360/1900 1798/2361/1901 1657/2200/1740
f 1657/2200/1740 1798/2361/1901 1799/2198/1738
f 1758/2348/1888 1759/2362/1902 1858/2349/1889
f 1858/2349/1889 1759/2362/1902 1857/2363/1903
f 1857/2363/1903 1759/2362/1902 1760/2364/1904
f 1857/2363/1903 1760/2364/1904 1761/2365/1905
f 1857/2363/1903 1761/2365/1905 1856/2366/1906
f 1856/2366/1906 1761/2365/1905 1762/2367/1907
f 1856/2366/1906 1762/2367/1907 1763/2368/1908
f 1856/2366/1906 1763/2368/1908 1855/2369/1909
f 1855/2369/1909 1763/2368/1908 1764/2370/1910
f 1855/2369/1909 1764/2370/1910 1854/2371/1911
f 1854/2371/1911 1764/2370/1910 1765/2372/1912
f 1854/2371/1911 1765/2372/1912 1853/2295/1835
f 1853/2295/1835 1765/2372/1912 1766/2297/1837
f 1769/2277/1817 1770/2373/1913 1657/2200/1740
f 1657/2200/1740 1770/2373/1913 1771/2374/1914
f 1657/2200/1740 1771/2374/1914 1772/2375/1915
f 1772/2375/1915 1773/2376/1916 1657/2200/1740
f 1657/2200/1740 1773/2376/1916 1774/2377/1917
f 1657/2200/1740 1774/2377/1917 1775/2378/1918
f 1775/2378/1918 1776/2360/1900 1657/2200/1740
f 1787/2178/1718 1788/2379/1919 1862/2176/1716
f 1862/2176/1716 1788/2379/1919 1789/2380/1920
f 1862/2176/1716 1789/2380/1920 1861/2381/1921
f 1861/2381/1921 1789/2380/1920 1790/2382/1922
f 1861/2381/1921 1790/2382/1922 1791/2383/1923
f 1861/2381/1921 1791/2383/1923 1860/2384/1924
f 1860/2384/1924 1791/2383/1923 1792/2385/1925
f 1860/2384/1924 1792/2385/1925 1793/2386/1926
f 1860/2384/1924 1793/2386/1926 1859/2351/1891
f 1859/2351/1891 1793/2386/1926 1794/2353/1893
f 1852/2387/1927 1829/2388/1928 1660/2201/1741
f 1660/2201/1741 1829/2388/1928 1830/2389/1929
f 1660/2201/1741 1830/2389/1929 1756/2278/1818
f 1756/2278/1818 1830/2389/1929 1831/2346/1886
f 1832/2345/1885 1833/2390/1930 1621/2343/1883
f 1621/2343/1883 1833/2390/1930 1622/2391/1931
f 1622/2391/1931 1833/2390/1930 1834/2392/1932
f 1622/2391/1931 1834/2392/1932 1623/2393/1933
f 1623/2393/1933 1834/2392/1932 1835/2394/1934
f 1623/2393/1933 1835/2394/1934 1624/2395/1935
f 1624/2395/1935 1835/2394/1934 1836/2396/1936
f 1624/2395/1935 1836/2396/1936 1837/2397/1937
f 1624/2395/1935 1837/2397/1937 1625/2398/1938
f 1625/2398/1938 1837/2397/1937 1838/2399/1939
f 1625/2398/1938 1838/2399/1939 1839/2400/1940
f 1625/2398/1938 1839/2400/1940 1626/2401/1941
f 1626/2401/1941 1839/2400/1940 1840/2402/1942
f 1626/2401/1941 1840/2402/1942 1841/2403/1943
f 1626/2401/1941 1841/2403/1943 1627/2212/1752
f 1627/2212/1752 1841/2403/1943 1842/2210/1750
f 1846/2203/1743 1847/2404/1944 1660/2201/1741
f 1660/2201/1741 1847/2404/1944 1848/2405/1945
f 1660/2201/1741 1848/2405/1945 1849/2406/1946
f 1849/2406/1946 1850/2407/1947 1660/2201/1741
f 1660/2201/1741 1850/2407/1947 1851/2408/1948
f 1660/2201/1741 1851/2408/1948 1852/2387/1927
f 1878/2409/1949 1924/2410/1950 1877/2411/1951
f 1877/2411/1951 1924/2410/1950 1901/2412/1952
f 1877/2413/1951 1901/2414/1952 1900/2415/1953
f 1900/2415/1953 1901/2414/1952 1902/2416/1954
f 1900/2415/1953 1902/2416/1954 1899/2417/1955
f 1899/2417/1955 1902/2416/1954 1903/2418/1956
f 1899/2417/1955 1903/2418/1956 1898/2419/1957
f 1898/2419/1957 1903/2418/1956 1904/2420/1958
f 1898/2419/1957 1904/2420/1958 1897/2421/1959
f 1897/2421/1959 1904/2420/1958 1905/2422/1960
f 1897/2421/1959 1905/2422/1960 1896/2423/1961
f 1896/2423/1961 1905/2422/1960 1906/2424/1962
f 1896/2423/1961 1906/2424/1962 1895/2425/1963
f 1895/2425/1963 1906/2424/1962 1907/2426/1964
f 1895/2425/1963 1907/2426/1964 1894/2427/1965
f 1894/2427/1965 1907/2426/1964 1908/2428/1966
f 1894/2427/1965 1908/2428/1966 1893/2429/1967
f 1893/2429/1967 1908/2428/1966 1909/2430/1968
f 1893/2429/1967 1909/2430/1968 1892/2431/1969
f 1892/2431/1969 1909/2430/1968 1910/2432/1970
f 1892/2431/1969 1910/2432/1970 1891/2433/1971
f 1891/2433/1971 1910/2432/1970 1911/2434/1972
f 1891/2433/1971 1911/2434/1972 1890/2435/1973
f 1890/2435/1973 1911/2434/1972 1912/2436/1974
f 1890/2435/1973 1912/2436/1974 1889/2437/1975
f 1889/2437/1975 1912/2436/1974 1913/2438/1976
f 1889/2437/1975 1913/2438/1976 1888/2439/1977
f 1888/2439/1977 1913/2438/1976 1914/2440/1978
f 1888/2439/1977 1914/2440/1978 1887/2441/1979
f 1887/2441/1979 1914/2440/1978 1915/2442/1980
f 1887/2441/1979 1915/2442/1980 1886/2443/1981
f 1886/2443/1981 1915/2442/1980 1916/2444/1982
f 1886/2443/1981 1916/2444/1982 1885/2445/1983
f 1885/2445/1983 1916/2444/1982 1917/2446/1984
f 1885/2445/1983 1917/2446/1984 1884/2447/1985
f 1884/2447/1985 1917/2446/1984 1918/2448/1986
f 1884/2447/1985 1918/2448/1986 1883/2449/1987
f 1883/2449/1987 1918/2448/1986 1919/2450/1988
f 1883/2449/1987 1919/2450/1988 1882/2451/1989
f 1882/2451/1989 1919/2450/1988 1920/2452/1990
f 1882/2451/1989 1920/2452/1990 1881/2453/1991
f 1881/2453/1991 1920/2452/1990 1921/2454/1992
f 1881/2453/1991 1921/2454/1992 1880/2455/1993
f 1880/2455/1993 1921/2454/1992 1922/2456/1994
f 1880/2455/1993 1922/2456/1994 1879/2457/1995
f 1879/2457/1995 1922/2456/1994 1923/2458/1996
f 1879/2457/1995 1923/2458/1996 1878/2409/1949
f 1878/2409/1949 1923/2458/1996 1924/2410/1950
f 1926/2459/1997 1634/2460/1998 1925/2461/1999
f 1925/2461/1999 1634/2460/1998 1633/2462/2000
f 1925/2463/1999 1633/2464/2000 1948/2465/2001
f 1948/2465/2001 1633/2464/2000 1656/2466/2002
f 1948/2465/2001 1656/2466/2002 1947/2467/2003
f 1947/2467/2003 1656/2466/2002 1655/2468/2004
f 1947/2467/2003 1655/2468/2004 1946/2469/2005
f 1946/2469/2005 1655/2468/2004 1654/2470/2006
f 1946/2469/2005 1654/2470/2006 1945/2471/2007
f 1945/2471/2007 1654/2470/2006 1653/2472/2008
f 1945/2471/2007 1653/2472/2008 1944/2473/2009
f 1944/2473/2009 1653/2472/2008 1652/2474/2010
f 1944/2473/2009 1652/2474/2010 1943/2475/2011
f 1943/2475/2011 1652/2474/2010 1651/2476/2012
f 1943/2475/2011 1651/2476/2012 1942/2477/2013
f 1942/2477/2013 1651/2476/2012 1650/2478/2014
f 1942/2477/2013 1650/2478/2014 1941/2479/2015
f 1941/2479/2015 1650/2478/2014 1649/2480/2016
f 1941/2479/2015 1649/2480/2016 1940/2481/2017
f 1940/2481/2017 1649/2480/2016 1648/2482/2018
f 1940/2481/2017 1648/2482/2018 1939/2483/2019
f 1939/2483/2019 1648/2482/2018 1647/2484/2020
f 1939/2483/2019 1647/2484/2020 1938/2485/2021
f 1938/2485/2021 1647/2484/2020 1646/2486/2022
f 1938/2485/2021 1646/2486/2022 1937/2487/2023
f 1937/2487/2023 1646/2486/2022 1645/2488/2024
f 1937/2487/2023 1645/2488/2024 1936/2489/2025
f 1936/2489/2025 1645/2488/2024 1644/2490/2026
f 1936/2489/2025 1644/2490/2026 1935/2491/2027
f 1935/2491/2027 1644/2490/2026 1643/2492/2028
f 1935/2491/2027 1643/2492/2028 1934/2493/2029
f 1934/2493/2029 1643/2492/2028 1642/2494/2030
f 1934/2493/2029 1642/2494/2030 1933/2495/2031
f 1933/2495/2031 1642/2494/2030 1641/2496/2032
f 1933/2495/2031 1641/2496/2032 1932/2497/2033
f 1932/2497/2033 1641/2496/2032 1640/2498/2034
f 1932/2497/2033 1640/2498/2034 1931/2499/2035
f 1931/2499/2035 1640/2498/2034 1639/2500/2036
f 1931/2499/2035 1639/2500/2036 1930/2501/2037
f 1930/2501/2037 1639/2500/2036 1638/2502/2038
f 1930/2501/2037 1638/2502/2038 1929/2503/2039
f 1929/2503/2039 1638/2502/2038 1637/2504/2040
f 1929/2503/2039 1637/2504/2040 1928/2505/2041
f 1928/2505/2041 1637/2504/2040 1636/2506/2042
f 1928/2505/2041 1636/2506/2042 1927/2507/2043
f 1927/2507/2043 1636/2506/2042 1635/2508/2044
f 1927/2507/2043 1635/2508/2044 1926/2459/1997
f 1926/2459/1997 1635/2508/2044 1634/2460/1998
f 1878/2509/2045 1877/2510/2046 1925/2511/2047
f 1925/2511/2047 1877/2510/2046 1900/2512/2048
f 1925/2511/2047 1900/2512/2048 1926/2513/2049
f 1926/2513/2049 1900/2512/2048 1899/2514/2050
f 1926/2513/2049 1899/2514/2050 1927/2515/2051
f 1927/2515/2051 1899/2514/2050 1898/2516/2052
f 1927/2515/2051 1898/2516/2052 1928/2517/2053
f 1928/2517/2053 1898/2516/2052 1897/2518/2054
f 1928/2517/2053 1897/2518/2054 1929/2519/2055
f 1929/2519/2055 1897/2518/2054 1896/2520/2056
f 1929/2519/2055 1896/2520/2056 1930/2521/2057
f 1930/2521/2057 1896/2520/2056 1895/2522/2058
f 1930/2521/2057 1895/2522/2058 1931/2523/2059
f 1931/2523/2059 1895/2522/2058 1932/2524/2060
f 1932/2524/2060 1895/2522/2058 1894/2525/2061
f 1932/2524/2060 1894/2525/2061 1933/2526/2062
f 1933/2526/2062 1894/2525/2061 1893/2527/2063
f 1933/2526/2062 1893/2527/2063 1934/2528/2064
f 1934/2528/2064 1893/2527/2063 1892/2529/2065
f 1934/2528/2064 1892/2529/2065 1935/2530/2066
f 1935/2530/2066 1892/2529/2065 1891/2531/2067
f 1935/2530/2066 1891/2531/2067 1936/2532/2068
f 1936/2532/2068 1891/2531/2067 1890/2533/2069
f 1936/2532/2068 1890/2533/2069 1937/2534/2070
f 1937/2534/2070 1890/2533/2069 1889/2535/2071
f 1937/2534/2070 1889/2535/2071 1938/2536/2072
f 1938/2536/2072 1889/2535/2071 1888/2537/2073
f 1938/2536/2072 1888/2537/2073 1887/2538/2074
f 1938/2536/2072 1887/2538/2074 1939/2539/2075
f 1939/2539/2075 1887/2538/2074 1886/2540/2076
f 1939/2539/2075 1886/2540/2076 1940/2541/2077
f 1940/2541/2077 1886/2540/2076 1885/2542/2078
f 1940/2541/2077 1885/2542/2078 1941/2543/2079
f 1941/2543/2079 1885/2542/2078 1884/2544/2080
f 1941/2543/2079 1884/2544/2080 1942/2545/2081
f 1942/2545/2081 1884/2544/2080 1883/2546/2082
f 1942/2545/2081 1883/2546/2082 1943/2547/2083
f 1943/2547/2083 1883/2546/2082 1944/2548/2084
f 1944/2548/2084 1883/2546/2082 1882/2549/2085
f 1944/2548/2084 1882/2549/2085 1945/2550/2086
f 1945/2550/2086 1882/2549/2085 1881/2551/2087
f 1945/2550/2086 1881/2551/2087 1946/2552/2088
f 1946/2552/2088 1881/2551/2087 1880/2553/2089
f 1946/2552/2088 1880/2553/2089 1947/2554/2090
f 1947/2554/2090 1880/2553/2089 1879/2555/2091
f 1947/2554/2090 1879/2555/2091 1948/2556/2092
f 1948/2556/2092 1879/2555/2091 1878/2509/2045
f 1948/2556/2092 1878/2509/2045 1925/2511/2047
f 1584/2557/2093 1574/2558/2094 1561/2559/2095
f 1561/2559/2095 1574/2558/2094 1573/2560/2096
f 1561/2559/2095 1573/2560/2096 1562/2561/2097
f 1562/2561/2097 1573/2560/2096 1572/2562/2098
f 1562/2561/2097 1572/2562/2098 1563/2563/2099
f 1563/2563/2099 1572/2562/2098 1571/2564/2100
f 1563/2563/2099 1571/2564/2100 1564/2565/2101
f 1564/2565/2101 1571/2564/2100 1570/2566/2102
f 1564/2565/2101 1570/2566/2102 1565/2567/2103
f 1565/2567/2103 1570/2566/2102 1569/2568/2104
f 1565/2567/2103 1569/2568/2104 1566/2569/2105
f 1566/2569/2105 1569/2568/2104 1568/2570/2106
f 1566/2569/2105 1568/2570/2106 1567/2571/2107
f 1574/2558/2094 1584/2557/2093 1575/2572/2108
f 1575/2572/2108 1584/2557/2093 1583/2573/2109
f 1575/2572/2108 1583/2573/2109 1576/2574/2110
f 1576/2574/2110 1583/2573/2109 1582/2575/2111
f 1576/2574/2110 1582/2575/2111 1577/2576/2112
f 1577/2576/2112 1582/2575/2111 1581/2577/2113
f 1577/2576/2112 1581/2577/2113 1578/2578/2114
f 1578/2578/2114 1581/2577/2113 1580/2579/2115
f 1578/2578/2114 1580/2579/2115 1579/2580/2116
f 1950/2581/2117 1996/2582/2118 1949/2583/2119
f 1949/2583/2119 1996/2582/2118 1973/2584/2120
f 1949/2585/2119 1973/2586/2120 1972/2587/2121
f 1972/2587/2121 1973/2586/2120 1974/2588/2122
f 1972/2587/2121 1974/2588/2122 1971/2589/2123
f 1971/2589/2123 1974/2588/2122 1975/2590/2124
f 1971/2589/2123 1975/2590/2124 1970/2591/2125
f 1970/2591/2125 1975/2590/2124 1976/2592/2126
f 1970/2591/2125 1976/2592/2126 1969/2593/2127
f 1969/2593/2127 1976/2592/2126 1977/2594/2128
f 1969/2593/2127 1977/2594/2128 1968/2595/2129
f 1968/2595/2129 1977/2594/2128 1978/2596/2130
f 1968/2595/2129 1978/2596/2130 1967/2597/2131
f 1967/2597/2131 1978/2596/2130 1979/2598/2132
f 1967/2597/2131 1979/2598/2132 1966/2599/2133
f 1966/2599/2133 1979/2598/2132 1980/2600/2134
f 1966/2599/2133 1980/2600/2134 1965/2601/2135
f 1965/2601/2135 1980/2600/2134 1981/2602/2136
f 1965/2601/2135 1981/2602/2136 1964/2603/2137
f 1964/2603/2137 1981/2602/2136 1982/2604/2138
f 1964/2603/2137 1982/2604/2138 1963/2605/2139
f 1963/2605/2139 1982/2604/2138 1983/2606/2140
f 1963/2605/2139 1983/2606/2140 1962/2607/2141
f 1962/2607/2141 1983/2606/2140 1984/2608/2142
f 1962/2607/2141 1984/2608/2142 1961/2609/2143
f 1961/2609/2143 1984/2608/2142 1985/2610/2144
f 1961/2609/2143 1985/2610/2144 1960/2611/2145
f 1960/2611/2145 1985/2610/2144 1986/2612/2146
f 1960/2611/2145 1986/2612/2146 1959/2613/2147
f 1959/2613/2147 1986/2612/2146 1987/2614/2148
f 1959/2613/2147 1987/2614/2148 1958/2615/2149
f 1958/2615/2149 1987/2614/2148 1988/2616/2150
f 1958/2615/2149 1988/2616/2150 1957/2617/2151
f 1957/2617/2151 1988/2616/2150 1989/2618/2152
f 1957/2617/2151 1989/2618/2152 1956/2619/2153
f 1956/2619/2153 1989/2618/2152 1990/2620/2154
f 1956/2619/2153 1990/2620/2154 1955/2621/2155
f 1955/2621/2155 1990/2620/2154 1991/2622/2156
f 1955/2621/2155 1991/2622/2156 1954/2623/2157
f 1954/2623/2157 1991/2622/2156 1992/2624/2158
f 1954/2623/2157 1992/2624/2158 1953/2625/2159
f 1953/2625/2159 1992/2624/2158 1993/2626/2160
f 1953/2625/2159 1993/2626/2160 1952/2627/2161
f 1952/2627/2161 1993/2626/2160 1994/2628/2162
f 1952/2627/2161 1994/2628/2162 1951/2629/2163
f 1951/2629/2163 1994/2628/2162 1995/2630/2164
f 1951/2629/2163 1995/2630/2164 1950/2581/2117
f 1950/2581/2117 1995/2630/2164 1996/2582/2118
f 1998/2631/2165 1854/2632/2166 1997/2633/2167
f 1997/2633/2167 1854/2632/2166 1853/2634/2168
f 1997/2635/2167 1853/2636/2168 2020/2637/2169
f 2020/2637/2169 1853/2636/2168 1876/2638/2170
f 2020/2637/2169 1876/2638/2170 2019/2639/2171
f 2019/2639/2171 1876/2638/2170 1875/2640/2172
f 2019/2639/2171 1875/2640/2172 2018/2641/2173
f 2018/2641/2173 1875/2640/2172 1874/2642/2174
f 2018/2641/2173 1874/2642/2174 2017/2643/2175
f 2017/2643/2175 1874/2642/2174 1873/2644/2176
f 2017/2643/2175 1873/2644/2176 2016/2645/2177
f 2016/2645/2177 1873/2644/2176 1872/2646/2178
f 2016/2645/2177 1872/2646/2178 2015/2647/2179
f 2015/2647/2179 1872/2646/2178 1871/2648/2180
f 2015/2647/2179 1871/2648/2180 2014/2649/2181
f 2014/2649/2181 1871/2648/2180 1870/2650/2182
f 2014/2649/2181 1870/2650/2182 2013/2651/2183
f 2013/2651/2183 1870/2650/2182 1869/2652/2184
f 2013/2651/2183 1869/2652/2184 2012/2653/2185
f 2012/2653/2185 1869/2652/2184 1868/2654/2186
f 2012/2653/2185 1868/2654/2186 2011/2655/2187
f 2011/2655/2187 1868/2654/2186 1867/2656/2188
f 2011/2655/2187 1867/2656/2188 2010/2657/2189
f 2010/2657/2189 1867/2656/2188 1866/2658/2190
f 2010/2657/2189 1866/2658/2190 2009/2659/2191
f 2009/2659/2191 1866/2658/2190 1865/2660/2192
f 2009/2659/2191 1865/2660/2192 2008/2661/2193
f 2008/2661/2193 1865/2660/2192 1864/2662/2194
f 2008/2661/2193 1864/2662/2194 2007/2663/2195
f 2007/2663/2195 1864/2662/2194 1863/2664/2196
f 2007/2663/2195 1863/2664/2196 2006/2665/2197
f 2006/2665/2197 1863/2664/2196 1862/2666/2198
f 2006/2665/2197 1862/2666/2198 2005/2667/2199
f 2005/2667/2199 1862/2666/2198 1861/2668/2200
f 2005/2667/2199 1861/2668/2200 2004/2669/2201
f 2004/2669/2201 1861/2668/2200 1860/2670/2202
f 2004/2669/2201 1860/2670/2202 2003/2671/2203
f 2003/2671/2203 1860/2670/2202 1859/2672/2204
f 2003/2671/2203 1859/2672/2204 2002/2673/2205
f 2002/2673/2205 1859/2672/2204 1858/2674/2206
f 2002/2673/2205 1858/2674/2206 2001/2675/2207
f 2001/2675/2207 1858/2674/2206 1857/2676/2208
f 2001/2675/2207 1857/2676/2208 2000/2677/2209
f 2000/2677/2209 1857/2676/2208 1856/2678/2210
f 2000/2677/2209 1856/2678/2210 1999/2679/2211
f 1999/2679/2211 1856/2678/2210 1855/2680/2212
f 1999/2679/2211 1855/2680/2212 1998/2631/2165
f 1998/2631/2165 1855/2680/2212 1854/2632/2166
f 1950/2681/2213 1949/2682/2214 1997/2683/2215
f 1997/2683/2215 1949/2682/2214 1972/2684/2216
f 1997/2683/2215 1972/2684/2216 1998/2685/2217
f 1998/2685/2217 1972/2684/2216 1971/2686/2218
f 1998/2685/2217 1971/2686/2218 1999/2687/2219
f 1999/2687/2219 1971/2686/2218 1970/2688/2220
f 1999/2687/2219 1970/2688/2220 2000/2689/2221
f 2000/2689/2221 1970/2688/2220 1969/2690/2222
f 2000/2689/2221 1969/2690/2222 2001/2691/2223
f 2001/2691/2223 1969/2690/2222 1968/2692/2224
f 2001/2691/2223 1968/2692/2224 2002/2693/2225
f 2002/2693/2225 1968/2692/2224 1967/2694/2226
f 2002/2693/2225 1967/2694/2226 2003/2695/2227
f 2003/2695/2227 1967/2694/2226 2004/2696/2228
f 2004/2696/2228 1967/2694/2226 1966/2697/2229
f 2004/2696/2228 1966/2697/2229 2005/2698/2230
f 2005/2698/2230 1966/2697/2229 1965/2699/2231
f 2005/2698/2230 1965/2699/2231 2006/2700/2232
f 2006/2700/2232 1965/2699/2231 1964/2701/2233
f 2006/2700/2232 1964/2701/2233 2007/2702/2234
f 2007/2702/2234 1964/2701/2233 1963/2703/2235
f 2007/2702/2234 1963/2703/2235 2008/2704/2236
f 2008/2704/2236 1963/2703/2235 1962/2705/2237
f 2008/2704/2236 1962/2705/2237 2009/2706/2238
f 2009/2706/2238 1962/2705/2237 1961/2707/2239
f 2009/2706/2238 1961/2707/2239 2010/2708/2240
f 2010/2708/2240 1961/2707/2239 1960/2709/2241
f 2010/2708/2240 1960/2709/2241 1959/2710/2242
f 2010/2708/2240 1959/2710/2242 2011/2711/2243
f 2011/2711/2243 1959/2710/2242 1958/2712/2244
f 2011/2711/2243 1958/2712/2244 2012/2713/2245
f 2012/2713/2245 1958/2712/2244 1957/2714/2246
f 2012/2713/2245 1957/2714/2246 2013/2715/2247
f 2013/2715/2247 1957/2714/2246 1956/2716/2248
f 2013/2715/2247 1956/2716/2248 2014/2717/2249
f 2014/2717/2249 1956/2716/2248 1955/2718/2250
f 2014/2717/2249 1955/2718/2250 2015/2719/2251
f 2015/2719/2251 1955/2718/2250 2016/2720/2252
f 2016/2720/2252 1955/2718/2250 1954/2721/2253
f 2016/2720/2252 1954/2721/2253 2017/2722/2254
f 2017/2722/2254 1954/2721/2253 1953/2723/2255
f 2017/2722/2254 1953/2723/2255 2018/2724/2256
f 2018/2724/2256 1953/2723/2255 1952/2725/2257
f 2018/2724/2256 1952/2725/2257 2019/2726/2258
f 2019/2726/2258 1952/2725/2257 1951/2727/2259
f 2019/2726/2258 1951/2727/2259 2020/2728/2260
f 2020/2728/2260 1951/2727/2259 1950/2681/2213
f 2020/2728/2260 1950/2681/2213 1997/2683/2215
f 1924/2729/2261 1914/2730/2262 1901/2731/2263
f 1901/2731/2263 1914/2730/2262 1913/2732/2264
f 1901/2731/2263 1913/2732/2264 1902/2733/2265
f 1902/2733/2265 1913/2732/2264 1912/2734/2266
f 1902/2733/2265 1912/2734/2266 1903/2735/2267
f 1903/2735/2267 1912/2734/2266 1911/2736/2268
f 1903/2735/2267 1911/2736/2268 1904/2737/2269
f 1904/2737/2269 1911/2736/2268 1910/2738/2270
f 1904/2737/2269 1910/2738/2270 1905/2739/2271
f 1905/2739/2271 1910/2738/2270 1909/2740/2272
f 1905/2739/2271 1909/2740/2272 1906/2741/2273
f 1906/2741/2273 1909/2740/2272 1908/2742/2274
f 1906/2741/2273 1908/2742/2274 1907/2743/2275
f 1914/2730/2262 1924/2729/2261 1915/2744/2276
f 1915/2744/2276 1924/2729/2261 1923/2745/2277
f 1915/2744/2276 1923/2745/2277 1916/2746/2278
f 1916/2746/2278 1923/2745/2277 1922/2747/2279
f 1916/2746/2278 1922/2747/2279 1917/2748/2280
f 1917/2748/2280 1922/2747/2279 1921/2749/2281
f 1917/2748/2280 1921/2749/2281 1918/2750/2282
f 1918/2750/2282 1921/2749/2281 1920/2751/2283
f 1918/2750/2282 1920/2751/2283 1919/2752/2284
f 2022/2753/2285 1830/2754/2286 2021/2755/2287
f 2021/2755/2287 1830/2754/2286 1829/2756/2288
f 2021/2757/2287 1829/2758/2288 2044/2759/2289
f 2044/2759/2289 1829/2758/2288 1852/2760/2290
f 2044/2759/2289 1852/2760/2290 2043/2761/2291
f 2043/2761/2291 1852/2760/2290 1851/2762/2292
f 2043/2761/2291 1851/2762/2292 2042/2763/2293
f 2042/2763/2293 1851/2762/2292 1850/2764/2294
f 2042/2763/2293 1850/2764/2294 2041/2765/2295
f 2041/2765/2295 1850/2764/2294 1849/2766/2296
f 2041/2765/2295 1849/2766/2296 2040/2767/2297
f 2040/2767/2297 1849/2766/2296 1848/2768/2298
f 2040/2767/2297 1848/2768/2298 2039/2769/2299
f 2039/2769/2299 1848/2768/2298 1847/2770/2300
f 2039/2769/2299 1847/2770/2300 2038/2771/2301
f 2038/2771/2301 1847/2770/2300 1846/2772/2302
f 2038/2771/2301 1846/2772/2302 2037/2773/2303
f 2037/2773/2303 1846/2772/2302 1845/2774/2304
f 2037/2773/2303 1845/2774/2304 2036/2775/2305
f 2036/2775/2305 1845/2774/2304 1844/2776/2306
f 2036/2775/2305 1844/2776/2306 2035/2777/2307
f 2035/2777/2307 1844/2776/2306 1843/2778/2308
f 2035/2777/2307 1843/2778/2308 2034/2779/2309
f 2034/2779/2309 1843/2778/2308 1842/2780/2310
f 2034/2779/2309 1842/2780/2310 2033/2781/2311
f 2033/2781/2311 1842/2780/2310 1841/2782/2312
f 2033/2781/2311 1841/2782/2312 2032/2783/2313
f 2032/2783/2313 1841/2782/2312 1840/2784/2314
f 2032/2783/2313 1840/2784/2314 2031/2785/2315
f 2031/2785/2315 1840/2784/2314 1839/2786/2316
f 2031/2785/2315 1839/2786/2316 2030/2787/2317
f 2030/2787/2317 1839/2786/2316 1838/2788/2318
f 2030/2787/2317 1838/2788/2318 2029/2789/2319
f 2029/2789/2319 1838/2788/2318 1837/2790/2320
f 2029/2789/2319 1837/2790/2320 2028/2791/2321
f 2028/2791/2321 1837/2790/2320 1836/2792/2322
f 2028/2791/2321 1836/2792/2322 2027/2793/2323
f 2027/2793/2323 1836/2792/2322 1835/2794/2324
f 2027/2793/2323 1835/2794/2324 2026/2795/2325
f 2026/2795/2325 1835/2794/2324 1834/2796/2326
f 2026/2795/2325 1834/2796/2326 2025/2797/2327
f 2025/2797/2327 1834/2796/2326 1833/2798/2328
f 2025/2797/2327 1833/2798/2328 2024/2799/2329
f 2024/2799/2329 1833/2798/2328 1832/2800/2330
f 2024/2799/2329 1832/2800/2330 2023/2801/2331
f 2023/2801/2331 1832/2800/2330 1831/2802/2332
f 2023/2801/2331 1831/2802/2332 2022/2753/2285
f 2022/2753/2285 1831/2802/2332 1830/2754/2286
f 2044/2803/2333 2034/2804/2334 2021/2805/2335
f 2021/2805/2335 2034/2804/2334 2033/2806/2336
f 2021/2805/2335 2033/2806/2336 2022/2807/2337
f 2022/2807/2337 2033/2806/2336 2032/2808/2338
f 2022/2807/2337 2032/2808/2338 2023/2809/2339
f 2023/2809/2339 2032/2808/2338 2031/2810/2340
f 2023/2809/2339 2031/2810/2340 2024/2811/2341
f 2024/2811/2341 2031/2810/2340 2030/2812/2342
f 2024/2811/2341 2030/2812/2342 2025/2813/2343
f 2025/2813/2343 2030/2812/2342 2029/2814/2344
f 2025/2813/2343 2029/2814/2344 2026/2815/2345
f 2026/2815/2345 2029/2814/2344 2028/2816/2346
f 2026/2815/2345 2028/2816/2346 2027/2817/2347
f 2034/2804/2334 2044/2803/2333 2035/2818/2348
f 2035/2818/2348 2044/2803/2333 2043/2819/2349
f 2035/2818/2348 2043/2819/2349 2036/2820/2350
f 2036/2820/2350 2043/2819/2349 2042/2821/2351
f 2036/2820/2350 2042/2821/2351 2037/2822/2352
f 2037/2822/2352 2042/2821/2351 2041/2823/2353
f 2037/2822/2352 2041/2823/2353 2038/2824/2354
f 2038/2824/2354 2041/2823/2353 2040/2825/2355
f 2038/2824/2354 2040/2825/2355 2039/2826/2356
f 2046/2827/2357 1806/2828/2358 2045/2829/2359
f 2045/2829/2359 1806/2828/2358 1805/2830/2360
f 2045/2831/2359 1805/2832/2360 2068/2833/2361
f 2068/2833/2361 1805/2832/2360 1828/2834/2362
f 2068/2833/2361 1828/2834/2362 2067/2835/2363
f 2067/2835/2363 1828/2834/2362 1827/2836/2364
f 2067/2835/2363 1827/2836/2364 2066/2837/2365
f 2066/2837/2365 1827/2836/2364 1826/2838/2366
f 2066/2837/2365 1826/2838/2366 2065/2839/2367
f 2065/2839/2367 1826/2838/2366 1825/2840/2368
f 2065/2839/2367 1825/2840/2368 2064/2841/2369
f 2064/2841/2369 1825/2840/2368 1824/2842/2370
f 2064/2841/2369 1824/2842/2370 2063/2843/2371
f 2063/2843/2371 1824/2842/2370 1823/2844/2372
f 2063/2843/2371 1823/2844/2372 2062/2845/2373
f 2062/2845/2373 1823/2844/2372 1822/2846/2374
f 2062/2845/2373 1822/2846/2374 2061/2847/2375
f 2061/2847/2375 1822/2846/2374 1821/2848/2376
f 2061/2847/2375 1821/2848/2376 2060/2849/2377
f 2060/2849/2377 1821/2848/2376 1820/2850/2378
f 2060/2849/2377 1820/2850/2378 2059/2851/2379
f 2059/2851/2379 1820/2850/2378 1819/2852/2380
f 2059/2851/2379 1819/2852/2380 2058/2853/2381
f 2058/2853/2381 1819/2852/2380 1818/2854/2382
f 2058/2853/2381 1818/2854/2382 2057/2855/2383
f 2057/2855/2383 1818/2854/2382 1817/2856/2384
f 2057/2855/2383 1817/2856/2384 2056/2857/2385
f 2056/2857/2385 1817/2856/2384 1816/2858/2386
f 2056/2857/2385 1816/2858/2386 2055/2859/2387
f 2055/2859/2387 1816/2858/2386 1815/2860/2388
f 2055/2859/2387 1815/2860/2388 2054/2861/2389
f 2054/2861/2389 1815/2860/2388 1814/2862/2390
f 2054/2861/2389 1814/2862/2390 2053/2863/2391
f 2053/2863/2391 1814/2862/2390 1813/2864/2392
f 2053/2863/2391 1813/2864/2392 2052/2865/2393
f 2052/2865/2393 1813/2864/2392 1812/2866/2394
f 2052/2865/2393 1812/2866/2394 2051/2867/2395
f 2051/2867/2395 1812/2866/2394 1811/2868/2396
f 2051/2867/2395 1811/2868/2396 2050/2869/2397
f 2050/2869/2397 1811/2868/2396 1810/2870/2398
f 2050/2869/2397 1810/2870/2398 2049/2871/2399
f 2049/2871/2399 1810/2870/2398 1809/2872/2400
f 2049/2871/2399 1809/2872/2400 2048/2873/2401
f 2048/2873/2401 1809/2872/2400 1808/2874/2402
f 2048/2873/2401 1808/2874/2402 2047/2875/2403
f 2047/2875/2403 1808/2874/2402 1807/2876/2404
f 2047/2875/2403 1807/2876/2404 2046/2827/2357
f 2046/2827/2357 1807/2876/2404 1806/2828/2358
f 2068/2877/2405 2058/2878/2406 2045/2879/2407
f 2045/2879/2407 2058/2878/2406 2057/2880/2408
f 2045/2879/2407 2057/2880/2408 2046/2881/2409
f 2046/2881/2409 2057/2880/2408 2056/2882/2410
f 2046/2881/2409 2056/2882/2410 2047/2883/2411
f 2047/2883/2411 2056/2882/2410 2055/2884/2412
f 2047/2883/2411 2055/2884/2412 2048/2885/2413
f 2048/2885/2413 2055/2884/2412 2054/2886/2414
f 2048/2885/2413 2054/2886/2414 2049/2887/2415
f 2049/2887/2415 2054/2886/2414 2053/2888/2416
f 2049/2887/2415 2053/2888/2416 2050/2889/2417
f 2050/2889/2417 2053/2888/2416 2052/2890/2418
f 2050/2889/2417 2052/2890/2418 2051/2891/2419
f 2058/2878/2406 2068/2877/2405 2059/2892/2420
f 2059/2892/2420 2068/2877/2405 2067/2893/2421
f 2059/2892/2420 2067/2893/2421 2060/2894/2422
f 2060/2894/2422 2067/2893/2421 2066/2895/2423
f 2060/2894/2422 2066/2895/2423 2061/2896/2424
f 2061/2896/2424 2066/2895/2423 2065/2897/2425
f 2061/2896/2424 2065/2897/2425 2062/2898/2426
f 2062/2898/2426 2065/2897/2425 2064/2899/2427
f 2062/2898/2426 2064/2899/2427 2063/2900/2428
f 2070/2901/2429 1782/2902/2430 2069/2903/2431
f 2069/2903/2431 1782/2902/2430 1781/2904/2432
f 2069/2905/2431 1781/2906/2432 2092/2907/2433
f 2092/2907/2433 1781/2906/2432 1804/2908/2434
f 2092/2907/2433 1804/2908/2434 2091/2909/2435
f 2091/2909/2435 1804/2908/2434 1803/2910/2436
f 2091/2909/2435 1803/2910/2436 2090/2911/2437
f 2090/2911/2437 1803/2910/2436 1802/2912/2438
f 2090/2911/2437 1802/2912/2438 2089/2913/2439
f 2089/2913/2439 1802/2912/2438 1801/2914/2440
f 2089/2913/2439 1801/2914/2440 2088/2915/2441
f 2088/2915/2441 1801/2914/2440 1800/2916/2442
f 2088/2915/2441 1800/2916/2442 2087/2917/2443
f 2087/2917/2443 1800/2916/2442 1799/2918/2444
f 2087/2917/2443 1799/2918/2444 2086/2919/2445
f 2086/2919/2445 1799/2918/2444 1798/2920/2446
f 2086/2919/2445 1798/2920/2446 2085/2921/2447
f 2085/2921/2447 1798/2920/2446 1797/2922/2448
f 2085/2921/2447 1797/2922/2448 2084/2923/2449
f 2084/2923/2449 1797/2922/2448 1796/2924/2450
f 2084/2923/2449 1796/2924/2450 2083/2925/2451
f 2083/2925/2451 1796/2924/2450 1795/2926/2452
f 2083/2925/2451 1795/2926/2452 2082/2927/2453
f 2082/2927/2453 1795/2926/2452 1794/2928/2454
f 2082/2927/2453 1794/2928/2454 2081/2929/2455
f 2081/2929/2455 1794/2928/2454 1793/2930/2456
f 2081/2929/2455 1793/2930/2456 2080/2931/2457
f 2080/2931/2457 1793/2930/2456 1792/2932/2458
f 2080/2931/2457 1792/2932/2458 2079/2933/2459
f 2079/2933/2459 1792/2932/2458 1791/2934/2460
f 2079/2933/2459 1791/2934/2460 2078/2935/2461
f 2078/2935/2461 1791/2934/2460 1790/2936/2462
f 2078/2935/2461 1790/2936/2462 2077/2937/2463
f 2077/2937/2463 1790/2936/2462 1789/2938/2464
f 2077/2937/2463 1789/2938/2464 2076/2939/2465
f 2076/2939/2465 1789/2938/2464 1788/2940/2466
f 2076/2939/2465 1788/2940/2466 2075/2941/2467
f 2075/2941/2467 1788/2940/2466 1787/2942/2468
f 2075/2941/2467 1787/2942/2468 2074/2943/2469
f 2074/2943/2469 1787/2942/2468 1786/2944/2470
f 2074/2943/2469 1786/2944/2470 2073/2945/2471
f 2073/2945/2471 1786/2944/2470 1785/2946/2472
f 2073/2945/2471 1785/2946/2472 2072/2947/2473
f 2072/2947/2473 1785/2946/2472 1784/2948/2474
f 2072/2947/2473 1784/2948/2474 2071/2949/2475
f 2071/2949/2475 1784/2948/2474 1783/2950/2476
f 2071/2949/2475 1783/2950/2476 2070/2901/2429
f 2070/2901/2429 1783/2950/2476 1782/2902/2430
f 2092/2951/2477 2082/2952/2478 2069/2953/2479
f 2069/2953/2479 2082/2952/2478 2081/2954/2480
f 2069/2953/2479 2081/2954/2480 2070/2955/2481
f 2070/2955/2481 2081/2954/2480 2080/2956/2482
f 2070/2955/2481 2080/2956/2482 2071/2957/2483
f 2071/2957/2483 2080/2956/2482 2079/2958/2484
f 2071/2957/2483 2079/2958/2484 2072/2959/2485
f 2072/2959/2485 2079/2958/2484 2078/2960/2486
f 2072/2959/2485 2078/2960/2486 2073/2961/2487
f 2073/2961/2487 2078/2960/2486 2077/2962/2488
f 2073/2961/2487 2077/2962/2488 2074/2963/2489
f 2074/2963/2489 2077/2962/2488 2076/2964/2490
f 2074/2963/2489 2076/2964/2490 2075/2965/2491
f 2082/2952/2478 2092/2951/2477 2083/2966/2492
f 2083/2966/2492 2092/2951/2477 2091/2967/2493
f 2083/2966/2492 2091/2967/2493 2084/2968/2494
f 2084/2968/2494 2091/2967/2493 2090/2969/2495
f 2084/2968/2494 2090/2969/2495 2085/2970/2496
f 2085/2970/2496 2090/2969/2495 2089/2971/2497
f 2085/2970/2496 2089/2971/2497 2086/2972/2498
f 2086/2972/2498 2089/2971/2497 2088/2973/2499
f 2086/2972/2498 2088/2973/2499 2087/2974/2500
f 2094/2975/2501 1758/2976/2502 2093/2977/2503
f 2093/2977/2503 1758/2976/2502 1757/2978/2504
f 2093/2979/2503 1757/2980/2504 2116/2981/2505
f 2116/2981/2505 1757/2980/2504 1780/2982/2506
f 2116/2981/2505 1780/2982/2506 2115/2983/2507
f 2115/2983/2507 1780/2982/2506 1779/2984/2508
f 2115/2983/2507 1779/2984/2508 2114/2985/2509
f 2114/2985/2509 1779/2984/2508 1778/2986/2510
f 2114/2985/2509 1778/2986/2510 2113/2987/2511
f 2113/2987/2511 1778/2986/2510 1777/2988/2512
f 2113/2987/2511 1777/2988/2512 2112/2989/2513
f 2112/2989/2513 1777/2988/2512 1776/2990/2514
f 2112/2989/2513 1776/2990/2514 2111/2991/2515
f 2111/2991/2515 1776/2990/2514 1775/2992/2516
f 2111/2991/2515 1775/2992/2516 2110/2993/2517
f 2110/2993/2517 1775/2992/2516 1774/2994/2518
f 2110/2993/2517 1774/2994/2518 2109/2995/2519
f 2109/2995/2519 1774/2994/2518 1773/2996/2520
f 2109/2995/2519 1773/2996/2520 2108/2997/2521
f 2108/2997/2521 1773/2996/2520 1772/2998/2522
f 2108/2997/2521 1772/2998/2522 2107/2999/2523
f 2107/2999/2523 1772/2998/2522 1771/3000/2524
f 2107/2999/2523 1771/3000/2524 2106/3001/2525
f 2106/3001/2525 1771/3000/2524 1770/3002/2526
f 2106/3001/2525 1770/3002/2526 2105/3003/2527
f 2105/3003/2527 1770/3002/2526 1769/3004/2528
f 2105/3003/2527 1769/3004/2528 2104/3005/2529
f 2104/3005/2529 1769/3004/2528 1768/3006/2530
f 2104/3005/2529 1768/3006/2530 2103/3007/2531
f 2103/3007/2531 1768/3006/2530 1767/3008/2532
f 2103/3007/2531 1767/3008/2532 2102/3009/2533
f 2102/3009/2533 1767/3008/2532 1766/3010/2534
f 2102/3009/2533 1766/3010/2534 2101/3011/2535
f 2101/3011/2535 1766/3010/2534 1765/3012/2536
f 2101/3011/2535 1765/3012/2536 2100/3013/2537
f 2100/3013/2537 1765/3012/2536 1764/3014/2538
f 2100/3013/2537 1764/3014/2538 2099/3015/2539
f 2099/3015/2539 1764/3014/2538 1763/3016/2540
f 2099/3015/2539 1763/3016/2540 2098/3017/2541
f 2098/3017/2541 1763/3016/2540 1762/3018/2542
f 2098/3017/2541 1762/3018/2542 2097/3019/2543
f 2097/3019/2543 1762/3018/2542 1761/3020/2544
f 2097/3019/2543 1761/3020/2544 2096/3021/2545
f 2096/3021/2545 1761/3020/2544 1760/3022/2546
f 2096/3021/2545 1760/3022/2546 2095/3023/2547
f 2095/3023/2547 1760/3022/2546 1759/3024/2548
f 2095/3023/2547 1759/3024/2548 2094/2975/2501
f 2094/2975/2501 1759/3024/2548 1758/2976/2502
f 2116/3025/2549 2106/3026/2550 2093/3027/2551
f 2093/3027/2551 2106/3026/2550 2105/3028/2552
f 2093/3027/2551 2105/3028/2552 2094/3029/2553
f 2094/3029/2553 2105/3028/2552 2104/3030/2554
f 2094/3029/2553 2104/3030/2554 2095/3031/2555
f 2095/3031/2555 2104/3030/2554 2103/3032/2556
f 2095/3031/2555 2103/3032/2556 2096/3033/2557
f 2096/3033/2557 2103/3032/2556 2102/3034/2558
f 2096/3033/2557 2102/3034/2558 2097/3035/2559
f 2097/3035/2559 2102/3034/2558 2101/3036/2560
f 2097/3035/2559 2101/3036/2560 2098/3037/2561
f 2098/3037/2561 2101/3036/2560 2100/3038/2562
f 2098/3037/2561 2100/3038/2562 2099/3039/2563
f 2106/3026/2550 2116/3025/2549 2107/3040/2564
f 2107/3040/2564 2116/3025/2549 2115/3041/2565
f 2107/3040/2564 2115/3041/2565 2108/3042/2566
f 2108/3042/2566 2115/3041/2565 2114/3043/2567
f 2108/3042/2566 2114/3043/2567 2109/3044/2568
f 2109/3044/2568 2114/3043/2567 2113/3045/2569
f 2109/3044/2568 2113/3045/2569 2110/3046/2570
f 2110/3046/2570 2113/3045/2569 2112/3047/2571
f 2110/3046/2570 2112/3047/2571 2111/3048/2572
f 2118/3049/2573 1734/3050/2574 2117/3051/2575
f 2117/3051/2575 1734/3050/2574 1733/3052/2576
f 2117/3053/2575 1733/3054/2576 2140/3055/2577
f 2140/3055/2577 1733/3054/2576 1756/3056/2578
f 2140/3055/2577 1756/3056/2578 2139/3057/2579
f 2139/3057/2579 1756/3056/2578 1755/3058/2580
f 2139/3057/2579 1755/3058/2580 2138/3059/2581
f 2138/3059/2581 1755/3058/2580 1754/3060/2582
f 2138/3059/2581 1754/3060/2582 2137/3061/2583
f 2137/3061/2583 1754/3060/2582 1753/3062/2584
f 2137/3061/2583 1753/3062/2584 2136/3063/2585
f 2136/3063/2585 1753/3062/2584 1752/3064/2586
f 2136/3063/2585 1752/3064/2586 2135/3065/2587
f 2135/3065/2587 1752/3064/2586 1751/3066/2588
f 2135/3065/2587 1751/3066/2588 2134/3067/2589
f 2134/3067/2589 1751/3066/2588 1750/3068/2590
f 2134/3067/2589 1750/3068/2590 2133/3069/2591
f 2133/3069/2591 1750/3068/2590 1749/3070/2592
f 2133/3069/2591 1749/3070/2592 2132/3071/2593
f 2132/3071/2593 1749/3070/2592 1748/3072/2594
f 2132/3071/2593 1748/3072/2594 2131/3073/2595
f 2131/3073/2595 1748/3072/2594 1747/3074/2596
f 2131/3073/2595 1747/3074/2596 2130/3075/2597
f 2130/3075/2597 1747/3074/2596 1746/3076/2598
f 2130/3075/2597 1746/3076/2598 2129/3077/2599
f 2129/3077/2599 1746/3076/2598 1745/3078/2600
f 2129/3077/2599 1745/3078/2600 2128/3079/2601
f 2128/3079/2601 1745/3078/2600 1744/3080/2602
f 2128/3079/2601 1744/3080/2602 2127/3081/2603
f 2127/3081/2603 1744/3080/2602 1743/3082/2604
f 2127/3081/2603 1743/3082/2604 2126/3083/2605
f 2126/3083/2605 1743/3082/2604 1742/3084/2606
f 2126/3083/2605 1742/3084/2606 2125/3085/2607
f 2125/3085/2607 1742/3084/2606 1741/3086/2608
f 2125/3085/2607 1741/3086/2608 2124/3087/2609
f 2124/3087/2609 1741/3086/2608 1740/3088/2610
f 2124/3087/2609 1740/3088/2610 2123/3089/2611
f 2123/3089/2611 1740/3088/2610 1739/3090/2612
f 2123/3089/2611 1739/3090/2612 2122/3091/2613
f 2122/3091/2613 1739/3090/2612 1738/3092/2614
f 2122/3091/2613 1738/3092/2614 2121/3093/2615
f 2121/3093/2615 1738/3092/2614 1737/3094/2616
f 2121/3093/2615 1737/3094/2616 2120/3095/2617
f 2120/3095/2617 1737/3094/2616 1736/3096/2618
f 2120/3095/2617 1736/3096/2618 2119/3097/2619
f 2119/3097/2619 1736/3096/2618 1735/3098/2620
f 2119/3097/2619 1735/3098/2620 2118/3049/2573
f 2118/3049/2573 1735/3098/2620 1734/3050/2574
f 2140/3099/2621 2130/3100/2622 2117/3101/2623
f 2117/3101/2623 2130/3100/2622 2129/3102/2624
f 2117/3101/2623 2129/3102/2624 2118/3103/2625
f 2118/3103/2625 2129/3102/2624 2128/3104/2626
f 2118/3103/2625 2128/3104/2626 2119/3105/2627
f 2119/3105/2627 2128/3104/2626 2127/3106/2628
f 2119/3105/2627 2127/3106/2628 2120/3107/2629
f 2120/3107/2629 2127/3106/2628 2126/3108/2630
f 2120/3107/2629 2126/3108/2630 2121/3109/2631
f 2121/3109/2631 2126/3108/2630 2125/3110/2632
f 2121/3109/2631 2125/3110/2632 2122/3111/2633
f 2122/3111/2633 2125/3110/2632 2124/3112/2634
f 2122/3111/2633 2124/3112/2634 2123/3113/2635
f 2130/3100/2622 2140/3099/2621 2131/3114/2636
f 2131/3114/2636 2140/3099/2621 2139/3115/2637
f 2131/3114/2636 2139/3115/2637 2132/3116/2638
f 2132/3116/2638 2139/3115/2637 2138/3117/2639
f 2132/3116/2638 2138/3117/2639 2133/3118/2640
f 2133/3118/2640 2138/3117/2639 2137/3119/2641
f 2133/3118/2640 2137/3119/2641 2134/3120/2642
f 2134/3120/2642 2137/3119/2641 2136/3121/2643
f 2134/3120/2642 2136/3121/2643 2135/3122/2644
f 2142/3123/2645 1710/3124/2646 2141/3125/2647
f 2141/3125/2647 1710/3124/2646 1709/3126/2648
f 2141/3127/2647 1709/3128/2648 2164/3129/2649
f 2164/3129/2649 1709/3128/2648 1732/3130/2650
f 2164/3129/2649 1732/3130/2650 2163/3131/2651
f 2163/3131/2651 1732/3130/2650 1731/3132/2652
f 2163/3131/2651 1731/3132/2652 2162/3133/2653
f 2162/3133/2653 1731/3132/2652 1730/3134/2654
f 2162/3133/2653 1730/3134/2654 2161/3135/2655
f 2161/3135/2655 1730/3134/2654 1729/3136/2656
f 2161/3135/2655 1729/3136/2656 2160/3137/2657
f 2160/3137/2657 1729/3136/2656 1728/3138/2658
f 2160/3137/2657 1728/3138/2658 2159/3139/2659
f 2159/3139/2659 1728/3138/2658 1727/3140/2660
f 2159/3139/2659 1727/3140/2660 2158/3141/2661
f 2158/3141/2661 1727/3140/2660 1726/3142/2662
f 2158/3141/2661 1726/3142/2662 2157/3143/2663
f 2157/3143/2663 1726/3142/2662 1725/3144/2664
f 2157/3143/2663 1725/3144/2664 2156/3145/2665
f 2156/3145/2665 1725/3144/2664 1724/3146/2666
f 2156/3145/2665 1724/3146/2666 2155/3147/2667
f 2155/3147/2667 1724/3146/2666 1723/3148/2668
f 2155/3147/2667 1723/3148/2668 2154/3149/2669
f 2154/3149/2669 1723/3148/2668 1722/3150/2670
f 2154/3149/2669 1722/3150/2670 2153/3151/2671
f 2153/3151/2671 1722/3150/2670 1721/3152/2672
f 2153/3151/2671 1721/3152/2672 2152/3153/2673
f 2152/3153/2673 1721/3152/2672 1720/3154/2674
f 2152/3153/2673 1720/3154/2674 2151/3155/2675
f 2151/3155/2675 1720/3154/2674 1719/3156/2676
f 2151/3155/2675 1719/3156/2676 2150/3157/2677
f 2150/3157/2677 1719/3156/2676 1718/3158/2678
f 2150/3157/2677 1718/3158/2678 2149/3159/2679
f 2149/3159/2679 1718/3158/2678 1717/3160/2680
f 2149/3159/2679 1717/3160/2680 2148/3161/2681
f 2148/3161/2681 1717/3160/2680 1716/3162/2682
f 2148/3161/2681 1716/3162/2682 2147/3163/2683
f 2147/3163/2683 1716/3162/2682 1715/3164/2684
f 2147/3163/2683 1715/3164/2684 2146/3165/2685
f 2146/3165/2685 1715/3164/2684 1714/3166/2686
f 2146/3165/2685 1714/3166/2686 2145/3167/2687
f 2145/3167/2687 1714/3166/2686 1713/3168/2688
f 2145/3167/2687 1713/3168/2688 2144/3169/2689
f 2144/3169/2689 1713/3168/2688 1712/3170/2690
f 2144/3169/2689 1712/3170/2690 2143/3171/2691
f 2143/3171/2691 1712/3170/2690 1711/3172/2692
f 2143/3171/2691 1711/3172/2692 2142/3123/2645
f 2142/3123/2645 1711/3172/2692 1710/3124/2646
f 2164/3173/2693 2154/3174/2694 2141/3175/2695
f 2141/3175/2695 2154/3174/2694 2153/3176/2696
f 2141/3175/2695 2153/3176/2696 2142/3177/2697
f 2142/3177/2697 2153/3176/2696 2152/3178/2698
f 2142/3177/2697 2152/3178/2698 2143/3179/2699
f 2143/3179/2699 2152/3178/2698 2151/3180/2700
f 2143/3179/2699 2151/3180/2700 2144/3181/2701
f 2144/3181/2701 2151/3180/2700 2150/3182/2702
f 2144/3181/2701 2150/3182/2702 2145/3183/2703
f 2145/3183/2703 2150/3182/2702 2149/3184/2704
f 2145/3183/2703 2149/3184/2704 2146/3185/2705
f 2146/3185/2705 2149/3184/2704 2148/3186/2706
f 2146/3185/2705 2148/3186/2706 2147/3187/2707
f 2154/3174/2694 2164/3173/2693 2155/3188/2708
f 2155/3188/2708 2164/3173/2693 2163/3189/2709
f 2155/3188/2708 2163/3189/2709 2156/3190/2710
f 2156/3190/2710 2163/3189/2709 2162/3191/2711
f 2156/3190/2710 2162/3191/2711 2157/3192/2712
f 2157/3192/2712 2162/3191/2711 2161/3193/2713
f 2157/3192/2712 2161/3193/2713 2158/3194/2714
f 2158/3194/2714 2161/3193/2713 2160/3195/2715
f 2158/3194/2714 2160/3195/2715 2159/3196/2716
f 2166/3197/2717 1686/3198/2718 2165/3199/2719
f 2165/3199/2719 1686/3198/2718 1685/3200/2720
f 2165/3201/2719 1685/3202/2720 2188/3203/2721
f 2188/3203/2721 1685/3202/2720 1708/3204/2722
f 2188/3203/2721 1708/3204/2722 2187/3205/2723
f 2187/3205/2723 1708/3204/2722 1707/3206/2724
f 2187/3205/2723 1707/3206/2724 2186/3207/2725
f 2186/3207/2725 1707/3206/2724 1706/3208/2726
f 2186/3207/2725 1706/3208/2726 2185/3209/2727
f 2185/3209/2727 1706/3208/2726 1705/3210/2728
f 2185/3209/2727 1705/3210/2728 2184/3211/2729
f 2184/3211/2729 1705/3210/2728 1704/3212/2730
f 2184/3211/2729 1704/3212/2730 2183/3213/2731
f 2183/3213/2731 1704/3212/2730 1703/3214/2732
f 2183/3213/2731 1703/3214/2732 2182/3215/2733
f 2182/3215/2733 1703/3214/2732 1702/3216/2734
f 2182/3215/2733 1702/3216/2734 2181/3217/2735
f 2181/3217/2735 1702/3216/2734 1701/3218/2736
f 2181/3217/2735 1701/3218/2736 2180/3219/2737
f 2180/3219/2737 1701/3218/2736 1700/3220/2738
f 2180/3219/2737 1700/3220/2738 2179/3221/2739
f 2179/3221/2739 1700/3220/2738 1699/3222/2740
f 2179/3221/2739 1699/3222/2740 2178/3223/2741
f 2178/3223/2741 1699/3222/2740 1698/3224/2742
f 2178/3223/2741 1698/3224/2742 2177/3225/2743
f 2177/3225/2743 1698/3224/2742 1697/3226/2744
f 2177/3225/2743 1697/3226/2744 2176/3227/2745
f 2176/3227/2745 1697/3226/2744 1696/3228/2746
f 2176/3227/2745 1696/3228/2746 2175/3229/2747
f 2175/3229/2747 1696/3228/2746 1695/3230/2748
f 2175/3229/2747 1695/3230/2748 2174/3231/2749
f 2174/3231/2749 1695/3230/2748 1694/3232/2750
f 2174/3231/2749 1694/3232/2750 2173/3233/2751
f 2173/3233/2751 1694/3232/2750 1693/3234/2752
f 2173/3233/2751 1693/3234/2752 2172/3235/2753
f 2172/3235/2753 1693/3234/2752 1692/3236/2754
f 2172/3235/2753 1692/3236/2754 2171/3237/2755
f 2171/3237/2755 1692/3236/2754 1691/3238/2756
f 2171/3237/2755 1691/3238/2756 2170/3239/2757
f 2170/3239/2757 1691/3238/2756 1690/3240/2758
f 2170/3239/2757 1690/3240/2758 2169/3241/2759
f 2169/3241/2759 1690/3240/2758 1689/3242/2760
f 2169/3241/2759 1689/3242/2760 2168/3243/2761
f 2168/3243/2761 1689/3242/2760 1688/3244/2762
f 2168/3243/2761 1688/3244/2762 2167/3245/2763
f 2167/3245/2763 1688/3244/2762 1687/3246/2764
f 2167/3245/2763 1687/3246/2764 2166/3197/2717
f 2166/3197/2717 1687/3246/2764 1686/3198/2718
f 2188/3247/2765 2178/3248/2766 2165/3249/2767
f 2165/3249/2767 2178/3248/2766 2177/3250/2768
f 2165/3249/2767 2177/3250/2768 2166/3251/2769
f 2166/3251/2769 2177/3250/2768 2176/3252/2770
f 2166/3251/2769 2176/3252/2770 2167/3253/2771
f 2167/3253/2771 2176/3252/2770 2175/3254/2772
f 2167/3253/2771 2175/3254/2772 2168/3255/2773
f 2168/3255/2773 2175/3254/2772 2174/3256/2774
f 2168/3255/2773 2174/3256/2774 2169/3257/2775
f 2169/3257/2775 2174/3256/2774 2173/3258/2776
f 2169/3257/2775 2173/3258/2776 2170/3259/2777
f 2170/3259/2777 2173/3258/2776 2172/3260/2778
f 2170/3259/2777 2172/3260/2778 2171/3261/2779
f 2178/3248/2766 2188/3247/2765 2179/3262/2780
f 2179/3262/2780 2188/3247/2765 2187/3263/2781
f 2179/3262/2780 2187/3263/2781 2180/3264/2782
f 2180/3264/2782 2187/3263/2781 2186/3265/2783
f 2180/3264/2782 2186/3265/2783 2181/3266/2784
f 2181/3266/2784 2186/3265/2783 2185/3267/2785
f 2181/3266/2784 2185/3267/2785 2182/3268/2786
f 2182/3268/2786 2185/3267/2785 2184/3269/2787
f 2182/3268/2786 2184/3269/2787 2183/3270/2788
f 2190/3271/2789 1662/3272/2790 2189/3273/2791
f 2189/3273/2791 1662/3272/2790 1661/3274/2792
f 2189/3275/2791 1661/3276/2792 2212/3277/2793
f 2212/3277/2793 1661/3276/2792 1684/3278/2794
f 2212/3277/2793 1684/3278/2794 2211/3279/2795
f 2211/3279/2795 1684/3278/2794 1683/3280/2796
f 2211/3279/2795 1683/3280/2796 2210/3281/2797
f 2210/3281/2797 1683/3280/2796 1682/3282/2798
f 2210/3281/2797 1682/3282/2798 2209/3283/2799
f 2209/3283/2799 1682/3282/2798 1681/3284/2800
f 2209/3283/2799 1681/3284/2800 2208/3285/2801
f 2208/3285/2801 1681/3284/2800 1680/3286/2802
f 2208/3285/2801 1680/3286/2802 2207/3287/2803
f 2207/3287/2803 1680/3286/2802 1679/3288/2804
f 2207/3287/2803 1679/3288/2804 2206/3289/2805
f 2206/3289/2805 1679/3288/2804 1678/3290/2806
f 2206/3289/2805 1678/3290/2806 2205/3291/2807
f 2205/3291/2807 1678/3290/2806 1677/3292/2808
f 2205/3291/2807 1677/3292/2808 2204/3293/2809
f 2204/3293/2809 1677/3292/2808 1676/3294/2810
f 2204/3293/2809 1676/3294/2810 2203/3295/2811
f 2203/3295/2811 1676/3294/2810 1675/3296/2812
f 2203/3295/2811 1675/3296/2812 2202/3297/2813
f 2202/3297/2813 1675/3296/2812 1674/3298/2814
f 2202/3297/2813 1674/3298/2814 2201/3299/2815
f 2201/3299/2815 1674/3298/2814 1673/3300/2816
f 2201/3299/2815 1673/3300/2816 2200/3301/2817
f 2200/3301/2817 1673/3300/2816 1672/3302/2818
f 2200/3301/2817 1672/3302/2818 2199/3303/2819
f 2199/3303/2819 1672/3302/2818 1671/3304/2820
f 2199/3303/2819 1671/3304/2820 2198/3305/2821
f 2198/3305/2821 1671/3304/2820 1670/3306/2822
f 2198/3305/2821 1670/3306/2822 2197/3307/2823
f 2197/3307/2823 1670/3306/2822 1669/3308/2824
f 2197/3307/2823 1669/3308/2824 2196/3309/2825
f 2196/3309/2825 1669/3308/2824 1668/3310/2826
f 2196/3309/2825 1668/3310/2826 2195/3311/2827
f 2195/3311/2827 1668/3310/2826 1667/3312/2828
f 2195/3311/2827 1667/3312/2828 2194/3313/2829
f 2194/3313/2829 1667/3312/2828 1666/3314/2830
f 2194/3313/2829 1666/3314/2830 2193/3315/2831
f 2193/3315/2831 1666/3314/2830 1665/3316/2832
f 2193/3315/2831 1665/3316/2832 2192/3317/2833
f 2192/3317/2833 1665/3316/2832 1664/3318/2834
f 2192/3317/2833 1664/3318/2834 2191/3319/2835
f 2191/3319/2835 1664/3318/2834 1663/3320/2836
f 2191/3319/2835 1663/3320/2836 2190/3271/2789
f 2190/3271/2789 1663/3320/2836 1662/3272/2790
f 2212/3321/2837 2202/3322/2838 2189/3323/2839
f 2189/3323/2839 2202/3322/2838 2201/3324/2840
f 2189/3323/2839 2201/3324/2840 2190/3325/2841
f 2190/3325/2841 2201/3324/2840 2200/3326/2842
f 2190/3325/2841 2200/3326/2842 2191/3327/2843
f 2191/3327/2843 2200/3326/2842 2199/3328/2844
f 2191/3327/2843 2199/3328/2844 2192/3329/2845
f 2192/3329/2845 2199/3328/2844 2198/3330/2846
f 2192/3329/2845 2198/3330/2846 2193/3331/2847
f 2193/3331/2847 2198/3330/2846 2197/3332/2848
f 2193/3331/2847 2197/3332/2848 2194/3333/2849
f 2194/3333/2849 2197/3332/2848 2196/3334/2850
f 2194/3333/2849 2196/3334/2850 2195/3335/2851
f 2202/3322/2838 2212/3321/2837 2203/3336/2852
f 2203/3336/2852 2212/3321/2837 2211/3337/2853
f 2203/3336/2852 2211/3337/2853 2204/3338/2854
f 2204/3338/2854 2211/3337/2853 2210/3339/2855
f 2204/3338/2854 2210/3339/2855 2205/3340/2856
f 2205/3340/2856 2210/3339/2855 2209/3341/2857
f 2205/3340/2856 2209/3341/2857 2206/3342/2858
f 2206/3342/2858 2209/3341/2857 2208/3343/2859
f 2206/3342/2858 2208/3343/2859 2207/3344/2860
f 2213/3345/2861 2214/3346/2862 1658/3347/2863
f 1658/3347/2863 2214/3346/2862 1659/3348/2864
f 2214/3349/2865 2215/3350/2866 1659/3351/2867
f 1659/3351/2867 2215/3350/2866 1660/3352/2868
f 2215/3353/2869 2216/3354/2870 1660/3355/2871
f 1660/3355/2871 2216/3354/2870 1657/3356/2872
f 2216/3357/2873 2213/3358/2874 1657/3359/2875
f 1657/3359/2875 2213/3358/2874 1658/3360/2876
f 1996/3361/2877 1986/3362/2878 1973/3363/2879
f 1973/3363/2879 1986/3362/2878 1985/3364/2880
f 1973/3363/2879 1985/3364/2880 1974/3365/2881
f 1974/3365/2881 1985/3364/2880 1984/3366/2882
f 1974/3365/2881 1984/3366/2882 1975/3367/2883
f 1975/3367/2883 1984/3366/2882 1983/3368/2884
f 1975/3367/2883 1983/3368/2884 1976/3369/2885
f 1976/3369/2885 1983/3368/2884 1982/3370/2886
f 1976/3369/2885 1982/3370/2886 1977/3371/2887
f 1977/3371/2887 1982/3370/2886 1981/3372/2888
f 1977/3371/2887 1981/3372/2888 1978/3373/2889
f 1978/3373/2889 1981/3372/2888 1980/3374/2890
f 1978/3373/2889 1980/3374/2890 1979/3375/2891
f 1986/3362/2878 1996/3361/2877 1987/3376/2892
f 1987/3376/2892 1996/3361/2877 1995/3377/2893
f 1987/3376/2892 1995/3377/2893 1988/3378/2894
f 1988/3378/2894 1995/3377/2893 1994/3379/2895
f 1988/3378/2894 1994/3379/2895 1989/3380/2896
f 1989/3380/2896 1994/3379/2895 1993/3381/2897
f 1989/3380/2896 1993/3381/2897 1990/3382/2898
f 1990/3382/2898 1993/3381/2897 1992/3383/2899
f 1990/3382/2898 1992/3383/2899 1991/3384/2900
f 2217/3385/2901 2218/3386/2902 2220/3387/2903
f 2220/3387/2903 2218/3386/2902 2219/3388/2904
f 2221/3389/2905 2217/3390/2906 2222/3391/2907
f 2222/3391/2907 2217/3390/2906 2220/3392/2908
f 2223/3393/2909 2221/3394/2910 2224/3395/2911
f 2224/3395/2911 2221/3394/2910 2222/3396/2912
f 2218/3397/2913 2223/3398/2914 2219/3399/2915
f 2219/3399/2915 2223/3398/2914 2224/3400/2916
f 170/3401/2917 169/3402/2918 2222/3403/2919
f 2222/3403/2919 169/3402/2918 192/3404/2920
f 2222/3403/2919 192/3404/2920 191/3405/2921
f 191/3405/2921 190/3406/2922 2222/3403/2919
f 2222/3403/2919 190/3406/2922 189/3407/2923
f 2222/3403/2919 189/3407/2923 188/3408/2924
f 188/3408/2924 187/3409/2925 2222/3403/2919
f 2222/3403/2919 187/3409/2925 186/3410/2926
f 2222/3403/2919 186/3410/2926 764/3411/2927
f 764/3411/2927 186/3410/2926 765/3412/2928
f 765/3412/2928 186/3410/2926 185/3413/2929
f 765/3412/2928 185/3413/2929 766/3414/2930
f 766/3414/2930 185/3413/2929 184/3415/2931
f 766/3414/2930 184/3415/2931 767/3416/2932
f 767/3416/2932 184/3415/2931 183/3417/2933
f 767/3416/2932 183/3417/2933 768/3418/2934
f 768/3418/2934 183/3417/2933 182/3419/2935
f 768/3418/2934 182/3419/2935 745/3420/2936
f 745/3420/2936 182/3419/2935 181/3421/2937
f 745/3420/2936 181/3421/2937 746/3422/2938
f 746/3422/2938 181/3421/2937 180/3423/2939
f 746/3422/2938 180/3423/2939 747/3424/2940
f 747/3424/2940 180/3423/2939 179/3425/2941
f 747/3424/2940 179/3425/2941 748/3426/2942
f 748/3426/2942 179/3425/2941 178/3427/2943
f 748/3426/2942 178/3427/2943 749/3428/2944
f 749/3428/2944 178/3427/2943 177/3429/2945
f 749/3428/2944 177/3429/2945 573/3430/2946
f 573/3430/2946 177/3429/2945 377/3431/2947
f 573/3430/2946 377/3431/2947 574/3432/2948
f 574/3432/2948 377/3431/2947 376/3433/2949
f 574/3432/2948 376/3433/2949 575/3434/2950
f 575/3434/2950 376/3433/2949 375/3435/2951
f 575/3434/2950 375/3435/2951 576/3436/2952
f 576/3436/2952 375/3435/2951 374/3437/2953
f 576/3436/2952 374/3437/2953 553/3438/2954
f 553/3438/2954 374/3437/2953 373/3439/2955
f 553/3438/2954 373/3439/2955 554/3440/2956
f 554/3440/2956 373/3439/2955 372/3441/2957
f 554/3440/2956 372/3441/2957 555/3442/2958
f 555/3442/2958 372/3441/2957 371/3443/2959
f 555/3442/2958 371/3443/2959 556/3444/2960
f 556/3444/2960 371/3443/2959 370/3445/2961
f 556/3444/2960 370/3445/2961 557/3446/2962
f 557/3446/2962 370/3445/2961 369/3447/2963
f 557/3446/2962 369/3447/2963 558/3448/2964
f 558/3448/2964 369/3447/2963 368/3449/2965
f 558/3448/2964 368/3449/2965 2220/3450/2966
f 2220/3450/2966 368/3449/2965 367/3451/2967
f 2220/3450/2966 367/3451/2967 366/3452/2968
f 177/3429/2945 176/3453/2969 377/3431/2947
f 377/3431/2947 176/3453/2969 378/3454/2970
f 378/3454/2970 176/3453/2969 379/3455/2971
f 379/3455/2971 176/3453/2969 175/3456/2972
f 379/3455/2971 175/3456/2972 174/3457/2973
f 379/3455/2971 174/3457/2973 380/3458/2974
f 380/3458/2974 174/3457/2973 173/3459/2975
f 380/3458/2974 173/3459/2975 381/3460/2976
f 381/3460/2976 173/3459/2975 172/3461/2977
f 381/3460/2976 172/3461/2977 382/3462/2978
f 382/3462/2978 172/3461/2977 171/3463/2979
f 382/3462/2978 171/3463/2979 383/3464/2980
f 383/3464/2980 171/3463/2979 170/3401/2917
f 383/3464/2980 170/3401/2917 384/3465/2981
f 384/3465/2981 170/3401/2917 2222/3403/2919
f 384/3465/2981 2222/3403/2919 2220/3450/2966
f 764/3411/2927 763/3466/2982 2222/3403/2919
f 2222/3403/2919 763/3466/2982 955/3467/2983
f 2222/3403/2919 955/3467/2983 2224/3468/2984
f 2224/3468/2984 955/3467/2983 954/3469/2985
f 2224/3468/2984 954/3469/2985 1532/3470/2986
f 1532/3470/2986 954/3469/2985 1533/3471/2987
f 1533/3471/2987 954/3469/2985 953/3472/2988
f 1533/3471/2987 953/3472/2988 1534/3473/2989
f 1534/3473/2989 953/3472/2988 952/3474/2990
f 1534/3473/2989 952/3474/2990 1535/3475/2991
f 1535/3475/2991 952/3474/2990 951/3476/2992
f 1535/3475/2991 951/3476/2992 1536/3477/2993
f 1536/3477/2993 951/3476/2992 950/3478/2994
f 1536/3477/2993 950/3478/2994 1513/3479/2995
f 1513/3479/2995 950/3478/2994 949/3480/2996
f 1513/3479/2995 949/3480/2996 1514/3481/2997
f 1514/3481/2997 949/3480/2996 948/3482/2998
f 1514/3481/2997 948/3482/2998 1515/3483/2999
f 1515/3483/2999 948/3482/2998 947/3484/3000
f 1515/3483/2999 947/3484/3000 1516/3485/3001
f 1516/3485/3001 947/3484/3000 946/3486/3002
f 1516/3485/3001 946/3486/3002 1517/3487/3003
f 1517/3487/3003 946/3486/3002 945/3488/3004
f 1517/3487/3003 945/3488/3004 1341/3489/3005
f 1341/3489/3005 945/3488/3004 1145/3490/3006
f 1341/3489/3005 1145/3490/3006 1342/3491/3007
f 1342/3491/3007 1145/3490/3006 1144/3492/3008
f 1342/3491/3007 1144/3492/3008 1343/3493/3009
f 1343/3493/3009 1144/3492/3008 1143/3494/3010
f 1343/3493/3009 1143/3494/3010 1344/3495/3011
f 1344/3495/3011 1143/3494/3010 1142/3496/3012
f 1344/3495/3011 1142/3496/3012 1321/3497/3013
f 1321/3497/3013 1142/3496/3012 1141/3498/3014
f 1321/3497/3013 1141/3498/3014 1322/3499/3015
f 1322/3499/3015 1141/3498/3014 1140/3500/3016
f 1322/3499/3015 1140/3500/3016 1323/3501/3017
f 1323/3501/3017 1140/3500/3016 1139/3502/3018
f 1323/3501/3017 1139/3502/3018 1324/3503/3019
f 1324/3503/3019 1139/3502/3018 1138/3504/3020
f 1324/3503/3019 1138/3504/3020 1325/3505/3021
f 1325/3505/3021 1138/3504/3020 1137/3506/3022
f 1325/3505/3021 1137/3506/3022 1326/3507/3023
f 1326/3507/3023 1137/3506/3022 1136/3508/3024
f 1326/3507/3023 1136/3508/3024 2219/3509/3025
f 2219/3509/3025 1136/3508/3024 1135/3510/3026
f 2219/3509/3025 1135/3510/3026 559/3511/3027
f 559/3511/3027 1135/3510/3026 560/3512/3028
f 560/3512/3028 1135/3510/3026 1134/3513/3029
f 560/3512/3028 1134/3513/3029 561/3514/3030
f 561/3514/3030 1134/3513/3029 1133/3515/3031
f 561/3514/3030 1133/3515/3031 562/3516/3032
f 562/3516/3032 1133/3515/3031 1132/3517/3033
f 562/3516/3032 1132/3517/3033 563/3518/3034
f 563/3518/3034 1132/3517/3033 1131/3519/3035
f 563/3518/3034 1131/3519/3035 564/3520/3036
f 564/3520/3036 1131/3519/3035 1130/3521/3037
f 564/3520/3036 1130/3521/3037 565/3522/3038
f 565/3522/3038 1130/3521/3037 1129/3523/3039
f 565/3522/3038 1129/3523/3039 566/3524/3040
f 566/3524/3040 1129/3523/3039 1152/3525/3041
f 566/3524/3040 1152/3525/3041 567/3526/3042
f 567/3526/3042 1152/3525/3041 1151/3527/3043
f 567/3526/3042 1151/3527/3043 568/3528/3044
f 568/3528/3044 1151/3527/3043 1150/3529/3045
f 568/3528/3044 1150/3529/3045 569/3530/3046
f 569/3530/3046 1150/3529/3045 1149/3531/3047
f 569/3530/3046 1149/3531/3047 753/3532/3048
f 753/3532/3048 1149/3531/3047 941/3533/3049
f 753/3532/3048 941/3533/3049 754/3534/3050
f 754/3534/3050 941/3533/3049 940/3535/3051
f 754/3534/3050 940/3535/3051 755/3536/3052
f 755/3536/3052 940/3535/3051 939/3537/3053
f 755/3536/3052 939/3537/3053 756/3538/3054
f 756/3538/3054 939/3537/3053 938/3539/3055
f 756/3538/3054 938/3539/3055 757/3540/3056
f 757/3540/3056 938/3539/3055 937/3541/3057
f 757/3540/3056 937/3541/3057 758/3542/3058
f 758/3542/3058 937/3541/3057 960/3543/3059
f 758/3542/3058 960/3543/3059 759/3544/3060
f 759/3544/3060 960/3543/3059 959/3545/3061
f 759/3544/3060 959/3545/3061 760/3546/3062
f 760/3546/3062 959/3545/3061 958/3547/3063
f 760/3546/3062 958/3547/3063 761/3548/3064
f 761/3548/3064 958/3547/3063 957/3549/3065
f 761/3548/3064 957/3549/3065 762/3550/3066
f 762/3550/3066 957/3549/3065 956/3551/3067
f 762/3550/3066 956/3551/3067 763/3466/2982
f 763/3466/2982 956/3551/3067 955/3467/2983
f 753/3532/3048 752/3552/3068 569/3530/3046
f 569/3530/3046 752/3552/3068 570/3553/3069
f 570/3553/3069 752/3552/3068 571/3554/3070
f 571/3554/3070 752/3552/3068 751/3555/3071
f 571/3554/3070 751/3555/3071 750/3556/3072
f 571/3554/3070 750/3556/3072 572/3557/3073
f 572/3557/3073 750/3556/3072 749/3428/2944
f 572/3557/3073 749/3428/2944 573/3430/2946
f 945/3488/3004 944/3558/3074 1145/3490/3006
f 1145/3490/3006 944/3558/3074 1146/3559/3075
f 1146/3559/3075 944/3558/3074 1147/3560/3076
f 1147/3560/3076 944/3558/3074 943/3561/3077
f 1147/3560/3076 943/3561/3077 942/3562/3078
f 1147/3560/3076 942/3562/3078 1148/3563/3079
f 1148/3563/3079 942/3562/3078 941/3533/3049
f 1148/3563/3079 941/3533/3049 1149/3531/3047
f 1532/3470/2986 1531/3564/3080 2224/3468/2984
f 2224/3468/2984 1531/3564/3080 1530/3565/3081
f 2224/3468/2984 1530/3565/3081 1529/3566/3082
f 1529/3566/3082 1528/3567/3083 2224/3468/2984
f 2224/3468/2984 1528/3567/3083 1527/3568/3084
f 2224/3468/2984 1527/3568/3084 1526/3569/3085
f 1526/3569/3085 1525/3570/3086 2224/3468/2984
f 2224/3468/2984 1525/3570/3086 1524/3571/3087
f 2224/3468/2984 1524/3571/3087 1334/3572/3088
f 1334/3572/3088 1524/3571/3087 1335/3573/3089
f 1335/3573/3089 1524/3571/3087 1523/3574/3090
f 1335/3573/3089 1523/3574/3090 1336/3575/3091
f 1336/3575/3091 1523/3574/3090 1522/3576/3092
f 1336/3575/3091 1522/3576/3092 1337/3577/3093
f 1337/3577/3093 1522/3576/3092 1521/3578/3094
f 1337/3577/3093 1521/3578/3094 1338/3579/3095
f 1338/3579/3095 1521/3578/3094 1520/3580/3096
f 1338/3579/3095 1520/3580/3096 1339/3581/3097
f 1339/3581/3097 1520/3580/3096 1519/3582/3098
f 1339/3581/3097 1519/3582/3098 1518/3583/3099
f 1339/3581/3097 1518/3583/3099 1340/3584/3100
f 1340/3584/3100 1518/3583/3099 1517/3487/3003
f 1340/3584/3100 1517/3487/3003 1341/3489/3005
f 362/3585/3101 361/3586/3102 2220/3450/2966
f 2220/3450/2966 361/3586/3102 384/3465/2981
f 366/3452/2968 365/3587/3103 2220/3450/2966
f 2220/3450/2966 365/3587/3103 364/3588/3104
f 2220/3450/2966 364/3588/3104 363/3589/3105
f 363/3589/3105 362/3585/3101 2220/3450/2966
f 2219/3509/3025 559/3511/3027 2220/3450/2966
f 2220/3450/2966 559/3511/3027 558/3448/2964
f 2224/3468/2984 1334/3572/3088 2219/3509/3025
f 2219/3509/3025 1334/3572/3088 1333/3590/3106
f 2219/3509/3025 1333/3590/3106 1332/3591/3107
f 1332/3591/3107 1331/3592/3108 2219/3509/3025
f 2219/3509/3025 1331/3592/3108 1330/3593/3109
f 2219/3509/3025 1330/3593/3109 1329/3594/3110
f 1329/3594/3110 1328/3595/3111 2219/3509/3025
f 2219/3509/3025 1328/3595/3111 1327/3596/3112
f 2219/3509/3025 1327/3596/3112 1326/3507/3023
f 2213/3597/3113 2217/3598/3114 2214/3599/3115
f 2214/3599/3115 2217/3598/3114 2221/3600/3116
f 2214/3599/3115 2221/3600/3116 2215/3601/3117
f 2215/3601/3117 2221/3600/3116 2223/3602/3118
f 2215/3601/3117 2223/3602/3118 2216/3603/3119
f 2216/3603/3119 2223/3602/3118 2213/3597/3113
f 2213/3597/3113 2223/3602/3118 2218/3604/3120
f 2213/3597/3113 2218/3604/3120 2217/3598/3114
g Body95

v 1.344812 0.000000 0.283068
v 1.346572 0.000000 0.285705
v 1.347810 0.000000 0.288520
v 1.348320 0.000000 0.291585
v 1.348438 0.000000 0.294784
v 1.348438 -0.100000 0.294784
v 1.348320 -0.100000 0.291585
v 1.347810 -0.100000 0.288520
v 1.346572 -0.100000 0.285705
v 1.344812 -0.100000 0.283068
v 1.333096 0.000000 0.280000
v 1.336226 0.000000 0.280082
v 1.339257 0.000000 0.280501
v 1.342103 0.000000 0.281553
v 1.342103 -0.100000 0.281553
v 1.339257 -0.100000 0.280501
v 1.336226 -0.100000 0.280082
v 1.333096 -0.100000 0.280000
v 1.275635 0.000000 0.280000
v 1.275635 -0.100000 0.280000
v 1.263640 0.000000 0.283068
v 1.266432 0.000000 0.281572
v 1.269351 0.000000 0.280523
v 1.272446 0.000000 0.280095
v 1.272446 -0.100000 0.280095
v 1.269351 -0.100000 0.280523
v 1.266432 -0.100000 0.281572
v 1.263640 -0.100000 0.283068
v 1.260293 0.000000 0.294784
v 1.260392 0.000000 0.291620
v 1.260856 0.000000 0.288572
v 1.262001 0.000000 0.285742
v 1.262001 -0.100000 0.285742
v 1.260856 -0.100000 0.288572
v 1.260392 -0.100000 0.291620
v 1.260293 -0.100000 0.294784
v 1.260293 0.000000 0.672190
v 1.260293 -0.100000 0.672190
v 1.263082 0.000000 0.682511
v 1.261786 0.000000 0.680103
v 1.260844 0.000000 0.677594
v 1.260424 0.000000 0.674933
v 1.260424 -0.100000 0.674933
v 1.260844 -0.100000 0.677594
v 1.261786 -0.100000 0.680103
v 1.263082 -0.100000 0.682511
v 1.297392 0.000000 0.715704
v 1.288134 0.000000 0.708100
v 1.279224 0.000000 0.700142
v 1.270942 0.000000 0.691542
v 1.270942 -0.100000 0.691542
v 1.279224 -0.100000 0.700142
v 1.288134 -0.100000 0.708100
v 1.297392 -0.100000 0.715704
v 1.304365 0.000000 0.718494
v 1.302477 0.000000 0.718179
v 1.300675 0.000000 0.717636
v 1.298999 0.000000 0.716761
v 1.298999 -0.100000 0.716761
v 1.300675 -0.100000 0.717636
v 1.302477 -0.100000 0.718179
v 1.304365 -0.100000 0.718494
v 1.311339 0.000000 0.715704
v 1.309762 0.000000 0.716828
v 1.308097 0.000000 0.717727
v 1.306280 0.000000 0.718235
v 1.306280 -0.100000 0.718235
v 1.308097 -0.100000 0.717727
v 1.309762 -0.100000 0.716828
v 1.311339 -0.100000 0.715704
v 1.306280 -0.050000 0.718235
v 1.308097 -0.050000 0.717727
v 1.331423 0.000000 0.698410
v 1.326598 0.000000 0.702960
v 1.321660 0.000000 0.707380
v 1.316549 0.000000 0.711599
v 1.316549 -0.100000 0.711599
v 1.321660 -0.100000 0.707380
v 1.326598 -0.100000 0.702960
v 1.331423 -0.100000 0.698410
v 1.345649 0.000000 0.682511
v 1.342311 0.000000 0.686681
v 1.338850 0.000000 0.690741
v 1.335193 0.000000 0.694626
v 1.335193 -0.100000 0.694626
v 1.338850 -0.100000 0.690741
v 1.342311 -0.100000 0.686681
v 1.345649 -0.100000 0.682511
v 1.348438 0.000000 0.672190
v 1.348307 0.000000 0.674933
v 1.347887 0.000000 0.677594
v 1.346944 0.000000 0.680103
v 1.346944 -0.100000 0.680103
v 1.347887 -0.100000 0.677594
v 1.348307 -0.100000 0.674933
v 1.348438 -0.100000 0.672190
v 1.348438 0.000000 0.536904
v 1.348438 -0.100000 0.536904
v 1.349554 0.000000 0.536904
v 1.349554 -0.100000 0.536904
v 1.365453 0.000000 0.553082
v 1.361164 0.000000 0.549344
v 1.357040 0.000000 0.545446
v 1.353205 0.000000 0.541265
v 1.353205 -0.100000 0.541265
v 1.357040 -0.100000 0.545446
v 1.361164 -0.100000 0.549344
v 1.365453 -0.100000 0.553082
v 1.391395 0.000000 0.567029
v 1.384463 0.000000 0.564359
v 1.377763 0.000000 0.561265
v 1.371474 0.000000 0.557418
v 1.371474 -0.100000 0.557418
v 1.377763 -0.100000 0.561265
v 1.384463 -0.100000 0.564359
v 1.391395 -0.100000 0.567029
v 1.433236 0.000000 0.572608
v 1.422617 0.000000 0.572335
v 1.412080 0.000000 0.571488
v 1.401688 0.000000 0.569605
v 1.401688 -0.100000 0.569605
v 1.412080 -0.100000 0.571488
v 1.422617 -0.100000 0.572335
v 1.433236 -0.100000 0.572608
v 1.482608 0.000000 0.562008
v 1.470653 0.000000 0.566467
v 1.458486 0.000000 0.569942
v 1.445967 0.000000 0.571770
v 1.445967 -0.100000 0.571770
v 1.458486 -0.100000 0.569942
v 1.470653 -0.100000 0.566467
v 1.482608 -0.100000 0.562008
v 1.521381 0.000000 0.526304
v 1.513586 0.000000 0.537313
v 1.504780 0.000000 0.547211
v 1.494234 0.000000 0.555202
v 1.494234 -0.100000 0.555202
v 1.504780 -0.100000 0.547211
v 1.513586 -0.100000 0.537313
v 1.521381 -0.100000 0.526304
v 1.536444 0.000000 0.457685
v 1.535743 0.000000 0.475557
v 1.533482 0.000000 0.493064
v 1.528389 0.000000 0.509908
v 1.528389 -0.100000 0.509908
v 1.533482 -0.100000 0.493064
v 1.535743 -0.100000 0.475557
v 1.536444 -0.100000 0.457685
v 1.536444 0.000000 0.294784
v 1.536444 -0.100000 0.294784
v 1.532817 0.000000 0.283068
v 1.534577 0.000000 0.285705
v 1.535816 0.000000 0.288520
v 1.536325 0.000000 0.291585
v 1.536325 -0.100000 0.291585
v 1.535816 -0.100000 0.288520
v 1.534577 -0.100000 0.285705
v 1.532817 -0.100000 0.283068
v 1.521102 0.000000 0.280000
v 1.524232 0.000000 0.280082
v 1.527263 0.000000 0.280501
v 1.530108 0.000000 0.281553
v 1.530108 -0.100000 0.281553
v 1.527263 -0.100000 0.280501
v 1.524232 -0.100000 0.280082
v 1.521102 -0.100000 0.280000
v 1.463640 0.000000 0.280000
v 1.463640 -0.100000 0.280000
v 1.451646 0.000000 0.283068
v 1.454438 0.000000 0.281572
v 1.457356 0.000000 0.280523
v 1.460451 0.000000 0.280095
v 1.460451 -0.100000 0.280095
v 1.457356 -0.100000 0.280523
v 1.454438 -0.100000 0.281572
v 1.451646 -0.100000 0.283068
v 1.448298 0.000000 0.294784
v 1.448397 0.000000 0.291620
v 1.448861 0.000000 0.288572
v 1.450006 0.000000 0.285742
v 1.450006 -0.100000 0.285742
v 1.448861 -0.100000 0.288572
v 1.448397 -0.100000 0.291620
v 1.448298 -0.100000 0.294784
v 1.448298 0.000000 0.442343
v 1.448298 -0.100000 0.442343
v 1.435467 0.000000 0.487252
v 1.441615 0.000000 0.476944
v 1.445984 0.000000 0.466080
v 1.447825 0.000000 0.454425
v 1.447825 -0.100000 0.454425
v 1.445984 -0.100000 0.466080
v 1.441615 -0.100000 0.476944
v 1.435467 -0.100000 0.487252
v 1.400600 0.000000 0.501478
v 1.410411 0.000000 0.500537
v 1.419641 0.000000 0.498209
v 1.427868 0.000000 0.493481
v 1.427868 -0.100000 0.493481
v 1.419641 -0.100000 0.498209
v 1.410411 -0.100000 0.500537
v 1.400600 -0.100000 0.501478
v 1.366848 0.000000 0.491994
v 1.374688 0.000000 0.496371
v 1.382878 0.000000 0.499571
v 1.391594 0.000000 0.501012
v 1.391594 -0.100000 0.501012
v 1.382878 -0.100000 0.499571
v 1.374688 -0.100000 0.496371
v 1.366848 -0.100000 0.491994
v 1.348438 0.000000 0.468006
v 1.352024 0.000000 0.474785
v 1.356160 0.000000 0.481141
v 1.361223 0.000000 0.486784
v 1.361223 -0.100000 0.486784
v 1.356160 -0.100000 0.481141
v 1.352024 -0.100000 0.474785
v 1.348438 -0.100000 0.468006
vt -0.012279 0.000000 0.000000
vt -0.009210 0.000000 0.000000
vt -0.012279 0.100000 0.000000
vt -0.009210 0.100000 0.000000
vt -0.006140 0.000000 0.000000
vt -0.006140 0.100000 0.000000
vt -0.003070 0.000000 0.000000
vt -0.003070 0.100000 0.000000
vt 0.000000 0.000000 0.000000
vt 0.000000 0.100000 0.000000
vt -0.012120 0.000000 0.000000
vt -0.009090 0.000000 0.000000
vt -0.012120 0.100000 0.000000
vt -0.009090 0.100000 0.000000
vt -0.006060 0.000000 0.000000
vt -0.006060 0.100000 0.000000
vt -0.003030 0.000000 0.000000
vt -0.003030 0.100000 0.000000
vt 0.000000 0.000000 0.000000
vt 0.000000 0.100000 0.000000
vt 0.000000 0.000000 0.000000
vt 0.057462 0.000000 0.000000
vt 0.000000 0.100000 0.000000
vt 0.057462 0.100000 0.000000
vt -0.012392 0.000000 0.000000
vt -0.009294 0.000000 0.000000
vt -0.012392 0.100000 0.000000
vt -0.009294 0.100000 0.000000
vt -0.006196 0.000000 0.000000
vt -0.006196 0.100000 0.000000
vt -0.003098 0.000000 0.000000
vt -0.003098 0.100000 0.000000
vt 0.000000 0.000000 0.000000
vt 0.000000 0.100000 0.000000
vt -0.012194 0.000000 0.000000
vt -0.009145 0.000000 0.000000
vt -0.012194 0.100000 0.000000
vt -0.009145 0.100000 0.000000
vt -0.006097 0.000000 0.000000
vt -0.006097 0.100000 0.000000
vt -0.003048 0.000000 0.000000
vt -0.003048 0.100000 0.000000
vt 0.000000 0.000000 0.000000
vt 0.000000 0.100000 0.000000
vt -0.000000 0.000000 0.000000
vt 0.377406 0.000000 0.000000
vt 0.000000 0.100000 0.000000
vt 0.377406 0.100000 0.000000
vt -0.010696 0.000000 0.000000
vt -0.008022 0.000000 0.000000
vt -0.010696 0.100000 0.000000
vt -0.008022 0.100000 0.000000
vt -0.005348 0.000000 0.000000
vt -0.005348 0.100000 0.000000
vt -0.002674 0.000000 0.000000
vt -0.002674 0.100000 0.000000
vt 0.000000 0.000000 0.000000
vt 0.000000 0.100000 0.000000
vt -0.047741 0.000000 0.000000
vt -0.035806 0.000000 0.000000
vt -0.047741 0.100000 0.000000
vt -0.035806 0.100000 0.000000
vt -0.023870 0.000000 0.000000
vt -0.023870 0.100000 0.000000
vt -0.011935 0.000000 0.000000
vt -0.011935 0.100000 0.000000
vt 0.000000 0.000000 0.000000
vt 0.000000 0.100000 0.000000
vt -0.007515 0.000000 0.000000
vt -0.005636 0.000000 0.000000
vt -0.007515 0.100000 0.000000
vt -0.005636 0.100000 0.000000
vt -0.003758 0.000000 0.000000
vt -0.003758 0.100000 0.000000
vt -0.001879 0.000000 0.000000
vt -0.001879 0.100000 0.000000
vt 0.000000 0.000000 0.000000
vt 0.000000 0.100000 0.000000
vt -0.007511 0.000000 0.000000
vt -0.005633 0.000000 0.000000
vt -0.007511 0.100000 0.000000
vt -0.005633 0.100000 0.000000
vt -0.003755 0.050000 0.000000
vt -0.003755 0.100000 0.000000
vt -0.001878 0.050000 0.000000
vt -0.001878 0.100000 0.000000
vt 0.000000 0.100000 0.000000
vt 0.000000 0.000000 0.000000
vt -0.001878 0.000000 0.000000
vt -0.003755 0.000000 0.000000
vt -0.026504 0.000000 0.000000
vt -0.019878 0.000000 0.000000
vt -0.026504 0.100000 0.000000
vt -0.019878 0.100000 0.000000
vt -0.013252 0.000000 0.000000
vt -0.013252 0.100000 0.000000
vt -0.006626 0.000000 0.000000
vt -0.006626 0.100000 0.000000
vt 0.000000 0.000000 0.000000
vt 0.000000 0.100000 0.000000
vt -0.021335 0.000000 0.000000
vt -0.016001 0.000000 0.000000
vt -0.021335 0.100000 0.000000
vt -0.016001 0.100000 0.000000
vt -0.010667 0.000000 0.000000
vt -0.010667 0.100000 0.000000
vt -0.005334 0.000000 0.000000
vt -0.005334 0.100000 0.000000
vt 0.000000 0.000000 0.000000
vt 0.000000 0.100000 0.000000
vt -0.010693 0.000000 0.000000
vt -0.008020 0.000000 0.000000
vt -0.010693 0.100000 0.000000
vt -0.008020 0.100000 0.000000
vt -0.005347 0.000000 0.000000
vt -0.005347 0.100000 0.000000
vt -0.002673 0.000000 0.000000
vt -0.002673 0.100000 0.000000
vt 0.000000 0.000000 0.000000
vt 0.000000 0.100000 0.000000
vt 0.000000 0.000000 0.000000
vt 0.135286 0.000000 0.000000
vt 0.000000 0.100000 0.000000
vt 0.135286 0.100000 0.000000
vt -0.000000 0.000000 0.000000
vt 0.001116 0.000000 0.000000
vt 0.000000 0.100000 0.000000
vt 0.001116 0.100000 0.000000
vt -0.022684 0.000000 0.000000
vt -0.017013 0.000000 0.000000
vt -0.022684 0.100000 0.000000
vt -0.017013 0.100000 0.000000
vt -0.011342 0.000000 0.000000
vt -0.011342 0.100000 0.000000
vt -0.005671 0.000000 0.000000
vt -0.005671 0.100000 0.000000
vt 0.000000 0.000000 0.000000
vt 0.000000 0.100000 0.000000
vt -0.029454 0.000000 0.000000
vt -0.022091 0.000000 0.000000
vt -0.029454 0.100000 0.000000
vt -0.022091 0.100000 0.000000
vt -0.014727 0.000000 0.000000
vt -0.014727 0.100000 0.000000
vt -0.007364 0.000000 0.000000
vt -0.007364 0.100000 0.000000
vt 0.000000 0.000000 0.000000
vt 0.000000 0.100000 0.000000
vt -0.042214 0.000000 0.000000
vt -0.031661 0.000000 0.000000
vt -0.042214 0.100000 0.000000
vt -0.031661 0.100000 0.000000
vt -0.021107 0.000000 0.000000
vt -0.021107 0.100000 0.000000
vt -0.010554 0.000000 0.000000
vt -0.010554 0.100000 0.000000
vt 0.000000 0.000000 0.000000
vt 0.000000 0.100000 0.000000
vt -0.050497 0.000000 0.000000
vt -0.037873 0.000000 0.000000
vt -0.050497 0.100000 0.000000
vt -0.037873 0.100000 0.000000
vt -0.025249 0.000000 0.000000
vt -0.025249 0.100000 0.000000
vt -0.012624 0.000000 0.000000
vt -0.012624 0.100000 0.000000
vt 0.000000 0.000000 0.000000
vt 0.000000 0.100000 0.000000
vt -0.052709 0.000000 0.000000
vt -0.039532 0.000000 0.000000
vt -0.052709 0.100000 0.000000
vt -0.039532 0.100000 0.000000
vt -0.026355 0.000000 0.000000
vt -0.026355 0.100000 0.000000
vt -0.013177 0.000000 0.000000
vt -0.013177 0.100000 0.000000
vt 0.000000 0.000000 0.000000
vt 0.000000 0.100000 0.000000
vt -0.070269 0.000000 0.000000
vt -0.052702 0.000000 0.000000
vt -0.070269 0.100000 0.000000
vt -0.052702 0.100000 0.000000
vt -0.035134 0.000000 0.000000
vt -0.035134 0.100000 0.000000
vt -0.017567 0.000000 0.000000
vt -0.017567 0.100000 0.000000
vt 0.000000 0.000000 0.000000
vt 0.000000 0.100000 0.000000
vt 0.000000 0.000000 0.000000
vt 0.162901 0.000000 0.000000
vt 0.000000 0.100000 0.000000
vt 0.162901 0.100000 0.000000
vt -0.012279 0.000000 0.000000
vt -0.009210 0.000000 0.000000
vt -0.012279 0.100000 0.000000
vt -0.009210 0.100000 0.000000
vt -0.006140 0.000000 0.000000
vt -0.006140 0.100000 0.000000
vt -0.003070 0.000000 0.000000
vt -0.003070 0.100000 0.000000
vt 0.000000 0.000000 0.000000
vt 0.000000 0.100000 0.000000
vt -0.012120 0.000000 0.000000
vt -0.009090 0.000000 0.000000
vt -0.012120 0.100000 0.000000
vt -0.009090 0.100000 0.000000
vt -0.006060 0.000000 0.000000
vt -0.006060 0.100000 0.000000
vt -0.003030 0.000000 0.000000
vt -0.003030 0.100000 0.000000
vt 0.000000 0.000000 0.000000
vt 0.000000 0.100000 0.000000
vt 0.000000 0.000000 0.000000
vt 0.057462 0.000000 0.000000
vt 0.000000 0.100000 0.000000
vt 0.057462 0.100000 0.000000
vt -0.012392 0.000000 0.000000
vt -0.009294 0.000000 0.000000
vt -0.012392 0.100000 0.000000
vt -0.009294 0.100000 0.000000
vt -0.006196 0.000000 0.000000
vt -0.006196 0.100000 0.000000
vt -0.003098 0.000000 0.000000
vt -0.003098 0.100000 0.000000
vt 0.000000 0.000000 0.000000
vt 0.000000 0.100000 0.000000
vt -0.012194 0.000000 0.000000
vt -0.009145 0.000000 0.000000
vt -0.012194 0.100000 0.000000
vt -0.009145 0.100000 0.000000
vt -0.006097 0.000000 0.000000
vt -0.006097 0.100000 0.000000
vt -0.003048 0.000000 0.000000
vt -0.003048 0.100000 0.000000
vt 0.000000 0.000000 0.000000
vt 0.000000 0.100000 0.000000
vt -0.000000 0.000000 0.000000
vt 0.147559 0.000000 0.000000
vt 0.000000 0.100000 0.000000
vt 0.147559 0.100000 0.000000
vt -0.046742 0.000000 0.000000
vt -0.035056 0.000000 0.000000
vt -0.046742 0.100000 0.000000
vt -0.035056 0.100000 0.000000
vt -0.023371 0.000000 0.000000
vt -0.023371 0.100000 0.000000
vt -0.011685 0.000000 0.000000
vt -0.011685 0.100000 0.000000
vt 0.000000 0.000000 0.000000
vt 0.000000 0.100000 0.000000
vt -0.037661 0.000000 0.000000
vt -0.028246 0.000000 0.000000
vt -0.037661 0.100000 0.000000
vt -0.028246 0.100000 0.000000
vt -0.018831 0.000000 0.000000
vt -0.018831 0.100000 0.000000
vt -0.009415 0.000000 0.000000
vt -0.009415 0.100000 0.000000
vt 0.000000 0.000000 0.000000
vt 0.000000 0.100000 0.000000
vt -0.035072 0.000000 0.000000
vt -0.026304 0.000000 0.000000
vt -0.035072 0.100000 0.000000
vt -0.026304 0.100000 0.000000
vt -0.017536 0.000000 0.000000
vt -0.017536 0.100000 0.000000
vt -0.008768 0.000000 0.000000
vt -0.008768 0.100000 0.000000
vt 0.000000 0.000000 0.000000
vt 0.000000 0.100000 0.000000
vt -0.030239 0.000000 0.000000
vt -0.022679 0.000000 0.000000
vt -0.030239 0.100000 0.000000
vt -0.022679 0.100000 0.000000
vt -0.015119 0.000000 0.000000
vt -0.015119 0.100000 0.000000
vt -0.007560 0.000000 0.000000
vt -0.007560 0.100000 0.000000
vt 0.000000 0.000000 0.000000
vt 0.000000 0.100000 0.000000
vt 0.000000 0.000000 0.000000
vt 0.173222 0.000000 0.000000
vt 0.000000 0.100000 0.000000
vt 0.173222 0.100000 0.000000
vt -0.241677 0.039609 0.000000
vt -0.257019 -0.148396 0.000000
vt -0.241677 -0.133612 0.000000
vt -0.253889 -0.148314 0.000000
vt -0.250858 -0.147895 0.000000
vt -0.238092 0.046389 0.000000
vt -0.241677 0.108508 0.000000
vt -0.329822 0.243794 0.000000
vt -0.329822 -0.133612 0.000000
vt -0.233955 0.052745 0.000000
vt -0.228892 0.058387 0.000000
vt -0.240562 0.108508 0.000000
vt -0.223267 0.063598 0.000000
vt -0.236911 0.112869 0.000000
vt -0.215428 0.067975 0.000000
vt -0.233075 0.117049 0.000000
vt -0.228951 0.120948 0.000000
vt -0.224662 0.124686 0.000000
vt -0.207237 0.071175 0.000000
vt -0.218641 0.129022 0.000000
vt -0.212352 0.132869 0.000000
vt -0.198522 0.072616 0.000000
vt -0.205652 0.135963 0.000000
vt -0.198721 0.138633 0.000000
vt -0.189516 0.073082 0.000000
vt -0.188427 0.141209 0.000000
vt -0.179705 0.072141 0.000000
vt -0.178036 0.143092 0.000000
vt -0.167498 0.143939 0.000000
vt -0.170474 0.069812 0.000000
vt -0.156880 0.144212 0.000000
vt -0.162247 0.065085 0.000000
vt -0.144148 0.143374 0.000000
vt -0.154648 0.058856 0.000000
vt -0.131629 0.141546 0.000000
vt -0.119463 0.138071 0.000000
vt -0.148501 0.048548 0.000000
vt -0.107507 0.133612 0.000000
vt -0.095882 0.126806 0.000000
vt -0.144131 0.037684 0.000000
vt -0.085336 0.118815 0.000000
vt -0.076529 0.108917 0.000000
vt -0.068735 0.097908 0.000000
vt -0.061727 0.081512 0.000000
vt -0.142290 0.026029 0.000000
vt -0.056634 0.064668 0.000000
vt -0.054372 0.047161 0.000000
vt -0.053672 0.029289 0.000000
vt -0.141817 0.013947 0.000000
vt -0.053672 -0.133612 0.000000
vt -0.069013 -0.148396 0.000000
vt -0.065883 -0.148314 0.000000
vt -0.126475 -0.148396 0.000000
vt -0.141817 -0.133612 0.000000
vt -0.129664 -0.148301 0.000000
vt -0.132759 -0.147873 0.000000
vt -0.135678 -0.146824 0.000000
vt -0.141718 -0.136776 0.000000
vt -0.141254 -0.139824 0.000000
vt -0.140109 -0.142654 0.000000
vt -0.138470 -0.145328 0.000000
vt -0.062852 -0.147895 0.000000
vt -0.060007 -0.146844 0.000000
vt -0.053790 -0.136811 0.000000
vt -0.055538 -0.142691 0.000000
vt -0.054300 -0.139876 0.000000
vt -0.057298 -0.145328 0.000000
vt -0.241677 0.243794 0.000000
vt -0.319174 0.263146 0.000000
vt -0.327033 0.254114 0.000000
vt -0.241808 0.246537 0.000000
vt -0.244467 0.254114 0.000000
vt -0.247804 0.258285 0.000000
vt -0.251265 0.262345 0.000000
vt -0.242228 0.249197 0.000000
vt -0.243171 0.251707 0.000000
vt -0.254922 0.266230 0.000000
vt -0.258693 0.270014 0.000000
vt -0.310891 0.271746 0.000000
vt -0.263518 0.274564 0.000000
vt -0.301981 0.279704 0.000000
vt -0.268455 0.278984 0.000000
vt -0.273567 0.283203 0.000000
vt -0.278776 0.287308 0.000000
vt -0.292723 0.287308 0.000000
vt -0.291116 0.288365 0.000000
vt -0.280354 0.288432 0.000000
vt -0.289440 0.289240 0.000000
vt -0.287638 0.289783 0.000000
vt -0.282018 0.289331 0.000000
vt -0.283836 0.289839 0.000000
vt -0.285750 0.290098 0.000000
vt -0.329691 0.246537 0.000000
vt -0.328329 0.251707 0.000000
vt -0.329272 0.249197 0.000000
vt -0.329723 -0.136776 0.000000
vt -0.323683 -0.146824 0.000000
vt -0.320765 -0.147873 0.000000
vt -0.317670 -0.148301 0.000000
vt -0.329260 -0.139824 0.000000
vt -0.328114 -0.142654 0.000000
vt -0.326475 -0.145328 0.000000
vt -0.314481 -0.148396 0.000000
vt -0.248013 -0.146844 0.000000
vt -0.241796 -0.136811 0.000000
vt -0.243544 -0.142691 0.000000
vt -0.242305 -0.139876 0.000000
vt -0.245304 -0.145328 0.000000
vt 0.241677 -0.133612 0.000000
vt 0.257019 -0.148396 0.000000
vt 0.241677 0.039609 0.000000
vt 0.314481 -0.148396 0.000000
vt 0.329822 -0.133612 0.000000
vt 0.317670 -0.148301 0.000000
vt 0.320765 -0.147873 0.000000
vt 0.241796 -0.136811 0.000000
vt 0.248013 -0.146844 0.000000
vt 0.250858 -0.147895 0.000000
vt 0.253889 -0.148314 0.000000
vt 0.242305 -0.139876 0.000000
vt 0.243544 -0.142691 0.000000
vt 0.245304 -0.145328 0.000000
vt 0.323683 -0.146824 0.000000
vt 0.329723 -0.136776 0.000000
vt 0.329260 -0.139824 0.000000
vt 0.328114 -0.142654 0.000000
vt 0.326475 -0.145328 0.000000
vt 0.329822 0.243794 0.000000
vt 0.241677 0.108508 0.000000
vt 0.238092 0.046389 0.000000
vt 0.233955 0.052745 0.000000
vt 0.228892 0.058387 0.000000
vt 0.240562 0.108508 0.000000
vt 0.223267 0.063598 0.000000
vt 0.236911 0.112869 0.000000
vt 0.215428 0.067975 0.000000
vt 0.233075 0.117049 0.000000
vt 0.228951 0.120948 0.000000
vt 0.329691 0.246537 0.000000
vt 0.327033 0.254114 0.000000
vt 0.319174 0.263146 0.000000
vt 0.241677 0.243794 0.000000
vt 0.310891 0.271746 0.000000
vt 0.258693 0.270014 0.000000
vt 0.263518 0.274564 0.000000
vt 0.301981 0.279704 0.000000
vt 0.268455 0.278984 0.000000
vt 0.273567 0.283203 0.000000
vt 0.278776 0.287308 0.000000
vt 0.292723 0.287308 0.000000
vt 0.291116 0.288365 0.000000
vt 0.329272 0.249197 0.000000
vt 0.328329 0.251707 0.000000
vt 0.280354 0.288432 0.000000
vt 0.289440 0.289240 0.000000
vt 0.287638 0.289783 0.000000
vt 0.285750 0.290098 0.000000
vt 0.283836 0.289839 0.000000
vt 0.282018 0.289331 0.000000
vt 0.254922 0.266230 0.000000
vt 0.251265 0.262345 0.000000
vt 0.247804 0.258285 0.000000
vt 0.244467 0.254114 0.000000
vt 0.241808 0.246537 0.000000
vt 0.243171 0.251707 0.000000
vt 0.242228 0.249197 0.000000
vt 0.224662 0.124686 0.000000
vt 0.207237 0.071175 0.000000
vt 0.218641 0.129022 0.000000
vt 0.212352 0.132869 0.000000
vt 0.198522 0.072616 0.000000
vt 0.205652 0.135963 0.000000
vt 0.198721 0.138633 0.000000
vt 0.189516 0.073082 0.000000
vt 0.188427 0.141209 0.000000
vt 0.179705 0.072141 0.000000
vt 0.178036 0.143092 0.000000
vt 0.167498 0.143939 0.000000
vt 0.170474 0.069812 0.000000
vt 0.156880 0.144212 0.000000
vt 0.162247 0.065085 0.000000
vt 0.144148 0.143374 0.000000
vt 0.154648 0.058856 0.000000
vt 0.131629 0.141546 0.000000
vt 0.119463 0.138071 0.000000
vt 0.148501 0.048548 0.000000
vt 0.107507 0.133612 0.000000
vt 0.095882 0.126806 0.000000
vt 0.144131 0.037684 0.000000
vt 0.085336 0.118815 0.000000
vt 0.076529 0.108917 0.000000
vt 0.068735 0.097908 0.000000
vt 0.061727 0.081512 0.000000
vt 0.142290 0.026029 0.000000
vt 0.056634 0.064668 0.000000
vt 0.054372 0.047161 0.000000
vt 0.053672 0.029289 0.000000
vt 0.141817 0.013947 0.000000
vt 0.053672 -0.133612 0.000000
vt 0.069013 -0.148396 0.000000
vt 0.065883 -0.148314 0.000000
vt 0.062852 -0.147895 0.000000
vt 0.060007 -0.146844 0.000000
vt 0.053790 -0.136811 0.000000
vt 0.055538 -0.142691 0.000000
vt 0.054300 -0.139876 0.000000
vt 0.057298 -0.145328 0.000000
vt 0.126475 -0.148396 0.000000
vt 0.141817 -0.133612 0.000000
vt 0.129664 -0.148301 0.000000
vt 0.132759 -0.147873 0.000000
vt 0.135678 -0.146824 0.000000
vt 0.141718 -0.136776 0.000000
vt 0.141254 -0.139824 0.000000
vt 0.140109 -0.142654 0.000000
vt 0.138470 -0.145328 0.000000
vn 0.815871 0.000000 -0.578234
vn 0.862134 0.000000 -0.506680
vn 0.815871 0.000000 -0.578234
vn 0.862134 0.000000 -0.506680
vn 0.962188 0.000000 -0.272387
vn 0.962188 0.000000 -0.272387
vn 0.996905 0.000000 -0.078612
vn 0.996905 0.000000 -0.078612
vn 0.999865 0.000000 -0.016447
vn 0.999865 0.000000 -0.016447
vn 0.008161 0.000000 -0.999967
vn 0.062577 0.000000 -0.998040
vn 0.008161 0.000000 -0.999967
vn 0.062577 0.000000 -0.998040
vn 0.230883 0.000000 -0.972982
vn 0.230883 0.000000 -0.972982
vn 0.442542 0.000000 -0.896748
vn 0.442542 0.000000 -0.896748
vn 0.510282 0.000000 -0.860007
vn 0.510282 0.000000 -0.860007
vn -0.000000 -0.000000 -1.000000
vn -0.000000 -0.000000 -1.000000
vn -0.000000 -0.000000 -1.000000
vn -0.000000 -0.000000 -1.000000
vn -0.493315 -0.000000 -0.869850
vn -0.428936 -0.000000 -0.903335
vn -0.493315 -0.000000 -0.869850
vn -0.428936 -0.000000 -0.903335
vn -0.227708 -0.000000 -0.973730
vn -0.227708 -0.000000 -0.973730
vn -0.065133 -0.000000 -0.997877
vn -0.065133 -0.000000 -0.997877
vn -0.012386 -0.000000 -0.999923
vn -0.012386 -0.000000 -0.999923
vn -0.999928 -0.000000 -0.012026
vn -0.997518 -0.000000 -0.070405
vn -0.999928 -0.000000 -0.012026
vn -0.997518 -0.000000 -0.070405
vn -0.967808 -0.000000 -0.251688
vn -0.967808 -0.000000 -0.251688
vn -0.879770 -0.000000 -0.475399
vn -0.879770 -0.000000 -0.475399
vn -0.838203 -0.000000 -0.545359
vn -0.838203 -0.000000 -0.545359
vn -1.000000 0.000000 0.000000
vn -1.000000 0.000000 0.000000
vn -1.000000 0.000000 0.000000
vn -1.000000 0.000000 0.000000
vn -0.869981 0.000000 0.493085
vn -0.900668 0.000000 0.434509
vn -0.869981 0.000000 0.493085
vn -0.900668 0.000000 0.434509
vn -0.969037 0.000000 0.246916
vn -0.969037 0.000000 0.246916
vn -0.996518 0.000000 0.083379
vn -0.996518 0.000000 0.083379
vn -0.999548 0.000000 0.030056
vn -0.999548 0.000000 0.030056
vn -0.629404 0.000000 0.777078
vn -0.645301 0.000000 0.763928
vn -0.629404 0.000000 0.777078
vn -0.645301 0.000000 0.763928
vn -0.691539 0.000000 0.722339
vn -0.691539 0.000000 0.722339
vn -0.743205 0.000000 0.669064
vn -0.743205 0.000000 0.669064
vn -0.759853 0.000000 0.650095
vn -0.759853 0.000000 0.650095
vn -0.143593 0.000000 0.989637
vn -0.205770 0.000000 0.978600
vn -0.143593 0.000000 0.989637
vn -0.205770 0.000000 0.978600
vn -0.385525 0.000000 0.922697
vn -0.385525 0.000000 0.922697
vn -0.521406 0.000000 0.853309
vn -0.521406 0.000000 0.853309
vn -0.562871 0.000000 0.826545
vn -0.562871 0.000000 0.826545
vn 0.596470 0.000000 0.802636
vn 0.546739 0.000000 0.837303
vn 0.596470 0.000000 0.802636
vn 0.546739 0.000000 0.837303
vn 0.379142 0.000000 0.925338
vn 0.379142 0.000000 0.925338
vn 0.178730 0.000000 0.983898
vn 0.178730 0.000000 0.983898
vn 0.112064 0.000000 0.993701
vn 0.112064 0.000000 0.993701
vn 0.178730 0.000000 0.983898
vn 0.379142 0.000000 0.925338
vn 0.689223 0.000000 0.724550
vn 0.679755 0.000000 0.733439
vn 0.689223 0.000000 0.724550
vn 0.679755 0.000000 0.733439
vn 0.650988 0.000000 0.759088
vn 0.650988 0.000000 0.759088
vn 0.624858 0.000000 0.780739
vn 0.624858 0.000000 0.780739
vn 0.615998 0.000000 0.787747
vn 0.615998 0.000000 0.787747
vn 0.783979 0.000000 0.620787
vn 0.774275 0.000000 0.632849
vn 0.783979 0.000000 0.620787
vn 0.774275 0.000000 0.632849
vn 0.744151 0.000000 0.668011
vn 0.744151 0.000000 0.668011
vn 0.715026 0.000000 0.699098
vn 0.715026 0.000000 0.699098
vn 0.705047 0.000000 0.709160
vn 0.705047 0.000000 0.709160
vn 0.999548 0.000000 0.030056
vn 0.996518 0.000000 0.083379
vn 0.999548 0.000000 0.030056
vn 0.996518 0.000000 0.083379
vn 0.969037 0.000000 0.246916
vn 0.969037 0.000000 0.246916
vn 0.900668 0.000000 0.434509
vn 0.900668 0.000000 0.434509
vn 0.869981 0.000000 0.493085
vn 0.869981 0.000000 0.493085
vn 1.000000 0.000000 0.000000
vn 1.000000 0.000000 0.000000
vn 1.000000 0.000000 0.000000
vn 1.000000 0.000000 0.000000
vn -0.000000 0.000000 1.000000
vn -0.000000 0.000000 1.000000
vn -0.000000 0.000000 1.000000
vn -0.000000 0.000000 1.000000
vn -0.651934 0.000000 0.758276
vn -0.667110 0.000000 0.744960
vn -0.651934 0.000000 0.758276
vn -0.667110 0.000000 0.744960
vn -0.711166 0.000000 0.703024
vn -0.711166 0.000000 0.703024
vn -0.756983 0.000000 0.653435
vn -0.756983 0.000000 0.653435
vn -0.771552 0.000000 0.636167
vn -0.771552 0.000000 0.636167
vn -0.349482 0.000000 0.936943
vn -0.379514 0.000000 0.925186
vn -0.349482 0.000000 0.936943
vn -0.379514 0.000000 0.925186
vn -0.468118 0.000000 0.883666
vn -0.468118 0.000000 0.883666
vn -0.563929 0.000000 0.825823
vn -0.563929 0.000000 0.825823
vn -0.594419 0.000000 0.804155
vn -0.594419 0.000000 0.804155
vn -0.016695 0.000000 0.999861
vn -0.043808 0.000000 0.999040
vn -0.016695 0.000000 0.999861
vn -0.043808 0.000000 0.999040
vn -0.125565 0.000000 0.992085
vn -0.125565 0.000000 0.992085
vn -0.221404 0.000000 0.975182
vn -0.221404 0.000000 0.975182
vn -0.253384 0.000000 0.967366
vn -0.253384 0.000000 0.967366
vn 0.361595 0.000000 0.932335
vn 0.324868 0.000000 0.945759
vn 0.361595 0.000000 0.932335
vn 0.324868 0.000000 0.945759
vn 0.210228 0.000000 0.977652
vn 0.210228 0.000000 0.977652
vn 0.091867 0.000000 0.995771
vn 0.091867 0.000000 0.995771
vn 0.052618 0.000000 0.998615
vn 0.052618 0.000000 0.998615
vn 0.826459 0.000000 0.562998
vn 0.794491 0.000000 0.607276
vn 0.826459 0.000000 0.562998
vn 0.794491 0.000000 0.607276
vn 0.680923 0.000000 0.732355
vn 0.680923 0.000000 0.732355
vn 0.538585 0.000000 0.842571
vn 0.538585 0.000000 0.842571
vn 0.488491 0.000000 0.872569
vn 0.488491 0.000000 0.872569
vn 0.999698 0.000000 0.024557
vn 0.997643 0.000000 0.068619
vn 0.999698 0.000000 0.024557
vn 0.997643 0.000000 0.068619
vn 0.979227 0.000000 0.202768
vn 0.979227 0.000000 0.202768
vn 0.933269 0.000000 0.359178
vn 0.933269 0.000000 0.359178
vn 0.912272 0.000000 0.409586
vn 0.912272 0.000000 0.409586
vn 1.000000 0.000000 0.000000
vn 1.000000 0.000000 0.000000
vn 1.000000 0.000000 0.000000
vn 1.000000 0.000000 0.000000
vn 0.815844 0.000000 -0.578272
vn 0.862113 0.000000 -0.506715
vn 0.815844 0.000000 -0.578272
vn 0.862113 0.000000 -0.506715
vn 0.962183 0.000000 -0.272404
vn 0.962183 0.000000 -0.272404
vn 0.996906 0.000000 -0.078609
vn 0.996906 0.000000 -0.078609
vn 0.999865 0.000000 -0.016439
vn 0.999865 0.000000 -0.016439
vn 0.008158 0.000000 -0.999967
vn 0.062575 0.000000 -0.998040
vn 0.008158 0.000000 -0.999967
vn 0.062575 0.000000 -0.998040
vn 0.230883 0.000000 -0.972981
vn 0.230883 0.000000 -0.972981
vn 0.442550 0.000000 -0.896744
vn 0.442550 0.000000 -0.896744
vn 0.510292 0.000000 -0.860001
vn 0.510292 0.000000 -0.860001
vn -0.000000 -0.000000 -1.000000
vn -0.000000 -0.000000 -1.000000
vn -0.000000 -0.000000 -1.000000
vn -0.000000 -0.000000 -1.000000
vn -0.493316 -0.000000 -0.869850
vn -0.428937 -0.000000 -0.903334
vn -0.493316 -0.000000 -0.869850
vn -0.428937 -0.000000 -0.903334
vn -0.227711 -0.000000 -0.973729
vn -0.227711 -0.000000 -0.973729
vn -0.065136 -0.000000 -0.997876
vn -0.065136 -0.000000 -0.997876
vn -0.012389 -0.000000 -0.999923
vn -0.012389 -0.000000 -0.999923
vn -0.999928 -0.000000 -0.012000
vn -0.997520 -0.000000 -0.070385
vn -0.999928 -0.000000 -0.012000
vn -0.997520 -0.000000 -0.070385
vn -0.967809 -0.000000 -0.251687
vn -0.967809 -0.000000 -0.251687
vn -0.879760 -0.000000 -0.475417
vn -0.879760 -0.000000 -0.475417
vn -0.838188 -0.000000 -0.545382
vn -0.838188 -0.000000 -0.545382
vn -1.000000 0.000000 0.000000
vn -1.000000 0.000000 0.000000
vn -1.000000 0.000000 0.000000
vn -1.000000 0.000000 0.000000
vn -0.845730 -0.000000 -0.533610
vn -0.883947 -0.000000 -0.467588
vn -0.845730 -0.000000 -0.533610
vn -0.883947 -0.000000 -0.467588
vn -0.966901 -0.000000 -0.255154
vn -0.966901 -0.000000 -0.255154
vn -0.996986 -0.000000 -0.077581
vn -0.996986 -0.000000 -0.077581
vn -0.999797 -0.000000 -0.020152
vn -0.999797 -0.000000 -0.020152
vn -0.071504 -0.000000 -0.997440
vn -0.144428 -0.000000 -0.989515
vn -0.071504 -0.000000 -0.997440
vn -0.144428 -0.000000 -0.989515
vn -0.370055 -0.000000 -0.929010
vn -0.370055 -0.000000 -0.929010
vn -0.591510 -0.000000 -0.806297
vn -0.591510 -0.000000 -0.806297
vn -0.654034 -0.000000 -0.756465
vn -0.654034 -0.000000 -0.756465
vn 0.506675 0.000000 -0.862137
vn 0.447660 0.000000 -0.894204
vn 0.506675 0.000000 -0.862137
vn 0.447660 0.000000 -0.894204
vn 0.257047 0.000000 -0.966399
vn 0.257047 0.000000 -0.966399
vn 0.088483 0.000000 -0.996078
vn 0.088483 0.000000 -0.996078
vn 0.033556 0.000000 -0.999437
vn 0.033556 0.000000 -0.999437
vn 0.890811 0.000000 -0.454375
vn 0.869587 0.000000 -0.493781
vn 0.890811 0.000000 -0.454375
vn 0.869587 0.000000 -0.493781
vn 0.794018 0.000000 -0.607895
vn 0.794018 0.000000 -0.607895
vn 0.701678 0.000000 -0.712494
vn 0.701678 0.000000 -0.712494
vn 0.668434 0.000000 -0.743772
vn 0.668434 0.000000 -0.743772
vn 1.000000 0.000000 0.000000
vn 1.000000 0.000000 0.000000
vn 1.000000 0.000000 0.000000
vn 1.000000 0.000000 0.000000
vn 0.000000 -1.000000 0.000000
vn 0.000000 -1.000000 0.000000
vn 0.000000 -1.000000 0.000000
vn 0.000000 -1.000000 0.000000
vn 0.000000 -1.000000 0.000000
vn 0.000000 -1.000000 0.000000
vn 0.000000 -1.000000 0.000000
vn 0.000000 -1.000000 0.000000
vn 0.000000 -1.000000 0.000000
vn 0.000000 -1.000000 0.000000
vn 0.000000 -1.000000 0.000000
vn 0.000000 -1.000000 0.000000
vn 0.000000 -1.000000 0.000000
vn 0.000000 -1.000000 0.000000
vn 0.000000 -1.000000 0.000000
vn 0.000000 -1.000000 0.000000
vn 0.000000 -1.000000 0.000000
vn 0.000000 -1.000000 0.000000
vn 0.000000 -1.000000 0.000000
vn 0.000000 -1.000000 0.000000
vn 0.000000 -1.000000 0.000000
vn 0.000000 -1.000000 0.000000
vn 0.000000 -1.000000 0.000000
vn 0.000000 -1.000000 0.000000
vn 0.000000 -1.000000 0.000000
vn 0.000000 -1.000000 0.000000
vn 0.000000 -1.000000 0.000000
vn 0.000000 -1.000000 0.000000
vn 0.000000 -1.000000 0.000000
vn 0.000000 -1.000000 0.000000
vn 0.000000 -1.000000 0.000000
vn 0.000000 -1.000000 0.000000
vn 0.000000 -1.000000 0.000000
vn 0.000000 -1.000000 0.000000
vn 0.000000 -1.000000 0.000000
vn 0.000000 -1.000000 0.000000
vn 0.000000 -1.000000 0.000000
vn 0.000000 -1.000000 0.000000
vn 0.000000 -1.000000 0.000000
vn 0.000000 -1.000000 0.000000
vn 0.000000 -1.000000 0.000000
vn 0.000000 -1.000000 0.000000
vn 0.000000 -1.000000 0.000000
vn 0.000000 -1.000000 0.000000
vn 0.000000 -1.000000 0.000000
vn 0.000000 -1.000000 0.000000
vn 0.000000 -1.000000 0.000000
vn 0.000000 -1.000000 0.000000
vn 0.000000 -1.000000 0.000000
vn 0.000000 -1.000000 0.000000
vn 0.000000 -1.000000 0.000000
vn 0.000000 -1.000000 0.000000
vn 0.000000 -1.000000 0.000000
vn 0.000000 -1.000000 0.000000
vn 0.000000 -1.000000 0.000000
vn 0.000000 -1.000000 0.000000
vn 0.000000 -1.000000 0.000000
vn 0.000000 -1.000000 0.000000
vn 0.000000 -1.000000 0.000000
vn 0.000000 -1.000000 0.000000
vn 0.000000 -1.000000 0.000000
vn 0.000000 -1.000000 0.000000
vn 0.000000 -1.000000 0.000000
vn 0.000000 -1.000000 0.000000
vn 0.000000 -1.000000 0.000000
vn 0.000000 -1.000000 0.000000
vn 0.000000 -1.000000 0.000000
vn 0.000000 -1.000000 0.000000
vn 0.000000 -1.000000 0.000000
vn 0.000000 -1.000000 0.000000
vn 0.000000 -1.000000 0.000000
vn 0.000000 -1.000000 0.000000
vn 0.000000 -1.000000 0.000000
vn 0.000000 -1.000000 0.000000
vn 0.000000 -1.000000 0.000000
vn 0.000000 -1.000000 0.000000
vn 0.000000 -1.000000 0.000000
vn 0.000000 -1.000000 0.000000
vn 0.000000 -1.000000 0.000000
vn 0.000000 -1.000000 0.000000
vn 0.000000 -1.000000 0.000000
vn 0.000000 -1.000000 0.000000
vn 0.000000 -1.000000 0.000000
vn 0.000000 -1.000000 0.000000
vn 0.000000 -1.000000 0.000000
vn 0.000000 -1.000000 0.000000
vn 0.000000 -1.000000 0.000000
vn 0.000000 -1.000000 0.000000
vn 0.000000 -1.000000 0.000000
vn 0.000000 -1.000000 0.000000
vn 0.000000 -1.000000 0.000000
vn 0.000000 -1.000000 0.000000
vn 0.000000 -1.000000 0.000000
vn 0.000000 -1.000000 0.000000
vn 0.000000 -1.000000 0.000000
vn 0.000000 -1.000000 0.000000
vn 0.000000 -1.000000 0.000000
vn 0.000000 -1.000000 0.000000
vn 0.000000 -1.000000 0.000000
vn 0.000000 -1.000000 0.000000
vn 0.000000 -1.000000 0.000000
vn 0.000000 -1.000000 0.000000
vn 0.000000 -1.000000 0.000000
vn 0.000000 -1.000000 0.000000
vn 0.000000 -1.000000 0.000000
vn 0.000000 -1.000000 0.000000
vn 0.000000 -1.000000 0.000000
vn 0.000000 -1.000000 0.000000
vn -0.000000 1.000000 -0.000000
vn -0.000000 1.000000 -0.000000
vn -0.000000 1.000000 -0.000000
vn -0.000000 1.000000 -0.000000
vn -0.000000 1.000000 -0.000000
vn -0.000000 1.000000 -0.000000
vn -0.000000 1.000000 -0.000000
vn -0.000000 1.000000 -0.000000
vn -0.000000 1.000000 -0.000000
vn -0.000000 1.000000 -0.000000
vn -0.000000 1.000000 -0.000000
vn -0.000000 1.000000 -0.000000
vn -0.000000 1.000000 -0.000000
vn -0.000000 1.000000 -0.000000
vn -0.000000 1.000000 -0.000000
vn -0.000000 1.000000 -0.000000
vn -0.000000 1.000000 -0.000000
vn -0.000000 1.000000 -0.000000
vn -0.000000 1.000000 -0.000000
vn -0.000000 1.000000 -0.000000
vn -0.000000 1.000000 -0.000000
vn -0.000000 1.000000 -0.000000
vn -0.000000 1.000000 -0.000000
vn -0.000000 1.000000 -0.000000
vn -0.000000 1.000000 -0.000000
vn -0.000000 1.000000 -0.000000
vn -0.000000 1.000000 -0.000000
vn -0.000000 1.000000 -0.000000
vn -0.000000 1.000000 -0.000000
vn -0.000000 1.000000 -0.000000
vn -0.000000 1.000000 -0.000000
vn -0.000000 1.000000 -0.000000
vn -0.000000 1.000000 -0.000000
vn -0.000000 1.000000 -0.000000
vn -0.000000 1.000000 -0.000000
vn -0.000000 1.000000 -0.000000
vn -0.000000 1.000000 -0.000000
vn -0.000000 1.000000 -0.000000
vn -0.000000 1.000000 -0.000000
vn -0.000000 1.000000 -0.000000
vn -0.000000 1.000000 -0.000000
vn -0.000000 1.000000 -0.000000
vn -0.000000 1.000000 -0.000000
vn -0.000000 1.000000 -0.000000
vn -0.000000 1.000000 -0.000000
vn -0.000000 1.000000 -0.000000
vn -0.000000 1.000000 -0.000000
vn -0.000000 1.000000 -0.000000
vn -0.000000 1.000000 -0.000000
vn -0.000000 1.000000 -0.000000
vn -0.000000 1.000000 -0.000000
vn -0.000000 1.000000 -0.000000
vn -0.000000 1.000000 -0.000000
vn -0.000000 1.000000 -0.000000
vn -0.000000 1.000000 -0.000000
vn -0.000000 1.000000 -0.000000
vn -0.000000 1.000000 -0.000000
vn -0.000000 1.000000 -0.000000
vn -0.000000 1.000000 -0.000000
vn -0.000000 1.000000 -0.000000
vn -0.000000 1.000000 -0.000000
vn -0.000000 1.000000 -0.000000
vn -0.000000 1.000000 -0.000000
vn -0.000000 1.000000 -0.000000
vn -0.000000 1.000000 -0.000000
vn -0.000000 1.000000 -0.000000
vn -0.000000 1.000000 -0.000000
vn -0.000000 1.000000 -0.000000
vn -0.000000 1.000000 -0.000000
vn -0.000000 1.000000 -0.000000
vn -0.000000 1.000000 -0.000000
vn -0.000000 1.000000 -0.000000
vn -0.000000 1.000000 -0.000000
vn -0.000000 1.000000 -0.000000
vn -0.000000 1.000000 -0.000000
vn -0.000000 1.000000 -0.000000
vn -0.000000 1.000000 -0.000000
vn -0.000000 1.000000 -0.000000
vn -0.000000 1.000000 -0.000000
vn -0.000000 1.000000 -0.000000
vn -0.000000 1.000000 -0.000000
vn -0.000000 1.000000 -0.000000
vn -0.000000 1.000000 -0.000000
vn -0.000000 1.000000 -0.000000
vn -0.000000 1.000000 -0.000000
vn -0.000000 1.000000 -0.000000
vn -0.000000 1.000000 -0.000000
vn -0.000000 1.000000 -0.000000
vn -0.000000 1.000000 -0.000000
vn -0.000000 1.000000 -0.000000
vn -0.000000 1.000000 -0.000000
vn -0.000000 1.000000 -0.000000
vn -0.000000 1.000000 -0.000000
vn -0.000000 1.000000 -0.000000
vn -0.000000 1.000000 -0.000000
vn -0.000000 1.000000 -0.000000
vn -0.000000 1.000000 -0.000000
vn -0.000000 1.000000 -0.000000
vn -0.000000 1.000000 -0.000000
vn -0.000000 1.000000 -0.000000
vn -0.000000 1.000000 -0.000000
vn -0.000000 1.000000 -0.000000
vn -0.000000 1.000000 -0.000000
vn -0.000000 1.000000 -0.000000
vn -0.000000 1.000000 -0.000000
vn -0.000000 1.000000 -0.000000
vn -0.000000 1.000000 -0.000000
vn -0.000000 1.000000 -0.000000
usemtl Silver_-_Satin
f 2225/3605/3121 2226/3606/3122 2234/3607/3123
f 2234/3607/3123 2226/3606/3122 2233/3608/3124
f 2233/3608/3124 2226/3606/3122 2227/3609/3125
f 2233/3608/3124 2227/3609/3125 2232/3610/3126
f 2232/3610/3126 2227/3609/3125 2228/3611/3127
f 2232/3610/3126 2228/3611/3127 2231/3612/3128
f 2231/3612/3128 2228/3611/3127 2229/3613/3129
f 2231/3612/3128 2229/3613/3129 2230/3614/3130
f 2235/3615/3131 2236/3616/3132 2242/3617/3133
f 2242/3617/3133 2236/3616/3132 2241/3618/3134
f 2241/3618/3134 2236/3616/3132 2237/3619/3135
f 2241/3618/3134 2237/3619/3135 2240/3620/3136
f 2240/3620/3136 2237/3619/3135 2238/3621/3137
f 2240/3620/3136 2238/3621/3137 2239/3622/3138
f 2239/3622/3138 2238/3621/3137 2225/3623/3139
f 2239/3622/3138 2225/3623/3139 2234/3624/3140
f 2243/3625/3141 2235/3626/3142 2244/3627/3143
f 2244/3627/3143 2235/3626/3142 2242/3628/3144
f 2245/3629/3145 2246/3630/3146 2252/3631/3147
f 2252/3631/3147 2246/3630/3146 2251/3632/3148
f 2251/3632/3148 2246/3630/3146 2247/3633/3149
f 2251/3632/3148 2247/3633/3149 2250/3634/3150
f 2250/3634/3150 2247/3633/3149 2248/3635/3151
f 2250/3634/3150 2248/3635/3151 2249/3636/3152
f 2249/3636/3152 2248/3635/3151 2243/3637/3153
f 2249/3636/3152 2243/3637/3153 2244/3638/3154
f 2253/3639/3155 2254/3640/3156 2260/3641/3157
f 2260/3641/3157 2254/3640/3156 2259/3642/3158
f 2259/3642/3158 2254/3640/3156 2255/3643/3159
f 2259/3642/3158 2255/3643/3159 2258/3644/3160
f 2258/3644/3160 2255/3643/3159 2256/3645/3161
f 2258/3644/3160 2256/3645/3161 2257/3646/3162
f 2257/3646/3162 2256/3645/3161 2245/3647/3163
f 2257/3646/3162 2245/3647/3163 2252/3648/3164
f 2261/3649/3165 2253/3650/3166 2262/3651/3167
f 2262/3651/3167 2253/3650/3166 2260/3652/3168
f 2263/3653/3169 2264/3654/3170 2270/3655/3171
f 2270/3655/3171 2264/3654/3170 2269/3656/3172
f 2269/3656/3172 2264/3654/3170 2265/3657/3173
f 2269/3656/3172 2265/3657/3173 2268/3658/3174
f 2268/3658/3174 2265/3657/3173 2266/3659/3175
f 2268/3658/3174 2266/3659/3175 2267/3660/3176
f 2267/3660/3176 2266/3659/3175 2261/3661/3177
f 2267/3660/3176 2261/3661/3177 2262/3662/3178
f 2271/3663/3179 2272/3664/3180 2278/3665/3181
f 2278/3665/3181 2272/3664/3180 2277/3666/3182
f 2277/3666/3182 2272/3664/3180 2273/3667/3183
f 2277/3666/3182 2273/3667/3183 2276/3668/3184
f 2276/3668/3184 2273/3667/3183 2274/3669/3185
f 2276/3668/3184 2274/3669/3185 2275/3670/3186
f 2275/3670/3186 2274/3669/3185 2263/3671/3187
f 2275/3670/3186 2263/3671/3187 2270/3672/3188
f 2279/3673/3189 2280/3674/3190 2286/3675/3191
f 2286/3675/3191 2280/3674/3190 2285/3676/3192
f 2285/3676/3192 2280/3674/3190 2281/3677/3193
f 2285/3676/3192 2281/3677/3193 2284/3678/3194
f 2284/3678/3194 2281/3677/3193 2282/3679/3195
f 2284/3678/3194 2282/3679/3195 2283/3680/3196
f 2283/3680/3196 2282/3679/3195 2271/3681/3197
f 2283/3680/3196 2271/3681/3197 2278/3682/3198
f 2287/3683/3199 2288/3684/3200 2294/3685/3201
f 2294/3685/3201 2288/3684/3200 2293/3686/3202
f 2293/3686/3202 2288/3684/3200 2296/3687/3203
f 2293/3686/3202 2296/3687/3203 2292/3688/3204
f 2292/3688/3204 2296/3687/3203 2295/3689/3205
f 2292/3688/3204 2295/3689/3205 2291/3690/3206
f 2291/3690/3206 2295/3689/3205 2286/3691/3207
f 2286/3691/3207 2295/3689/3205 2279/3692/3208
f 2279/3692/3208 2295/3689/3205 2290/3693/3209
f 2290/3693/3209 2295/3689/3205 2296/3687/3203
f 2290/3693/3209 2296/3687/3203 2289/3694/3210
f 2289/3694/3210 2296/3687/3203 2288/3684/3200
f 2297/3695/3211 2298/3696/3212 2304/3697/3213
f 2304/3697/3213 2298/3696/3212 2303/3698/3214
f 2303/3698/3214 2298/3696/3212 2299/3699/3215
f 2303/3698/3214 2299/3699/3215 2302/3700/3216
f 2302/3700/3216 2299/3699/3215 2300/3701/3217
f 2302/3700/3216 2300/3701/3217 2301/3702/3218
f 2301/3702/3218 2300/3701/3217 2287/3703/3219
f 2301/3702/3218 2287/3703/3219 2294/3704/3220
f 2305/3705/3221 2306/3706/3222 2312/3707/3223
f 2312/3707/3223 2306/3706/3222 2311/3708/3224
f 2311/3708/3224 2306/3706/3222 2307/3709/3225
f 2311/3708/3224 2307/3709/3225 2310/3710/3226
f 2310/3710/3226 2307/3709/3225 2308/3711/3227
f 2310/3710/3226 2308/3711/3227 2309/3712/3228
f 2309/3712/3228 2308/3711/3227 2297/3713/3229
f 2309/3712/3228 2297/3713/3229 2304/3714/3230
f 2313/3715/3231 2314/3716/3232 2320/3717/3233
f 2320/3717/3233 2314/3716/3232 2319/3718/3234
f 2319/3718/3234 2314/3716/3232 2315/3719/3235
f 2319/3718/3234 2315/3719/3235 2318/3720/3236
f 2318/3720/3236 2315/3719/3235 2316/3721/3237
f 2318/3720/3236 2316/3721/3237 2317/3722/3238
f 2317/3722/3238 2316/3721/3237 2305/3723/3239
f 2317/3722/3238 2305/3723/3239 2312/3724/3240
f 2321/3725/3241 2313/3726/3242 2322/3727/3243
f 2322/3727/3243 2313/3726/3242 2320/3728/3244
f 2323/3729/3245 2321/3730/3246 2324/3731/3247
f 2324/3731/3247 2321/3730/3246 2322/3732/3248
f 2325/3733/3249 2326/3734/3250 2332/3735/3251
f 2332/3735/3251 2326/3734/3250 2331/3736/3252
f 2331/3736/3252 2326/3734/3250 2327/3737/3253
f 2331/3736/3252 2327/3737/3253 2330/3738/3254
f 2330/3738/3254 2327/3737/3253 2328/3739/3255
f 2330/3738/3254 2328/3739/3255 2329/3740/3256
f 2329/3740/3256 2328/3739/3255 2323/3741/3257
f 2329/3740/3256 2323/3741/3257 2324/3742/3258
f 2333/3743/3259 2334/3744/3260 2340/3745/3261
f 2340/3745/3261 2334/3744/3260 2339/3746/3262
f 2339/3746/3262 2334/3744/3260 2335/3747/3263
f 2339/3746/3262 2335/3747/3263 2338/3748/3264
f 2338/3748/3264 2335/3747/3263 2336/3749/3265
f 2338/3748/3264 2336/3749/3265 2337/3750/3266
f 2337/3750/3266 2336/3749/3265 2325/3751/3267
f 2337/3750/3266 2325/3751/3267 2332/3752/3268
f 2341/3753/3269 2342/3754/3270 2348/3755/3271
f 2348/3755/3271 2342/3754/3270 2347/3756/3272
f 2347/3756/3272 2342/3754/3270 2343/3757/3273
f 2347/3756/3272 2343/3757/3273 2346/3758/3274
f 2346/3758/3274 2343/3757/3273 2344/3759/3275
f 2346/3758/3274 2344/3759/3275 2345/3760/3276
f 2345/3760/3276 2344/3759/3275 2333/3761/3277
f 2345/3760/3276 2333/3761/3277 2340/3762/3278
f 2349/3763/3279 2350/3764/3280 2356/3765/3281
f 2356/3765/3281 2350/3764/3280 2355/3766/3282
f 2355/3766/3282 2350/3764/3280 2351/3767/3283
f 2355/3766/3282 2351/3767/3283 2354/3768/3284
f 2354/3768/3284 2351/3767/3283 2352/3769/3285
f 2354/3768/3284 2352/3769/3285 2353/3770/3286
f 2353/3770/3286 2352/3769/3285 2341/3771/3287
f 2353/3770/3286 2341/3771/3287 2348/3772/3288
f 2357/3773/3289 2358/3774/3290 2364/3775/3291
f 2364/3775/3291 2358/3774/3290 2363/3776/3292
f 2363/3776/3292 2358/3774/3290 2359/3777/3293
f 2363/3776/3292 2359/3777/3293 2362/3778/3294
f 2362/3778/3294 2359/3777/3293 2360/3779/3295
f 2362/3778/3294 2360/3779/3295 2361/3780/3296
f 2361/3780/3296 2360/3779/3295 2349/3781/3297
f 2361/3780/3296 2349/3781/3297 2356/3782/3298
f 2365/3783/3299 2366/3784/3300 2372/3785/3301
f 2372/3785/3301 2366/3784/3300 2371/3786/3302
f 2371/3786/3302 2366/3784/3300 2367/3787/3303
f 2371/3786/3302 2367/3787/3303 2370/3788/3304
f 2370/3788/3304 2367/3787/3303 2368/3789/3305
f 2370/3788/3304 2368/3789/3305 2369/3790/3306
f 2369/3790/3306 2368/3789/3305 2357/3791/3307
f 2369/3790/3306 2357/3791/3307 2364/3792/3308
f 2373/3793/3309 2365/3794/3310 2374/3795/3311
f 2374/3795/3311 2365/3794/3310 2372/3796/3312
f 2375/3797/3313 2376/3798/3314 2382/3799/3315
f 2382/3799/3315 2376/3798/3314 2381/3800/3316
f 2381/3800/3316 2376/3798/3314 2377/3801/3317
f 2381/3800/3316 2377/3801/3317 2380/3802/3318
f 2380/3802/3318 2377/3801/3317 2378/3803/3319
f 2380/3802/3318 2378/3803/3319 2379/3804/3320
f 2379/3804/3320 2378/3803/3319 2373/3805/3321
f 2379/3804/3320 2373/3805/3321 2374/3806/3322
f 2383/3807/3323 2384/3808/3324 2390/3809/3325
f 2390/3809/3325 2384/3808/3324 2389/3810/3326
f 2389/3810/3326 2384/3808/3324 2385/3811/3327
f 2389/3810/3326 2385/3811/3327 2388/3812/3328
f 2388/3812/3328 2385/3811/3327 2386/3813/3329
f 2388/3812/3328 2386/3813/3329 2387/3814/3330
f 2387/3814/3330 2386/3813/3329 2375/3815/3331
f 2387/3814/3330 2375/3815/3331 2382/3816/3332
f 2391/3817/3333 2383/3818/3334 2392/3819/3335
f 2392/3819/3335 2383/3818/3334 2390/3820/3336
f 2393/3821/3337 2394/3822/3338 2400/3823/3339
f 2400/3823/3339 2394/3822/3338 2399/3824/3340
f 2399/3824/3340 2394/3822/3338 2395/3825/3341
f 2399/3824/3340 2395/3825/3341 2398/3826/3342
f 2398/3826/3342 2395/3825/3341 2396/3827/3343
f 2398/3826/3342 2396/3827/3343 2397/3828/3344
f 2397/3828/3344 2396/3827/3343 2391/3829/3345
f 2397/3828/3344 2391/3829/3345 2392/3830/3346
f 2401/3831/3347 2402/3832/3348 2408/3833/3349
f 2408/3833/3349 2402/3832/3348 2407/3834/3350
f 2407/3834/3350 2402/3832/3348 2403/3835/3351
f 2407/3834/3350 2403/3835/3351 2406/3836/3352
f 2406/3836/3352 2403/3835/3351 2404/3837/3353
f 2406/3836/3352 2404/3837/3353 2405/3838/3354
f 2405/3838/3354 2404/3837/3353 2393/3839/3355
f 2405/3838/3354 2393/3839/3355 2400/3840/3356
f 2409/3841/3357 2401/3842/3358 2410/3843/3359
f 2410/3843/3359 2401/3842/3358 2408/3844/3360
f 2411/3845/3361 2412/3846/3362 2418/3847/3363
f 2418/3847/3363 2412/3846/3362 2417/3848/3364
f 2417/3848/3364 2412/3846/3362 2413/3849/3365
f 2417/3848/3364 2413/3849/3365 2416/3850/3366
f 2416/3850/3366 2413/3849/3365 2414/3851/3367
f 2416/3850/3366 2414/3851/3367 2415/3852/3368
f 2415/3852/3368 2414/3851/3367 2409/3853/3369
f 2415/3852/3368 2409/3853/3369 2410/3854/3370
f 2419/3855/3371 2420/3856/3372 2426/3857/3373
f 2426/3857/3373 2420/3856/3372 2425/3858/3374
f 2425/3858/3374 2420/3856/3372 2421/3859/3375
f 2425/3858/3374 2421/3859/3375 2424/3860/3376
f 2424/3860/3376 2421/3859/3375 2422/3861/3377
f 2424/3860/3376 2422/3861/3377 2423/3862/3378
f 2423/3862/3378 2422/3861/3377 2411/3863/3379
f 2423/3862/3378 2411/3863/3379 2418/3864/3380
f 2427/3865/3381 2428/3866/3382 2434/3867/3383
f 2434/3867/3383 2428/3866/3382 2433/3868/3384
f 2433/3868/3384 2428/3866/3382 2429/3869/3385
f 2433/3868/3384 2429/3869/3385 2432/3870/3386
f 2432/3870/3386 2429/3869/3385 2430/3871/3387
f 2432/3870/3386 2430/3871/3387 2431/3872/3388
f 2431/3872/3388 2430/3871/3387 2419/3873/3389
f 2431/3872/3388 2419/3873/3389 2426/3874/3390
f 2435/3875/3391 2436/3876/3392 2442/3877/3393
f 2442/3877/3393 2436/3876/3392 2441/3878/3394
f 2441/3878/3394 2436/3876/3392 2437/3879/3395
f 2441/3878/3394 2437/3879/3395 2440/3880/3396
f 2440/3880/3396 2437/3879/3395 2438/3881/3397
f 2440/3880/3396 2438/3881/3397 2439/3882/3398
f 2439/3882/3398 2438/3881/3397 2427/3883/3399
f 2439/3882/3398 2427/3883/3399 2434/3884/3400
f 2229/3885/3401 2435/3886/3402 2230/3887/3403
f 2230/3887/3403 2435/3886/3402 2442/3888/3404
f 2442/3889/3405 2242/3890/3406 2230/3891/3407
f 2230/3891/3407 2242/3890/3406 2241/3892/3408
f 2230/3891/3407 2241/3892/3408 2240/3893/3409
f 2441/3894/3410 2322/3895/3411 2442/3889/3405
f 2442/3889/3405 2322/3895/3411 2262/3896/3412
f 2442/3889/3405 2262/3896/3412 2260/3897/3413
f 2441/3894/3410 2440/3898/3414 2322/3895/3411
f 2322/3895/3411 2440/3898/3414 2439/3899/3415
f 2322/3895/3411 2439/3899/3415 2324/3900/3416
f 2324/3900/3416 2439/3899/3415 2434/3901/3417
f 2324/3900/3416 2434/3901/3417 2329/3902/3418
f 2329/3902/3418 2434/3901/3417 2433/3903/3419
f 2329/3902/3418 2433/3903/3419 2330/3904/3420
f 2330/3904/3420 2433/3903/3419 2331/3905/3421
f 2331/3905/3421 2433/3903/3419 2332/3906/3422
f 2332/3906/3422 2433/3903/3419 2432/3907/3423
f 2332/3906/3422 2432/3907/3423 2337/3908/3424
f 2337/3908/3424 2432/3907/3423 2338/3909/3425
f 2338/3909/3425 2432/3907/3423 2431/3910/3426
f 2338/3909/3425 2431/3910/3426 2339/3911/3427
f 2339/3911/3427 2431/3910/3426 2340/3912/3428
f 2340/3912/3428 2431/3910/3426 2426/3913/3429
f 2340/3912/3428 2426/3913/3429 2345/3914/3430
f 2345/3914/3430 2426/3913/3429 2425/3915/3431
f 2345/3914/3430 2425/3915/3431 2346/3916/3432
f 2346/3916/3432 2425/3915/3431 2347/3917/3433
f 2347/3917/3433 2425/3915/3431 2424/3918/3434
f 2347/3917/3433 2424/3918/3434 2348/3919/3435
f 2348/3919/3435 2424/3918/3434 2423/3920/3436
f 2348/3919/3435 2423/3920/3436 2353/3921/3437
f 2353/3921/3437 2423/3920/3436 2418/3922/3438
f 2353/3921/3437 2418/3922/3438 2354/3923/3439
f 2354/3923/3439 2418/3922/3438 2355/3924/3440
f 2355/3924/3440 2418/3922/3438 2417/3925/3441
f 2355/3924/3440 2417/3925/3441 2356/3926/3442
f 2356/3926/3442 2417/3925/3441 2361/3927/3443
f 2361/3927/3443 2417/3925/3441 2416/3928/3444
f 2361/3927/3443 2416/3928/3444 2362/3929/3445
f 2362/3929/3445 2416/3928/3444 2363/3930/3446
f 2363/3930/3446 2416/3928/3444 2364/3931/3447
f 2364/3931/3447 2416/3928/3444 2369/3932/3448
f 2369/3932/3448 2416/3928/3444 2415/3933/3449
f 2369/3932/3448 2415/3933/3449 2370/3934/3450
f 2370/3934/3450 2415/3933/3449 2371/3935/3451
f 2371/3935/3451 2415/3933/3449 2372/3936/3452
f 2372/3936/3452 2415/3933/3449 2410/3937/3453
f 2372/3936/3452 2410/3937/3453 2374/3938/3454
f 2374/3938/3454 2410/3937/3453 2390/3939/3455
f 2374/3938/3454 2390/3939/3455 2389/3940/3456
f 2390/3939/3455 2410/3937/3453 2392/3941/3457
f 2392/3941/3457 2410/3937/3453 2408/3942/3458
f 2392/3941/3457 2408/3942/3458 2397/3943/3459
f 2397/3943/3459 2408/3942/3458 2398/3944/3460
f 2398/3944/3460 2408/3942/3458 2399/3945/3461
f 2399/3945/3461 2408/3942/3458 2407/3946/3462
f 2399/3945/3461 2407/3946/3462 2406/3947/3463
f 2406/3947/3463 2405/3948/3464 2399/3945/3461
f 2399/3945/3461 2405/3948/3464 2400/3949/3465
f 2389/3940/3456 2388/3950/3466 2374/3938/3454
f 2374/3938/3454 2388/3950/3466 2387/3951/3467
f 2374/3938/3454 2387/3951/3467 2379/3952/3468
f 2379/3952/3468 2387/3951/3467 2381/3953/3469
f 2379/3952/3468 2381/3953/3469 2380/3954/3470
f 2387/3951/3467 2382/3955/3471 2381/3953/3469
f 2322/3895/3411 2320/3956/3472 2262/3896/3412
f 2262/3896/3412 2320/3956/3472 2275/3957/3473
f 2262/3896/3412 2275/3957/3473 2270/3958/3474
f 2319/3959/3475 2312/3960/3476 2320/3956/3472
f 2320/3956/3472 2312/3960/3476 2311/3961/3477
f 2320/3956/3472 2311/3961/3477 2310/3962/3478
f 2318/3963/3479 2317/3964/3480 2319/3959/3475
f 2319/3959/3475 2317/3964/3480 2312/3960/3476
f 2310/3962/3478 2309/3965/3481 2320/3956/3472
f 2320/3956/3472 2309/3965/3481 2304/3966/3482
f 2320/3956/3472 2304/3966/3482 2276/3967/3483
f 2276/3967/3483 2304/3966/3482 2303/3968/3484
f 2276/3967/3483 2303/3968/3484 2277/3969/3485
f 2277/3969/3485 2303/3968/3484 2302/3970/3486
f 2277/3969/3485 2302/3970/3486 2301/3971/3487
f 2301/3971/3487 2294/3972/3488 2277/3969/3485
f 2277/3969/3485 2294/3972/3488 2278/3973/3489
f 2278/3973/3489 2294/3972/3488 2283/3974/3490
f 2283/3974/3490 2294/3972/3488 2293/3975/3491
f 2283/3974/3490 2293/3975/3491 2284/3976/3492
f 2284/3976/3492 2293/3975/3491 2285/3977/3493
f 2285/3977/3493 2293/3975/3491 2292/3978/3494
f 2285/3977/3493 2292/3978/3494 2291/3979/3495
f 2291/3979/3495 2286/3980/3496 2285/3977/3493
f 2276/3967/3483 2275/3957/3473 2320/3956/3472
f 2262/3896/3412 2270/3958/3474 2267/3981/3497
f 2267/3981/3497 2270/3958/3474 2269/3982/3498
f 2267/3981/3497 2269/3982/3498 2268/3983/3499
f 2259/3984/3500 2251/3985/3501 2260/3897/3413
f 2260/3897/3413 2251/3985/3501 2250/3986/3502
f 2260/3897/3413 2250/3986/3502 2249/3987/3503
f 2259/3984/3500 2258/3988/3504 2251/3985/3501
f 2251/3985/3501 2258/3988/3504 2257/3989/3505
f 2251/3985/3501 2257/3989/3505 2252/3990/3506
f 2249/3987/3503 2244/3991/3507 2260/3897/3413
f 2260/3897/3413 2244/3991/3507 2442/3889/3405
f 2244/3991/3507 2242/3890/3406 2442/3889/3405
f 2240/3893/3409 2239/3992/3508 2230/3891/3407
f 2230/3891/3407 2239/3992/3508 2231/3993/3509
f 2231/3993/3509 2239/3992/3508 2233/3994/3510
f 2231/3993/3509 2233/3994/3510 2232/3995/3511
f 2239/3992/3508 2234/3996/3512 2233/3994/3510
f 2229/3997/3513 2235/3998/3514 2435/3999/3515
f 2435/3999/3515 2235/3998/3514 2243/4000/3516
f 2435/3999/3515 2243/4000/3516 2253/4001/3517
f 2253/4001/3517 2243/4000/3516 2248/4002/3518
f 2253/4001/3517 2248/4002/3518 2247/4003/3519
f 2228/4004/3520 2238/4005/3521 2229/3997/3513
f 2229/3997/3513 2238/4005/3521 2237/4006/3522
f 2229/3997/3513 2237/4006/3522 2236/4007/3523
f 2227/4008/3524 2226/4009/3525 2228/4004/3520
f 2228/4004/3520 2226/4009/3525 2238/4005/3521
f 2226/4009/3525 2225/4010/3526 2238/4005/3521
f 2236/4007/3523 2235/3998/3514 2229/3997/3513
f 2247/4003/3519 2246/4011/3527 2253/4001/3517
f 2253/4001/3517 2246/4011/3527 2254/4012/3528
f 2254/4012/3528 2246/4011/3527 2255/4013/3529
f 2255/4013/3529 2246/4011/3527 2256/4014/3530
f 2256/4014/3530 2246/4011/3527 2245/4015/3531
f 2253/4001/3517 2261/4016/3532 2435/3999/3515
f 2435/3999/3515 2261/4016/3532 2321/4017/3533
f 2435/3999/3515 2321/4017/3533 2436/4018/3534
f 2436/4018/3534 2321/4017/3533 2437/4019/3535
f 2437/4019/3535 2321/4017/3533 2438/4020/3536
f 2438/4020/3536 2321/4017/3533 2323/4021/3537
f 2438/4020/3536 2323/4021/3537 2427/4022/3538
f 2427/4022/3538 2323/4021/3537 2328/4023/3539
f 2427/4022/3538 2328/4023/3539 2428/4024/3540
f 2428/4024/3540 2328/4023/3539 2327/4025/3541
f 2428/4024/3540 2327/4025/3541 2326/4026/3542
f 2266/4027/3543 2263/4028/3544 2261/4016/3532
f 2261/4016/3532 2263/4028/3544 2274/4029/3545
f 2261/4016/3532 2274/4029/3545 2313/4030/3546
f 2313/4030/3546 2274/4029/3545 2273/4031/3547
f 2313/4030/3546 2273/4031/3547 2297/4032/3548
f 2297/4032/3548 2273/4031/3547 2298/4033/3549
f 2298/4033/3549 2273/4031/3547 2272/4034/3550
f 2298/4033/3549 2272/4034/3550 2299/4035/3551
f 2299/4035/3551 2272/4034/3550 2300/4036/3552
f 2300/4036/3552 2272/4034/3550 2287/4037/3553
f 2287/4037/3553 2272/4034/3550 2271/4038/3554
f 2287/4037/3553 2271/4038/3554 2282/4039/3555
f 2265/4040/3556 2264/4041/3557 2266/4027/3543
f 2266/4027/3543 2264/4041/3557 2263/4028/3544
f 2287/4037/3553 2282/4039/3555 2288/4042/3558
f 2288/4042/3558 2282/4039/3555 2281/4043/3559
f 2288/4042/3558 2281/4043/3559 2280/4044/3560
f 2279/4045/3561 2290/4046/3562 2280/4044/3560
f 2280/4044/3560 2290/4046/3562 2289/4047/3563
f 2280/4044/3560 2289/4047/3563 2288/4042/3558
f 2297/4032/3548 2308/4048/3564 2313/4030/3546
f 2313/4030/3546 2308/4048/3564 2307/4049/3565
f 2313/4030/3546 2307/4049/3565 2306/4050/3566
f 2306/4050/3566 2305/4051/3567 2313/4030/3546
f 2313/4030/3546 2305/4051/3567 2314/4052/3568
f 2314/4052/3568 2305/4051/3567 2316/4053/3569
f 2314/4052/3568 2316/4053/3569 2315/4054/3570
f 2313/4030/3546 2321/4017/3533 2261/4016/3532
f 2326/4026/3542 2325/4055/3571 2428/4024/3540
f 2428/4024/3540 2325/4055/3571 2429/4056/3572
f 2429/4056/3572 2325/4055/3571 2336/4057/3573
f 2429/4056/3572 2336/4057/3573 2335/4058/3574
f 2429/4056/3572 2335/4058/3574 2430/4059/3575
f 2430/4059/3575 2335/4058/3574 2334/4060/3576
f 2430/4059/3575 2334/4060/3576 2333/4061/3577
f 2430/4059/3575 2333/4061/3577 2419/4062/3578
f 2419/4062/3578 2333/4061/3577 2344/4063/3579
f 2419/4062/3578 2344/4063/3579 2420/4064/3580
f 2420/4064/3580 2344/4063/3579 2343/4065/3581
f 2420/4064/3580 2343/4065/3581 2342/4066/3582
f 2420/4064/3580 2342/4066/3582 2421/4067/3583
f 2421/4067/3583 2342/4066/3582 2341/4068/3584
f 2421/4067/3583 2341/4068/3584 2422/4069/3585
f 2422/4069/3585 2341/4068/3584 2352/4070/3586
f 2422/4069/3585 2352/4070/3586 2411/4071/3587
f 2411/4071/3587 2352/4070/3586 2351/4072/3588
f 2411/4071/3587 2351/4072/3588 2350/4073/3589
f 2411/4071/3587 2350/4073/3589 2412/4074/3590
f 2412/4074/3590 2350/4073/3589 2349/4075/3591
f 2412/4074/3590 2349/4075/3591 2360/4076/3592
f 2412/4074/3590 2360/4076/3592 2413/4077/3593
f 2413/4077/3593 2360/4076/3592 2359/4078/3594
f 2413/4077/3593 2359/4078/3594 2358/4079/3595
f 2358/4079/3595 2357/4080/3596 2413/4077/3593
f 2413/4077/3593 2357/4080/3596 2368/4081/3597
f 2413/4077/3593 2368/4081/3597 2414/4082/3598
f 2414/4082/3598 2368/4081/3597 2367/4083/3599
f 2414/4082/3598 2367/4083/3599 2366/4084/3600
f 2366/4084/3600 2365/4085/3601 2414/4082/3598
f 2414/4082/3598 2365/4085/3601 2409/4086/3602
f 2409/4086/3602 2365/4085/3601 2373/4087/3603
f 2409/4086/3602 2373/4087/3603 2383/4088/3604
f 2383/4088/3604 2373/4087/3603 2384/4089/3605
f 2384/4089/3605 2373/4087/3603 2385/4090/3606
f 2385/4090/3606 2373/4087/3603 2386/4091/3607
f 2386/4091/3607 2373/4087/3603 2378/4092/3608
f 2386/4091/3607 2378/4092/3608 2376/4093/3609
f 2376/4093/3609 2378/4092/3608 2377/4094/3610
f 2376/4093/3609 2375/4095/3611 2386/4091/3607
f 2383/4088/3604 2391/4096/3612 2409/4086/3602
f 2409/4086/3602 2391/4096/3612 2401/4097/3613
f 2401/4097/3613 2391/4096/3612 2396/4098/3614
f 2401/4097/3613 2396/4098/3614 2395/4099/3615
f 2395/4099/3615 2394/4100/3616 2401/4097/3613
f 2401/4097/3613 2394/4100/3616 2402/4101/3617
f 2402/4101/3617 2394/4100/3616 2403/4102/3618
f 2403/4102/3618 2394/4100/3616 2404/4103/3619
f 2404/4103/3619 2394/4100/3616 2393/4104/3620
g Body96

v 1.797810 0.000000 0.359498
v 1.787839 0.000000 0.351001
v 1.782565 0.000000 0.347425
v 1.776948 0.000000 0.344654
v 1.764632 0.000000 0.341645
v 1.751506 0.000000 0.340530
v 1.751506 -0.100000 0.340530
v 1.764632 -0.100000 0.341645
v 1.776948 -0.100000 0.344654
v 1.782565 -0.100000 0.347425
v 1.787839 -0.100000 0.351001
v 1.797810 -0.100000 0.359498
v 1.813431 0.000000 0.425049
v 1.813019 0.000000 0.407729
v 1.810890 0.000000 0.390867
v 1.808648 0.000000 0.382750
v 1.805534 0.000000 0.374867
v 1.805534 -0.100000 0.374867
v 1.808648 -0.100000 0.382750
v 1.810890 -0.100000 0.390867
v 1.813019 -0.100000 0.407729
v 1.813431 -0.100000 0.425049
v 1.797532 0.000000 0.486974
v 1.805382 0.000000 0.472607
v 1.808549 0.000000 0.465206
v 1.810832 0.000000 0.457550
v 1.813004 0.000000 0.441550
v 1.813004 -0.100000 0.441550
v 1.810832 -0.100000 0.457550
v 1.808549 -0.100000 0.465206
v 1.805382 -0.100000 0.472607
v 1.797532 -0.100000 0.486974
v 1.750948 0.000000 0.505105
v 1.764032 0.000000 0.504092
v 1.776370 0.000000 0.501253
v 1.782038 0.000000 0.498607
v 1.787382 0.000000 0.495170
v 1.787382 -0.100000 0.495170
v 1.782038 -0.100000 0.498607
v 1.776370 -0.100000 0.501253
v 1.764032 -0.100000 0.504092
v 1.750948 -0.100000 0.505105
v 1.703808 0.000000 0.485579
v 1.714041 0.000000 0.494117
v 1.725145 0.000000 0.500603
v 1.737644 0.000000 0.503804
v 1.737644 -0.100000 0.503804
v 1.725145 -0.100000 0.500603
v 1.714041 -0.100000 0.494117
v 1.703808 -0.100000 0.485579
v 1.686792 0.000000 0.422817
v 1.687372 0.000000 0.439604
v 1.689780 0.000000 0.455845
v 1.692235 0.000000 0.463593
v 1.695586 0.000000 0.471073
v 1.695586 -0.100000 0.471073
v 1.692235 -0.100000 0.463593
v 1.689780 -0.100000 0.455845
v 1.687372 -0.100000 0.439604
v 1.686792 -0.100000 0.422817
v 1.702971 0.000000 0.358940
v 1.694972 0.000000 0.373787
v 1.691747 0.000000 0.381430
v 1.689425 0.000000 0.389330
v 1.687220 0.000000 0.405821
v 1.687220 -0.100000 0.405821
v 1.689425 -0.100000 0.389330
v 1.691747 -0.100000 0.381430
v 1.694972 -0.100000 0.373787
v 1.702971 -0.100000 0.358940
v 1.737948 0.000000 0.341554
v 1.725128 0.000000 0.344434
v 1.713621 0.000000 0.350612
v 1.713621 -0.100000 0.350612
v 1.725128 -0.100000 0.344434
v 1.737948 -0.100000 0.341554
v 1.637420 0.000000 0.310404
v 1.662649 0.000000 0.293640
v 1.675729 0.000000 0.286588
v 1.689365 0.000000 0.281129
v 1.703632 0.000000 0.277469
v 1.718388 0.000000 0.275210
v 1.748717 0.000000 0.273027
v 1.748717 -0.100000 0.273027
v 1.718388 -0.100000 0.275210
v 1.703632 -0.100000 0.277469
v 1.689365 -0.100000 0.281129
v 1.675729 -0.100000 0.286588
v 1.662649 -0.100000 0.293640
v 1.637420 -0.100000 0.310404
v 1.596416 0.000000 0.421702
v 1.598610 0.000000 0.390747
v 1.601007 0.000000 0.375775
v 1.604964 0.000000 0.361409
v 1.610942 0.000000 0.347828
v 1.618749 0.000000 0.334957
v 1.618749 -0.100000 0.334957
v 1.610942 -0.100000 0.347828
v 1.604964 -0.100000 0.361409
v 1.601007 -0.100000 0.375775
v 1.598610 -0.100000 0.390747
v 1.596416 -0.100000 0.421702
v 1.638815 0.000000 0.534951
v 1.619461 0.000000 0.510102
v 1.611378 0.000000 0.497047
v 1.605198 0.000000 0.483239
v 1.601116 0.000000 0.468601
v 1.598651 0.000000 0.453323
v 1.598651 -0.100000 0.453323
v 1.601116 -0.100000 0.468601
v 1.605198 -0.100000 0.483239
v 1.611378 -0.100000 0.497047
v 1.619461 -0.100000 0.510102
v 1.638815 -0.100000 0.534951
v 1.752622 0.000000 0.572608
v 1.721707 0.000000 0.570362
v 1.706652 0.000000 0.568067
v 1.692080 0.000000 0.564367
v 1.678127 0.000000 0.558865
v 1.664720 0.000000 0.551776
v 1.664720 -0.100000 0.551776
v 1.678127 -0.100000 0.558865
v 1.692080 -0.100000 0.564367
v 1.706652 -0.100000 0.568067
v 1.721707 -0.100000 0.570362
v 1.752622 -0.100000 0.572608
v 1.862524 0.000000 0.535509
v 1.837588 0.000000 0.552041
v 1.824668 0.000000 0.559013
v 1.811205 0.000000 0.564435
v 1.797123 0.000000 0.568090
v 1.782558 0.000000 0.570363
v 1.782558 -0.100000 0.570363
v 1.797123 -0.100000 0.568090
v 1.811205 -0.100000 0.564435
v 1.824668 -0.100000 0.559013
v 1.837588 -0.100000 0.552041
v 1.862524 -0.100000 0.535509
v 1.903808 0.000000 0.426722
v 1.901517 0.000000 0.457119
v 1.899070 0.000000 0.471798
v 1.895063 0.000000 0.485856
v 1.889040 0.000000 0.499111
v 1.881208 0.000000 0.511645
v 1.881208 -0.100000 0.511645
v 1.889040 -0.100000 0.499111
v 1.895063 -0.100000 0.485856
v 1.899070 -0.100000 0.471798
v 1.901517 -0.100000 0.457119
v 1.903808 -0.100000 0.426722
v 1.862524 0.000000 0.312357
v 1.881251 0.000000 0.337759
v 1.889094 0.000000 0.351037
v 1.895115 0.000000 0.365006
v 1.899114 0.000000 0.379742
v 1.901547 0.000000 0.395072
v 1.901547 -0.100000 0.395072
v 1.899114 -0.100000 0.379742
v 1.895115 -0.100000 0.365006
v 1.889094 -0.100000 0.351037
v 1.881251 -0.100000 0.337759
v 1.862524 -0.100000 0.312357
v 1.779891 0.000000 0.275306
v 1.795035 0.000000 0.277676
v 1.809647 0.000000 0.281522
v 1.823574 0.000000 0.287265
v 1.836895 0.000000 0.294692
v 1.836895 -0.100000 0.294692
v 1.823574 -0.100000 0.287265
v 1.809647 -0.100000 0.281522
v 1.795035 -0.100000 0.277676
v 1.779891 -0.100000 0.275306
vt -0.050055 0.000000 0.000000
vt -0.037541 0.000000 0.000000
vt -0.050055 0.100000 0.000000
vt -0.037541 0.100000 0.000000
vt -0.031284 0.000000 0.000000
vt -0.031284 0.100000 0.000000
vt -0.025028 0.000000 0.000000
vt -0.025028 0.100000 0.000000
vt -0.012514 0.000000 0.000000
vt -0.012514 0.100000 0.000000
vt 0.000000 0.000000 0.000000
vt 0.000000 0.100000 0.000000
vt -0.067438 0.000000 0.000000
vt -0.050578 0.000000 0.000000
vt -0.067438 0.100000 0.000000
vt -0.050578 0.100000 0.000000
vt -0.033719 0.000000 0.000000
vt -0.033719 0.100000 0.000000
vt -0.025289 0.000000 0.000000
vt -0.025289 0.100000 0.000000
vt -0.016859 0.000000 0.000000
vt -0.016859 0.100000 0.000000
vt 0.000000 0.000000 0.000000
vt 0.000000 0.100000 0.000000
vt -0.063993 0.000000 0.000000
vt -0.047995 0.000000 0.000000
vt -0.063993 0.100000 0.000000
vt -0.047995 0.100000 0.000000
vt -0.039996 0.000000 0.000000
vt -0.039996 0.100000 0.000000
vt -0.031997 0.000000 0.000000
vt -0.031997 0.100000 0.000000
vt -0.015998 0.000000 0.000000
vt -0.015998 0.100000 0.000000
vt 0.000000 0.000000 0.000000
vt 0.000000 0.100000 0.000000
vt -0.050003 0.000000 0.000000
vt -0.037502 0.000000 0.000000
vt -0.050003 0.100000 0.000000
vt -0.037502 0.100000 0.000000
vt -0.025002 0.000000 0.000000
vt -0.025002 0.100000 0.000000
vt -0.018751 0.000000 0.000000
vt -0.018751 0.100000 0.000000
vt -0.012501 0.000000 0.000000
vt -0.012501 0.100000 0.000000
vt 0.000000 0.000000 0.000000
vt 0.000000 0.100000 0.000000
vt -0.051031 0.000000 0.000000
vt -0.038273 0.000000 0.000000
vt -0.051031 0.100000 0.000000
vt -0.038273 0.100000 0.000000
vt -0.025516 0.000000 0.000000
vt -0.025516 0.100000 0.000000
vt -0.012758 0.000000 0.000000
vt -0.012758 0.100000 0.000000
vt 0.000000 0.000000 0.000000
vt 0.000000 0.100000 0.000000
vt -0.065073 0.000000 0.000000
vt -0.048804 0.000000 0.000000
vt -0.065073 0.100000 0.000000
vt -0.048804 0.100000 0.000000
vt -0.032536 0.000000 0.000000
vt -0.032536 0.100000 0.000000
vt -0.024402 0.000000 0.000000
vt -0.024402 0.100000 0.000000
vt -0.016268 0.000000 0.000000
vt -0.016268 0.100000 0.000000
vt 0.000000 0.000000 0.000000
vt 0.000000 0.100000 0.000000
vt -0.065956 0.000000 0.000000
vt -0.049467 0.000000 0.000000
vt -0.065956 0.100000 0.000000
vt -0.049467 0.100000 0.000000
vt -0.041222 0.000000 0.000000
vt -0.041222 0.100000 0.000000
vt -0.032978 0.000000 0.000000
vt -0.032978 0.100000 0.000000
vt -0.016489 0.000000 0.000000
vt -0.016489 0.100000 0.000000
vt 0.000000 0.000000 0.000000
vt 0.000000 0.100000 0.000000
vt -0.051926 0.000000 0.000000
vt -0.038945 0.000000 0.000000
vt -0.051926 0.100000 0.000000
vt -0.038945 0.100000 0.000000
vt -0.025963 0.000000 0.000000
vt -0.025963 0.100000 0.000000
vt -0.012982 0.000000 0.000000
vt -0.012982 0.100000 0.000000
vt 0.000000 0.000000 0.000000
vt 0.000000 0.100000 0.000000
vt -0.117431 0.000000 0.000000
vt -0.088074 0.000000 0.000000
vt -0.117431 0.100000 0.000000
vt -0.088074 0.100000 0.000000
vt -0.073395 0.000000 0.000000
vt -0.073395 0.100000 0.000000
vt -0.058716 0.000000 0.000000
vt -0.058716 0.100000 0.000000
vt -0.044037 0.000000 0.000000
vt -0.044037 0.100000 0.000000
vt -0.029358 0.000000 0.000000
vt -0.029358 0.100000 0.000000
vt 0.000000 0.000000 0.000000
vt 0.000000 0.100000 0.000000
vt -0.118655 0.000000 0.000000
vt -0.088991 0.000000 0.000000
vt -0.118655 0.100000 0.000000
vt -0.088991 0.100000 0.000000
vt -0.074160 0.000000 0.000000
vt -0.074160 0.100000 0.000000
vt -0.059328 0.000000 0.000000
vt -0.059328 0.100000 0.000000
vt -0.044496 0.000000 0.000000
vt -0.044496 0.100000 0.000000
vt -0.029664 0.000000 0.000000
vt -0.029664 0.100000 0.000000
vt 0.000000 0.000000 0.000000
vt 0.000000 0.100000 0.000000
vt -0.120981 0.000000 0.000000
vt -0.090736 0.000000 0.000000
vt -0.120981 0.100000 0.000000
vt -0.090736 0.100000 0.000000
vt -0.075613 0.000000 0.000000
vt -0.075613 0.100000 0.000000
vt -0.060491 0.000000 0.000000
vt -0.060491 0.100000 0.000000
vt -0.045368 0.000000 0.000000
vt -0.045368 0.100000 0.000000
vt -0.030245 0.000000 0.000000
vt -0.030245 0.100000 0.000000
vt 0.000000 0.000000 0.000000
vt 0.000000 0.100000 0.000000
vt -0.119895 0.000000 0.000000
vt -0.089922 0.000000 0.000000
vt -0.119895 0.100000 0.000000
vt -0.089922 0.100000 0.000000
vt -0.074935 0.000000 0.000000
vt -0.074935 0.100000 0.000000
vt -0.059948 0.000000 0.000000
vt -0.059948 0.100000 0.000000
vt -0.044961 0.000000 0.000000
vt -0.044961 0.100000 0.000000
vt -0.029974 0.000000 0.000000
vt -0.029974 0.100000 0.000000
vt 0.000000 0.000000 0.000000
vt 0.000000 0.100000 0.000000
vt -0.116015 0.000000 0.000000
vt -0.087012 0.000000 0.000000
vt -0.116015 0.100000 0.000000
vt -0.087012 0.100000 0.000000
vt -0.072510 0.000000 0.000000
vt -0.072510 0.100000 0.000000
vt -0.058008 0.000000 0.000000
vt -0.058008 0.100000 0.000000
vt -0.043506 0.000000 0.000000
vt -0.043506 0.100000 0.000000
vt -0.029004 0.000000 0.000000
vt -0.029004 0.100000 0.000000
vt 0.000000 0.000000 0.000000
vt 0.000000 0.100000 0.000000
vt -0.116396 0.000000 0.000000
vt -0.087297 0.000000 0.000000
vt -0.116396 0.100000 0.000000
vt -0.087297 0.100000 0.000000
vt -0.072747 0.000000 0.000000
vt -0.072747 0.100000 0.000000
vt -0.058198 0.000000 0.000000
vt -0.058198 0.100000 0.000000
vt -0.043648 0.000000 0.000000
vt -0.043648 0.100000 0.000000
vt -0.029099 0.000000 0.000000
vt -0.029099 0.100000 0.000000
vt 0.000000 0.000000 0.000000
vt 0.000000 0.100000 0.000000
vt -0.121632 0.000000 0.000000
vt -0.091224 0.000000 0.000000
vt -0.121632 0.100000 0.000000
vt -0.091224 0.100000 0.000000
vt -0.076020 0.000000 0.000000
vt -0.076020 0.100000 0.000000
vt -0.060816 0.000000 0.000000
vt -0.060816 0.100000 0.000000
vt -0.045612 0.000000 0.000000
vt -0.045612 0.100000 0.000000
vt -0.030408 0.000000 0.000000
vt -0.030408 0.100000 0.000000
vt 0.000000 0.000000 0.000000
vt 0.000000 0.100000 0.000000
vt -0.120438 0.000000 0.000000
vt -0.090329 0.000000 0.000000
vt -0.120438 0.100000 0.000000
vt -0.090329 0.100000 0.000000
vt -0.075274 0.000000 0.000000
vt -0.075274 0.100000 0.000000
vt -0.060219 0.000000 0.000000
vt -0.060219 0.100000 0.000000
vt -0.045164 0.000000 0.000000
vt -0.045164 0.100000 0.000000
vt -0.030110 0.000000 0.000000
vt -0.030110 0.100000 0.000000
vt 0.000000 0.000000 0.000000
vt 0.000000 0.100000 0.000000
vt 0.189776 -0.153090 0.000000
vt 0.174516 -0.086751 0.000000
vt 0.158602 -0.155370 0.000000
vt 0.161391 -0.087866 0.000000
vt 0.147832 -0.086842 0.000000
vt 0.186833 -0.083742 0.000000
vt 0.204919 -0.150720 0.000000
vt 0.219531 -0.146875 0.000000
vt 0.192450 -0.080972 0.000000
vt 0.233459 -0.141131 0.000000
vt 0.197723 -0.077395 0.000000
vt 0.246780 -0.133704 0.000000
vt 0.207695 -0.068898 0.000000
vt 0.272409 -0.116039 0.000000
vt 0.291136 -0.090637 0.000000
vt 0.298978 -0.077359 0.000000
vt 0.218533 -0.045646 0.000000
vt 0.215419 -0.053530 0.000000
vt 0.305000 -0.063391 0.000000
vt 0.220775 -0.037529 0.000000
vt 0.308998 -0.048654 0.000000
vt 0.222904 -0.020667 0.000000
vt 0.311432 -0.033324 0.000000
vt 0.313692 -0.001674 0.000000
vt 0.311401 0.028723 0.000000
vt 0.222889 0.013154 0.000000
vt 0.223316 -0.003347 0.000000
vt 0.220717 0.029154 0.000000
vt 0.308955 0.043402 0.000000
vt 0.304948 0.057460 0.000000
vt 0.218434 0.036809 0.000000
vt 0.298924 0.070715 0.000000
vt 0.291093 0.083249 0.000000
vt 0.272409 0.107113 0.000000
vt 0.207416 0.058577 0.000000
vt 0.215266 0.044211 0.000000
vt 0.247473 0.123645 0.000000
vt 0.197267 0.066774 0.000000
vt 0.234552 0.130617 0.000000
vt 0.191922 0.070211 0.000000
vt 0.221089 0.136039 0.000000
vt 0.186254 0.072857 0.000000
vt 0.207008 0.139694 0.000000
vt 0.192442 0.141967 0.000000
vt 0.173917 0.075696 0.000000
vt 0.162507 0.144212 0.000000
vt 0.160833 0.076709 0.000000
vt 0.147528 0.075408 0.000000
vt 0.131592 0.141965 0.000000
vt 0.135030 0.072207 0.000000
vt 0.116537 0.139671 0.000000
vt 0.101965 0.135971 0.000000
vt 0.123926 0.065721 0.000000
vt 0.088012 0.130469 0.000000
vt 0.074605 0.123380 0.000000
vt 0.113692 0.057183 0.000000
vt 0.048699 0.106555 0.000000
vt 0.105471 0.042677 0.000000
vt 0.029346 0.081706 0.000000
vt 0.102120 0.035197 0.000000
vt 0.021262 0.068651 0.000000
vt 0.015083 0.054843 0.000000
vt 0.099665 0.027449 0.000000
vt 0.011001 0.040205 0.000000
vt 0.008536 0.024927 0.000000
vt 0.097256 0.011208 0.000000
vt 0.006300 -0.006695 0.000000
vt 0.096677 -0.005579 0.000000
vt 0.097104 -0.022575 0.000000
vt 0.008495 -0.037649 0.000000
vt 0.099310 -0.039067 0.000000
vt 0.010892 -0.052621 0.000000
vt 0.014848 -0.066987 0.000000
vt 0.101632 -0.046966 0.000000
vt 0.020827 -0.080568 0.000000
vt 0.028633 -0.093439 0.000000
vt 0.047305 -0.117992 0.000000
vt 0.112855 -0.069456 0.000000
vt 0.104857 -0.054609 0.000000
vt 0.072534 -0.134756 0.000000
vt 0.123506 -0.077784 0.000000
vt 0.085613 -0.141808 0.000000
vt 0.099250 -0.147267 0.000000
vt 0.135013 -0.083962 0.000000
vt 0.113516 -0.150927 0.000000
vt 0.128273 -0.153186 0.000000
vt -0.291136 -0.090637 0.000000
vt -0.272409 -0.116039 0.000000
vt -0.207695 -0.068898 0.000000
vt -0.246780 -0.133704 0.000000
vt -0.197723 -0.077395 0.000000
vt -0.233459 -0.141131 0.000000
vt -0.192450 -0.080972 0.000000
vt -0.219531 -0.146875 0.000000
vt -0.186833 -0.083742 0.000000
vt -0.204919 -0.150720 0.000000
vt -0.189776 -0.153090 0.000000
vt -0.174516 -0.086751 0.000000
vt -0.158602 -0.155370 0.000000
vt -0.161391 -0.087866 0.000000
vt -0.147832 -0.086842 0.000000
vt -0.128273 -0.153186 0.000000
vt -0.135013 -0.083962 0.000000
vt -0.113516 -0.150927 0.000000
vt -0.099250 -0.147267 0.000000
vt -0.123506 -0.077784 0.000000
vt -0.085613 -0.141808 0.000000
vt -0.072534 -0.134756 0.000000
vt -0.112855 -0.069456 0.000000
vt -0.047305 -0.117992 0.000000
vt -0.028633 -0.093439 0.000000
vt -0.020827 -0.080568 0.000000
vt -0.101632 -0.046966 0.000000
vt -0.104857 -0.054609 0.000000
vt -0.014848 -0.066987 0.000000
vt -0.099310 -0.039067 0.000000
vt -0.010892 -0.052621 0.000000
vt -0.008495 -0.037649 0.000000
vt -0.097104 -0.022575 0.000000
vt -0.006300 -0.006695 0.000000
vt -0.096677 -0.005579 0.000000
vt -0.097256 0.011208 0.000000
vt -0.008536 0.024927 0.000000
vt -0.099665 0.027449 0.000000
vt -0.011001 0.040205 0.000000
vt -0.015083 0.054843 0.000000
vt -0.102120 0.035197 0.000000
vt -0.021262 0.068651 0.000000
vt -0.029346 0.081706 0.000000
vt -0.105471 0.042677 0.000000
vt -0.048699 0.106555 0.000000
vt -0.113692 0.057183 0.000000
vt -0.074605 0.123380 0.000000
vt -0.123926 0.065721 0.000000
vt -0.088012 0.130469 0.000000
vt -0.101965 0.135971 0.000000
vt -0.135030 0.072207 0.000000
vt -0.116537 0.139671 0.000000
vt -0.131592 0.141965 0.000000
vt -0.147528 0.075408 0.000000
vt -0.162507 0.144212 0.000000
vt -0.160833 0.076709 0.000000
vt -0.173917 0.075696 0.000000
vt -0.192442 0.141967 0.000000
vt -0.186254 0.072857 0.000000
vt -0.207008 0.139694 0.000000
vt -0.221089 0.136039 0.000000
vt -0.191922 0.070211 0.000000
vt -0.234552 0.130617 0.000000
vt -0.197267 0.066774 0.000000
vt -0.247473 0.123645 0.000000
vt -0.207416 0.058577 0.000000
vt -0.272409 0.107113 0.000000
vt -0.291093 0.083249 0.000000
vt -0.298924 0.070715 0.000000
vt -0.218434 0.036809 0.000000
vt -0.215266 0.044211 0.000000
vt -0.304948 0.057460 0.000000
vt -0.220717 0.029154 0.000000
vt -0.308955 0.043402 0.000000
vt -0.311401 0.028723 0.000000
vt -0.222889 0.013154 0.000000
vt -0.313692 -0.001674 0.000000
vt -0.223316 -0.003347 0.000000
vt -0.222904 -0.020667 0.000000
vt -0.311432 -0.033324 0.000000
vt -0.308998 -0.048654 0.000000
vt -0.220775 -0.037529 0.000000
vt -0.305000 -0.063391 0.000000
vt -0.218533 -0.045646 0.000000
vt -0.298978 -0.077359 0.000000
vt -0.215419 -0.053530 0.000000
vn -0.669757 0.000000 0.742580
vn -0.603535 0.000000 0.797337
vn -0.669757 0.000000 0.742580
vn -0.603535 0.000000 0.797337
vn -0.510039 0.000000 0.860151
vn -0.510039 0.000000 0.860151
vn -0.366467 0.000000 0.930431
vn -0.366467 0.000000 0.930431
vn -0.134608 0.000000 0.990899
vn -0.134608 0.000000 0.990899
vn -0.060217 0.000000 0.998185
vn -0.060217 0.000000 0.998185
vn -0.999974 0.000000 0.007229
vn -0.998360 0.000000 0.057245
vn -0.999974 0.000000 0.007229
vn -0.998360 0.000000 0.057245
vn -0.977451 0.000000 0.211161
vn -0.977451 0.000000 0.211161
vn -0.946807 0.000000 0.321803
vn -0.946807 0.000000 0.321803
vn -0.913786 0.000000 0.406195
vn -0.913786 0.000000 0.406195
vn -0.882781 0.000000 0.469786
vn -0.882781 0.000000 0.469786
vn -0.865320 -0.000000 -0.501221
vn -0.900687 -0.000000 -0.434469
vn -0.865320 -0.000000 -0.501221
vn -0.900687 -0.000000 -0.434469
vn -0.938586 -0.000000 -0.345044
vn -0.938586 -0.000000 -0.345044
vn -0.973962 -0.000000 -0.226712
vn -0.973962 -0.000000 -0.226712
vn -0.998099 -0.000000 -0.061634
vn -0.998099 -0.000000 -0.061634
vn -0.999966 -0.000000 -0.008194
vn -0.999966 -0.000000 -0.008194
vn -0.053557 -0.000000 -0.998565
vn -0.125331 -0.000000 -0.992115
vn -0.053557 -0.000000 -0.998565
vn -0.125331 -0.000000 -0.992115
vn -0.348799 -0.000000 -0.937198
vn -0.348799 -0.000000 -0.937198
vn -0.489918 -0.000000 -0.871769
vn -0.489918 -0.000000 -0.871769
vn -0.583103 -0.000000 -0.812398
vn -0.583103 -0.000000 -0.812398
vn -0.649625 -0.000000 -0.760255
vn -0.649625 -0.000000 -0.760255
vn 0.660770 0.000000 -0.750588
vn 0.598116 0.000000 -0.801410
vn 0.660770 0.000000 -0.750588
vn 0.598116 0.000000 -0.801410
vn 0.375134 0.000000 -0.926971
vn 0.375134 0.000000 -0.926971
vn 0.146749 0.000000 -0.989174
vn 0.146749 0.000000 -0.989174
vn 0.072974 0.000000 -0.997334
vn 0.072974 0.000000 -0.997334
vn 0.999868 0.000000 -0.016254
vn 0.997446 0.000000 -0.071427
vn 0.999868 0.000000 -0.016254
vn 0.997446 0.000000 -0.071427
vn 0.970334 0.000000 -0.241768
vn 0.970334 0.000000 -0.241768
vn 0.932437 0.000000 -0.361331
vn 0.932437 0.000000 -0.361331
vn 0.893530 0.000000 -0.449003
vn 0.893530 0.000000 -0.449003
vn 0.857599 0.000000 -0.514319
vn 0.857599 0.000000 -0.514319
vn 0.868392 0.000000 0.495878
vn 0.903059 0.000000 0.429516
vn 0.868392 0.000000 0.495878
vn 0.903059 0.000000 0.429516
vn 0.940153 0.000000 0.340751
vn 0.940153 0.000000 0.340751
vn 0.974670 0.000000 0.223647
vn 0.974670 0.000000 0.223647
vn 0.998168 0.000000 0.060508
vn 0.998168 0.000000 0.060508
vn 0.999971 0.000000 0.007665
vn 0.999971 0.000000 0.007665
vn 0.052186 0.000000 0.998637
vn 0.122465 0.000000 0.992473
vn 0.052186 0.000000 0.998637
vn 0.122465 0.000000 0.992473
vn 0.340915 0.000000 0.940094
vn 0.340915 0.000000 0.940094
vn 0.571219 0.000000 0.820798
vn 0.571219 0.000000 0.820798
vn 0.637188 0.000000 0.770708
vn 0.637188 0.000000 0.770708
vn -0.573168 -0.000000 -0.819438
vn -0.512297 -0.000000 -0.858808
vn -0.573168 -0.000000 -0.819438
vn -0.512297 -0.000000 -0.858808
vn -0.429738 -0.000000 -0.902954
vn -0.429738 -0.000000 -0.902954
vn -0.307603 -0.000000 -0.951515
vn -0.307603 -0.000000 -0.951515
vn -0.194408 -0.000000 -0.980921
vn -0.194408 -0.000000 -0.980921
vn -0.113950 -0.000000 -0.993486
vn -0.113950 -0.000000 -0.993486
vn -0.051050 -0.000000 -0.998696
vn -0.051050 -0.000000 -0.998696
vn -0.998846 -0.000000 -0.048020
vn -0.993141 -0.000000 -0.116922
vn -0.998846 -0.000000 -0.048020
vn -0.993141 -0.000000 -0.116922
vn -0.978618 -0.000000 -0.205686
vn -0.978618 -0.000000 -0.205686
vn -0.943617 -0.000000 -0.331038
vn -0.943617 -0.000000 -0.331038
vn -0.883520 -0.000000 -0.468393
vn -0.883520 -0.000000 -0.468393
vn -0.828249 -0.000000 -0.560360
vn -0.828249 -0.000000 -0.560360
vn -0.779335 -0.000000 -0.626608
vn -0.779335 -0.000000 -0.626608
vn -0.771693 0.000000 0.635995
vn -0.822412 0.000000 0.568892
vn -0.771693 0.000000 0.635995
vn -0.822412 0.000000 0.568892
vn -0.879820 0.000000 0.475307
vn -0.879820 0.000000 0.475307
vn -0.942128 0.000000 0.335254
vn -0.942128 0.000000 0.335254
vn -0.978192 0.000000 0.207704
vn -0.978192 0.000000 0.207704
vn -0.993078 0.000000 0.117453
vn -0.993078 0.000000 0.117453
vn -0.998872 0.000000 0.047493
vn -0.998872 0.000000 0.047493
vn -0.052031 0.000000 0.998645
vn -0.113926 0.000000 0.993489
vn -0.052031 0.000000 0.998645
vn -0.113926 0.000000 0.993489
vn -0.193007 0.000000 0.981197
vn -0.193007 0.000000 0.981197
vn -0.304189 0.000000 0.952612
vn -0.304189 0.000000 0.952612
vn -0.423560 0.000000 0.905868
vn -0.423560 0.000000 0.905868
vn -0.504318 0.000000 0.863518
vn -0.504318 0.000000 0.863518
vn -0.564079 0.000000 0.825721
vn -0.564079 0.000000 0.825721
vn 0.572023 0.000000 0.820238
vn 0.512026 0.000000 0.858970
vn 0.572023 0.000000 0.820238
vn 0.512026 0.000000 0.858970
vn 0.430761 0.000000 0.902466
vn 0.430761 0.000000 0.902466
vn 0.310183 0.000000 0.950677
vn 0.310183 0.000000 0.950677
vn 0.197235 0.000000 0.980356
vn 0.197235 0.000000 0.980356
vn 0.116886 0.000000 0.993145
vn 0.116886 0.000000 0.993145
vn 0.054030 0.000000 0.998539
vn 0.054030 0.000000 0.998539
vn 0.998647 0.000000 0.052006
vn 0.992489 0.000000 0.122334
vn 0.998647 0.000000 0.052006
vn 0.992489 0.000000 0.122334
vn 0.977052 0.000000 0.212999
vn 0.977052 0.000000 0.212999
vn 0.940075 0.000000 0.340969
vn 0.940075 0.000000 0.340969
vn 0.877499 0.000000 0.479578
vn 0.877499 0.000000 0.479578
vn 0.820519 0.000000 0.571619
vn 0.820519 0.000000 0.571619
vn 0.770309 0.000000 0.637671
vn 0.770309 0.000000 0.637671
vn 0.789030 0.000000 -0.614355
vn 0.835602 0.000000 -0.549336
vn 0.789030 0.000000 -0.614355
vn 0.835602 0.000000 -0.549336
vn 0.888126 0.000000 -0.459599
vn 0.888126 0.000000 -0.459599
vn 0.945417 0.000000 -0.325863
vn 0.945417 0.000000 -0.325863
vn 0.979107 0.000000 -0.203347
vn 0.979107 0.000000 -0.203347
vn 0.993190 0.000000 -0.116503
vn 0.993190 0.000000 -0.116503
vn 0.998800 0.000000 -0.048971
vn 0.998800 0.000000 -0.048971
vn 0.051635 0.000000 -0.998666
vn 0.116195 0.000000 -0.993226
vn 0.051635 0.000000 -0.998666
vn 0.116195 0.000000 -0.993226
vn 0.198903 0.000000 -0.980019
vn 0.198903 0.000000 -0.980019
vn 0.315328 0.000000 -0.948983
vn 0.315328 0.000000 -0.948983
vn 0.440956 0.000000 -0.897529
vn 0.440956 0.000000 -0.897529
vn 0.525545 0.000000 -0.850766
vn 0.525545 0.000000 -0.850766
vn 0.587577 0.000000 -0.809168
vn 0.587577 0.000000 -0.809168
vn 0.000000 -1.000000 0.000000
vn 0.000000 -1.000000 0.000000
vn 0.000000 -1.000000 0.000000
vn 0.000000 -1.000000 0.000000
vn 0.000000 -1.000000 0.000000
vn 0.000000 -1.000000 0.000000
vn 0.000000 -1.000000 0.000000
vn 0.000000 -1.000000 0.000000
vn 0.000000 -1.000000 0.000000
vn 0.000000 -1.000000 0.000000
vn 0.000000 -1.000000 0.000000
vn 0.000000 -1.000000 0.000000
vn 0.000000 -1.000000 0.000000
vn 0.000000 -1.000000 0.000000
vn 0.000000 -1.000000 0.000000
vn 0.000000 -1.000000 0.000000
vn 0.000000 -1.000000 0.000000
vn 0.000000 -1.000000 0.000000
vn 0.000000 -1.000000 0.000000
vn 0.000000 -1.000000 0.000000
vn 0.000000 -1.000000 0.000000
vn 0.000000 -1.000000 0.000000
vn 0.000000 -1.000000 0.000000
vn 0.000000 -1.000000 0.000000
vn 0.000000 -1.000000 0.000000
vn 0.000000 -1.000000 0.000000
vn 0.000000 -1.000000 0.000000
vn 0.000000 -1.000000 0.000000
vn 0.000000 -1.000000 0.000000
vn 0.000000 -1.000000 0.000000
vn 0.000000 -1.000000 0.000000
vn 0.000000 -1.000000 0.000000
vn 0.000000 -1.000000 0.000000
vn 0.000000 -1.000000 0.000000
vn 0.000000 -1.000000 0.000000
vn 0.000000 -1.000000 0.000000
vn 0.000000 -1.000000 0.000000
vn 0.000000 -1.000000 0.000000
vn 0.000000 -1.000000 0.000000
vn 0.000000 -1.000000 0.000000
vn 0.000000 -1.000000 0.000000
vn 0.000000 -1.000000 0.000000
vn 0.000000 -1.000000 0.000000
vn 0.000000 -1.000000 0.000000
vn 0.000000 -1.000000 0.000000
vn 0.000000 -1.000000 0.000000
vn 0.000000 -1.000000 0.000000
vn 0.000000 -1.000000 0.000000
vn 0.000000 -1.000000 0.000000
vn 0.000000 -1.000000 0.000000
vn 0.000000 -1.000000 0.000000
vn 0.000000 -1.000000 0.000000
vn 0.000000 -1.000000 0.000000
vn 0.000000 -1.000000 0.000000
vn 0.000000 -1.000000 0.000000
vn 0.000000 -1.000000 0.000000
vn 0.000000 -1.000000 0.000000
vn 0.000000 -1.000000 0.000000
vn 0.000000 -1.000000 0.000000
vn 0.000000 -1.000000 0.000000
vn 0.000000 -1.000000 0.000000
vn 0.000000 -1.000000 0.000000
vn 0.000000 -1.000000 0.000000
vn 0.000000 -1.000000 0.000000
vn 0.000000 -1.000000 0.000000
vn 0.000000 -1.000000 0.000000
vn 0.000000 -1.000000 0.000000
vn 0.000000 -1.000000 0.000000
vn 0.000000 -1.000000 0.000000
vn 0.000000 -1.000000 0.000000
vn 0.000000 -1.000000 0.000000
vn 0.000000 -1.000000 0.000000
vn 0.000000 -1.000000 0.000000
vn 0.000000 -1.000000 0.000000
vn 0.000000 -1.000000 0.000000
vn 0.000000 -1.000000 0.000000
vn 0.000000 -1.000000 0.000000
vn 0.000000 -1.000000 0.000000
vn 0.000000 -1.000000 0.000000
vn 0.000000 -1.000000 0.000000
vn 0.000000 -1.000000 0.000000
vn 0.000000 -1.000000 0.000000
vn 0.000000 -1.000000 0.000000
vn 0.000000 -1.000000 0.000000
vn 0.000000 -1.000000 0.000000
vn 0.000000 -1.000000 0.000000
vn -0.000000 1.000000 -0.000000
vn -0.000000 1.000000 -0.000000
vn -0.000000 1.000000 -0.000000
vn -0.000000 1.000000 -0.000000
vn -0.000000 1.000000 -0.000000
vn -0.000000 1.000000 -0.000000
vn -0.000000 1.000000 -0.000000
vn -0.000000 1.000000 -0.000000
vn -0.000000 1.000000 -0.000000
vn -0.000000 1.000000 -0.000000
vn -0.000000 1.000000 -0.000000
vn -0.000000 1.000000 -0.000000
vn -0.000000 1.000000 -0.000000
vn -0.000000 1.000000 -0.000000
vn -0.000000 1.000000 -0.000000
vn -0.000000 1.000000 -0.000000
vn -0.000000 1.000000 -0.000000
vn -0.000000 1.000000 -0.000000
vn -0.000000 1.000000 -0.000000
vn -0.000000 1.000000 -0.000000
vn -0.000000 1.000000 -0.000000
vn -0.000000 1.000000 -0.000000
vn -0.000000 1.000000 -0.000000
vn -0.000000 1.000000 -0.000000
vn -0.000000 1.000000 -0.000000
vn -0.000000 1.000000 -0.000000
vn -0.000000 1.000000 -0.000000
vn -0.000000 1.000000 -0.000000
vn -0.000000 1.000000 -0.000000
vn -0.000000 1.000000 -0.000000
vn -0.000000 1.000000 -0.000000
vn -0.000000 1.000000 -0.000000
vn -0.000000 1.000000 -0.000000
vn -0.000000 1.000000 -0.000000
vn -0.000000 1.000000 -0.000000
vn -0.000000 1.000000 -0.000000
vn -0.000000 1.000000 -0.000000
vn -0.000000 1.000000 -0.000000
vn -0.000000 1.000000 -0.000000
vn -0.000000 1.000000 -0.000000
vn -0.000000 1.000000 -0.000000
vn -0.000000 1.000000 -0.000000
vn -0.000000 1.000000 -0.000000
vn -0.000000 1.000000 -0.000000
vn -0.000000 1.000000 -0.000000
vn -0.000000 1.000000 -0.000000
vn -0.000000 1.000000 -0.000000
vn -0.000000 1.000000 -0.000000
vn -0.000000 1.000000 -0.000000
vn -0.000000 1.000000 -0.000000
vn -0.000000 1.000000 -0.000000
vn -0.000000 1.000000 -0.000000
vn -0.000000 1.000000 -0.000000
vn -0.000000 1.000000 -0.000000
vn -0.000000 1.000000 -0.000000
vn -0.000000 1.000000 -0.000000
vn -0.000000 1.000000 -0.000000
vn -0.000000 1.000000 -0.000000
vn -0.000000 1.000000 -0.000000
vn -0.000000 1.000000 -0.000000
vn -0.000000 1.000000 -0.000000
vn -0.000000 1.000000 -0.000000
vn -0.000000 1.000000 -0.000000
vn -0.000000 1.000000 -0.000000
vn -0.000000 1.000000 -0.000000
vn -0.000000 1.000000 -0.000000
vn -0.000000 1.000000 -0.000000
vn -0.000000 1.000000 -0.000000
vn -0.000000 1.000000 -0.000000
vn -0.000000 1.000000 -0.000000
vn -0.000000 1.000000 -0.000000
vn -0.000000 1.000000 -0.000000
vn -0.000000 1.000000 -0.000000
vn -0.000000 1.000000 -0.000000
vn -0.000000 1.000000 -0.000000
vn -0.000000 1.000000 -0.000000
vn -0.000000 1.000000 -0.000000
vn -0.000000 1.000000 -0.000000
vn -0.000000 1.000000 -0.000000
vn -0.000000 1.000000 -0.000000
vn -0.000000 1.000000 -0.000000
vn -0.000000 1.000000 -0.000000
vn -0.000000 1.000000 -0.000000
vn -0.000000 1.000000 -0.000000
vn -0.000000 1.000000 -0.000000
vn -0.000000 1.000000 -0.000000
f 2443/4105/3621 2444/4106/3622 2454/4107/3623
f 2454/4107/3623 2444/4106/3622 2453/4108/3624
f 2453/4108/3624 2444/4106/3622 2445/4109/3625
f 2453/4108/3624 2445/4109/3625 2452/4110/3626
f 2452/4110/3626 2445/4109/3625 2446/4111/3627
f 2452/4110/3626 2446/4111/3627 2451/4112/3628
f 2451/4112/3628 2446/4111/3627 2447/4113/3629
f 2451/4112/3628 2447/4113/3629 2450/4114/3630
f 2450/4114/3630 2447/4113/3629 2448/4115/3631
f 2450/4114/3630 2448/4115/3631 2449/4116/3632
f 2455/4117/3633 2456/4118/3634 2464/4119/3635
f 2464/4119/3635 2456/4118/3634 2463/4120/3636
f 2463/4120/3636 2456/4118/3634 2457/4121/3637
f 2463/4120/3636 2457/4121/3637 2462/4122/3638
f 2462/4122/3638 2457/4121/3637 2458/4123/3639
f 2462/4122/3638 2458/4123/3639 2461/4124/3640
f 2461/4124/3640 2458/4123/3639 2459/4125/3641
f 2461/4124/3640 2459/4125/3641 2460/4126/3642
f 2460/4126/3642 2459/4125/3641 2443/4127/3643
f 2460/4126/3642 2443/4127/3643 2454/4128/3644
f 2465/4129/3645 2466/4130/3646 2474/4131/3647
f 2474/4131/3647 2466/4130/3646 2473/4132/3648
f 2473/4132/3648 2466/4130/3646 2467/4133/3649
f 2473/4132/3648 2467/4133/3649 2472/4134/3650
f 2472/4134/3650 2467/4133/3649 2468/4135/3651
f 2472/4134/3650 2468/4135/3651 2471/4136/3652
f 2471/4136/3652 2468/4135/3651 2469/4137/3653
f 2471/4136/3652 2469/4137/3653 2470/4138/3654
f 2470/4138/3654 2469/4137/3653 2455/4139/3655
f 2470/4138/3654 2455/4139/3655 2464/4140/3656
f 2475/4141/3657 2476/4142/3658 2484/4143/3659
f 2484/4143/3659 2476/4142/3658 2483/4144/3660
f 2483/4144/3660 2476/4142/3658 2477/4145/3661
f 2483/4144/3660 2477/4145/3661 2482/4146/3662
f 2482/4146/3662 2477/4145/3661 2478/4147/3663
f 2482/4146/3662 2478/4147/3663 2481/4148/3664
f 2481/4148/3664 2478/4147/3663 2479/4149/3665
f 2481/4148/3664 2479/4149/3665 2480/4150/3666
f 2480/4150/3666 2479/4149/3665 2465/4151/3667
f 2480/4150/3666 2465/4151/3667 2474/4152/3668
f 2485/4153/3669 2486/4154/3670 2492/4155/3671
f 2492/4155/3671 2486/4154/3670 2491/4156/3672
f 2491/4156/3672 2486/4154/3670 2487/4157/3673
f 2491/4156/3672 2487/4157/3673 2490/4158/3674
f 2490/4158/3674 2487/4157/3673 2488/4159/3675
f 2490/4158/3674 2488/4159/3675 2489/4160/3676
f 2489/4160/3676 2488/4159/3675 2475/4161/3677
f 2489/4160/3676 2475/4161/3677 2484/4162/3678
f 2493/4163/3679 2494/4164/3680 2502/4165/3681
f 2502/4165/3681 2494/4164/3680 2501/4166/3682
f 2501/4166/3682 2494/4164/3680 2495/4167/3683
f 2501/4166/3682 2495/4167/3683 2500/4168/3684
f 2500/4168/3684 2495/4167/3683 2496/4169/3685
f 2500/4168/3684 2496/4169/3685 2499/4170/3686
f 2499/4170/3686 2496/4169/3685 2497/4171/3687
f 2499/4170/3686 2497/4171/3687 2498/4172/3688
f 2498/4172/3688 2497/4171/3687 2485/4173/3689
f 2498/4172/3688 2485/4173/3689 2492/4174/3690
f 2503/4175/3691 2504/4176/3692 2512/4177/3693
f 2512/4177/3693 2504/4176/3692 2511/4178/3694
f 2511/4178/3694 2504/4176/3692 2505/4179/3695
f 2511/4178/3694 2505/4179/3695 2510/4180/3696
f 2510/4180/3696 2505/4179/3695 2506/4181/3697
f 2510/4180/3696 2506/4181/3697 2509/4182/3698
f 2509/4182/3698 2506/4181/3697 2507/4183/3699
f 2509/4182/3698 2507/4183/3699 2508/4184/3700
f 2508/4184/3700 2507/4183/3699 2493/4185/3701
f 2508/4184/3700 2493/4185/3701 2502/4186/3702
f 2448/4187/3703 2513/4188/3704 2449/4189/3705
f 2449/4189/3705 2513/4188/3704 2518/4190/3706
f 2518/4190/3706 2513/4188/3704 2514/4191/3707
f 2518/4190/3706 2514/4191/3707 2517/4192/3708
f 2517/4192/3708 2514/4191/3707 2515/4193/3709
f 2517/4192/3708 2515/4193/3709 2516/4194/3710
f 2516/4194/3710 2515/4193/3709 2503/4195/3711
f 2516/4194/3710 2503/4195/3711 2512/4196/3712
f 2519/4197/3713 2520/4198/3714 2532/4199/3715
f 2532/4199/3715 2520/4198/3714 2531/4200/3716
f 2531/4200/3716 2520/4198/3714 2521/4201/3717
f 2531/4200/3716 2521/4201/3717 2530/4202/3718
f 2530/4202/3718 2521/4201/3717 2522/4203/3719
f 2530/4202/3718 2522/4203/3719 2529/4204/3720
f 2529/4204/3720 2522/4203/3719 2523/4205/3721
f 2529/4204/3720 2523/4205/3721 2528/4206/3722
f 2528/4206/3722 2523/4205/3721 2524/4207/3723
f 2528/4206/3722 2524/4207/3723 2527/4208/3724
f 2527/4208/3724 2524/4207/3723 2525/4209/3725
f 2527/4208/3724 2525/4209/3725 2526/4210/3726
f 2533/4211/3727 2534/4212/3728 2544/4213/3729
f 2544/4213/3729 2534/4212/3728 2543/4214/3730
f 2543/4214/3730 2534/4212/3728 2535/4215/3731
f 2543/4214/3730 2535/4215/3731 2542/4216/3732
f 2542/4216/3732 2535/4215/3731 2536/4217/3733
f 2542/4216/3732 2536/4217/3733 2541/4218/3734
f 2541/4218/3734 2536/4217/3733 2537/4219/3735
f 2541/4218/3734 2537/4219/3735 2540/4220/3736
f 2540/4220/3736 2537/4219/3735 2538/4221/3737
f 2540/4220/3736 2538/4221/3737 2539/4222/3738
f 2539/4222/3738 2538/4221/3737 2519/4223/3739
f 2539/4222/3738 2519/4223/3739 2532/4224/3740
f 2545/4225/3741 2546/4226/3742 2556/4227/3743
f 2556/4227/3743 2546/4226/3742 2555/4228/3744
f 2555/4228/3744 2546/4226/3742 2547/4229/3745
f 2555/4228/3744 2547/4229/3745 2554/4230/3746
f 2554/4230/3746 2547/4229/3745 2548/4231/3747
f 2554/4230/3746 2548/4231/3747 2553/4232/3748
f 2553/4232/3748 2548/4231/3747 2549/4233/3749
f 2553/4232/3748 2549/4233/3749 2552/4234/3750
f 2552/4234/3750 2549/4233/3749 2550/4235/3751
f 2552/4234/3750 2550/4235/3751 2551/4236/3752
f 2551/4236/3752 2550/4235/3751 2533/4237/3753
f 2551/4236/3752 2533/4237/3753 2544/4238/3754
f 2557/4239/3755 2558/4240/3756 2568/4241/3757
f 2568/4241/3757 2558/4240/3756 2567/4242/3758
f 2567/4242/3758 2558/4240/3756 2559/4243/3759
f 2567/4242/3758 2559/4243/3759 2566/4244/3760
f 2566/4244/3760 2559/4243/3759 2560/4245/3761
f 2566/4244/3760 2560/4245/3761 2565/4246/3762
f 2565/4246/3762 2560/4245/3761 2561/4247/3763
f 2565/4246/3762 2561/4247/3763 2564/4248/3764
f 2564/4248/3764 2561/4247/3763 2562/4249/3765
f 2564/4248/3764 2562/4249/3765 2563/4250/3766
f 2563/4250/3766 2562/4249/3765 2545/4251/3767
f 2563/4250/3766 2545/4251/3767 2556/4252/3768
f 2569/4253/3769 2570/4254/3770 2580/4255/3771
f 2580/4255/3771 2570/4254/3770 2579/4256/3772
f 2579/4256/3772 2570/4254/3770 2571/4257/3773
f 2579/4256/3772 2571/4257/3773 2578/4258/3774
f 2578/4258/3774 2571/4257/3773 2572/4259/3775
f 2578/4258/3774 2572/4259/3775 2577/4260/3776
f 2577/4260/3776 2572/4259/3775 2573/4261/3777
f 2577/4260/3776 2573/4261/3777 2576/4262/3778
f 2576/4262/3778 2573/4261/3777 2574/4263/3779
f 2576/4262/3778 2574/4263/3779 2575/4264/3780
f 2575/4264/3780 2574/4263/3779 2557/4265/3781
f 2575/4264/3780 2557/4265/3781 2568/4266/3782
f 2581/4267/3783 2582/4268/3784 2592/4269/3785
f 2592/4269/3785 2582/4268/3784 2591/4270/3786
f 2591/4270/3786 2582/4268/3784 2583/4271/3787
f 2591/4270/3786 2583/4271/3787 2590/4272/3788
f 2590/4272/3788 2583/4271/3787 2584/4273/3789
f 2590/4272/3788 2584/4273/3789 2589/4274/3790
f 2589/4274/3790 2584/4273/3789 2585/4275/3791
f 2589/4274/3790 2585/4275/3791 2588/4276/3792
f 2588/4276/3792 2585/4275/3791 2586/4277/3793
f 2588/4276/3792 2586/4277/3793 2587/4278/3794
f 2587/4278/3794 2586/4277/3793 2569/4279/3795
f 2587/4278/3794 2569/4279/3795 2580/4280/3796
f 2593/4281/3797 2594/4282/3798 2604/4283/3799
f 2604/4283/3799 2594/4282/3798 2603/4284/3800
f 2603/4284/3800 2594/4282/3798 2595/4285/3801
f 2603/4284/3800 2595/4285/3801 2602/4286/3802
f 2602/4286/3802 2595/4285/3801 2596/4287/3803
f 2602/4286/3802 2596/4287/3803 2601/4288/3804
f 2601/4288/3804 2596/4287/3803 2597/4289/3805
f 2601/4288/3804 2597/4289/3805 2600/4290/3806
f 2600/4290/3806 2597/4289/3805 2598/4291/3807
f 2600/4290/3806 2598/4291/3807 2599/4292/3808
f 2599/4292/3808 2598/4291/3807 2581/4293/3809
f 2599/4292/3808 2581/4293/3809 2592/4294/3810
f 2525/4295/3811 2605/4296/3812 2526/4297/3813
f 2526/4297/3813 2605/4296/3812 2614/4298/3814
f 2614/4298/3814 2605/4296/3812 2606/4299/3815
f 2614/4298/3814 2606/4299/3815 2613/4300/3816
f 2613/4300/3816 2606/4299/3815 2607/4301/3817
f 2613/4300/3816 2607/4301/3817 2612/4302/3818
f 2612/4302/3818 2607/4301/3817 2608/4303/3819
f 2612/4302/3818 2608/4303/3819 2611/4304/3820
f 2611/4304/3820 2608/4303/3819 2609/4305/3821
f 2611/4304/3820 2609/4305/3821 2610/4306/3822
f 2610/4306/3822 2609/4305/3821 2593/4307/3823
f 2610/4306/3822 2593/4307/3823 2604/4308/3824
f 2614/4309/3825 2450/4310/3826 2526/4311/3827
f 2526/4311/3827 2450/4310/3826 2449/4312/3828
f 2526/4311/3827 2449/4312/3828 2518/4313/3829
f 2450/4310/3826 2614/4309/3825 2451/4314/3830
f 2451/4314/3830 2614/4309/3825 2613/4315/3831
f 2451/4314/3830 2613/4315/3831 2612/4316/3832
f 2451/4314/3830 2612/4316/3832 2452/4317/3833
f 2452/4317/3833 2612/4316/3832 2611/4318/3834
f 2452/4317/3833 2611/4318/3834 2453/4319/3835
f 2453/4319/3835 2611/4318/3834 2610/4320/3836
f 2453/4319/3835 2610/4320/3836 2454/4321/3837
f 2454/4321/3837 2610/4320/3836 2604/4322/3838
f 2454/4321/3837 2604/4322/3838 2603/4323/3839
f 2602/4324/3840 2461/4325/3841 2603/4323/3839
f 2603/4323/3839 2461/4325/3841 2460/4326/3842
f 2603/4323/3839 2460/4326/3842 2454/4321/3837
f 2602/4324/3840 2601/4327/3843 2461/4325/3841
f 2461/4325/3841 2601/4327/3843 2462/4328/3844
f 2462/4328/3844 2601/4327/3843 2600/4329/3845
f 2462/4328/3844 2600/4329/3845 2463/4330/3846
f 2463/4330/3846 2600/4329/3845 2599/4331/3847
f 2463/4330/3846 2599/4331/3847 2592/4332/3848
f 2591/4333/3849 2470/4334/3850 2592/4332/3848
f 2592/4332/3848 2470/4334/3850 2464/4335/3851
f 2592/4332/3848 2464/4335/3851 2463/4330/3846
f 2470/4334/3850 2591/4333/3849 2471/4336/3852
f 2471/4336/3852 2591/4333/3849 2590/4337/3853
f 2471/4336/3852 2590/4337/3853 2589/4338/3854
f 2471/4336/3852 2589/4338/3854 2472/4339/3855
f 2472/4339/3855 2589/4338/3854 2588/4340/3856
f 2472/4339/3855 2588/4340/3856 2587/4341/3857
f 2580/4342/3858 2474/4343/3859 2587/4341/3857
f 2587/4341/3857 2474/4343/3859 2473/4344/3860
f 2587/4341/3857 2473/4344/3860 2472/4339/3855
f 2580/4342/3858 2579/4345/3861 2474/4343/3859
f 2474/4343/3859 2579/4345/3861 2480/4346/3862
f 2480/4346/3862 2579/4345/3861 2578/4347/3863
f 2480/4346/3862 2578/4347/3863 2481/4348/3864
f 2481/4348/3864 2578/4347/3863 2577/4349/3865
f 2481/4348/3864 2577/4349/3865 2482/4350/3866
f 2482/4350/3866 2577/4349/3865 2576/4351/3867
f 2482/4350/3866 2576/4351/3867 2575/4352/3868
f 2482/4350/3866 2575/4352/3868 2483/4353/3869
f 2483/4353/3869 2575/4352/3868 2568/4354/3870
f 2483/4353/3869 2568/4354/3870 2484/4355/3871
f 2484/4355/3871 2568/4354/3870 2489/4356/3872
f 2489/4356/3872 2568/4354/3870 2567/4357/3873
f 2489/4356/3872 2567/4357/3873 2490/4358/3874
f 2490/4358/3874 2567/4357/3873 2566/4359/3875
f 2490/4358/3874 2566/4359/3875 2565/4360/3876
f 2490/4358/3874 2565/4360/3876 2491/4361/3877
f 2491/4361/3877 2565/4360/3876 2564/4362/3878
f 2491/4361/3877 2564/4362/3878 2563/4363/3879
f 2491/4361/3877 2563/4363/3879 2492/4364/3880
f 2492/4364/3880 2563/4363/3879 2556/4365/3881
f 2492/4364/3880 2556/4365/3881 2498/4366/3882
f 2498/4366/3882 2556/4365/3881 2555/4367/3883
f 2498/4366/3882 2555/4367/3883 2499/4368/3884
f 2499/4368/3884 2555/4367/3883 2554/4369/3885
f 2499/4368/3884 2554/4369/3885 2553/4370/3886
f 2499/4368/3884 2553/4370/3886 2500/4371/3887
f 2500/4371/3887 2553/4370/3886 2552/4372/3888
f 2500/4371/3887 2552/4372/3888 2551/4373/3889
f 2500/4371/3887 2551/4373/3889 2501/4374/3890
f 2501/4374/3890 2551/4373/3889 2544/4375/3891
f 2501/4374/3890 2544/4375/3891 2502/4376/3892
f 2502/4376/3892 2544/4375/3891 2508/4377/3893
f 2508/4377/3893 2544/4375/3891 2543/4378/3894
f 2508/4377/3893 2543/4378/3894 2509/4379/3895
f 2509/4379/3895 2543/4378/3894 2542/4380/3896
f 2509/4379/3895 2542/4380/3896 2541/4381/3897
f 2509/4379/3895 2541/4381/3897 2510/4382/3898
f 2510/4382/3898 2541/4381/3897 2540/4383/3899
f 2510/4382/3898 2540/4383/3899 2539/4384/3900
f 2532/4385/3901 2512/4386/3902 2539/4384/3900
f 2539/4384/3900 2512/4386/3902 2511/4387/3903
f 2539/4384/3900 2511/4387/3903 2510/4382/3898
f 2532/4385/3901 2531/4388/3904 2512/4386/3902
f 2512/4386/3902 2531/4388/3904 2516/4389/3905
f 2516/4389/3905 2531/4388/3904 2530/4390/3906
f 2516/4389/3905 2530/4390/3906 2529/4391/3907
f 2516/4389/3905 2529/4391/3907 2517/4392/3908
f 2517/4392/3908 2529/4391/3907 2528/4393/3909
f 2517/4392/3908 2528/4393/3909 2527/4394/3910
f 2517/4392/3908 2527/4394/3910 2518/4313/3829
f 2518/4313/3829 2527/4394/3910 2526/4311/3827
f 2594/4395/3911 2593/4396/3912 2443/4397/3913
f 2443/4397/3913 2593/4396/3912 2609/4398/3914
f 2443/4397/3913 2609/4398/3914 2444/4399/3915
f 2444/4399/3915 2609/4398/3914 2608/4400/3916
f 2444/4399/3915 2608/4400/3916 2445/4401/3917
f 2445/4401/3917 2608/4400/3916 2607/4402/3918
f 2445/4401/3917 2607/4402/3918 2446/4403/3919
f 2446/4403/3919 2607/4402/3918 2606/4404/3920
f 2446/4403/3919 2606/4404/3920 2605/4405/3921
f 2446/4403/3919 2605/4405/3921 2447/4406/3922
f 2447/4406/3922 2605/4405/3921 2525/4407/3923
f 2447/4406/3922 2525/4407/3923 2448/4408/3924
f 2448/4408/3924 2525/4407/3923 2513/4409/3925
f 2513/4409/3925 2525/4407/3923 2524/4410/3926
f 2513/4409/3925 2524/4410/3926 2514/4411/3927
f 2514/4411/3927 2524/4410/3926 2523/4412/3928
f 2514/4411/3927 2523/4412/3928 2522/4413/3929
f 2514/4411/3927 2522/4413/3929 2515/4414/3930
f 2515/4414/3930 2522/4413/3929 2521/4415/3931
f 2515/4414/3930 2521/4415/3931 2520/4416/3932
f 2515/4414/3930 2520/4416/3932 2503/4417/3933
f 2503/4417/3933 2520/4416/3932 2519/4418/3934
f 2503/4417/3933 2519/4418/3934 2538/4419/3935
f 2537/4420/3936 2505/4421/3937 2538/4419/3935
f 2538/4419/3935 2505/4421/3937 2504/4422/3938
f 2538/4419/3935 2504/4422/3938 2503/4417/3933
f 2537/4420/3936 2536/4423/3939 2505/4421/3937
f 2505/4421/3937 2536/4423/3939 2506/4424/3940
f 2506/4424/3940 2536/4423/3939 2535/4425/3941
f 2506/4424/3940 2535/4425/3941 2534/4426/3942
f 2506/4424/3940 2534/4426/3942 2507/4427/3943
f 2507/4427/3943 2534/4426/3942 2533/4428/3944
f 2507/4427/3943 2533/4428/3944 2493/4429/3945
f 2493/4429/3945 2533/4428/3944 2494/4430/3946
f 2494/4430/3946 2533/4428/3944 2550/4431/3947
f 2494/4430/3946 2550/4431/3947 2495/4432/3948
f 2495/4432/3948 2550/4431/3947 2549/4433/3949
f 2495/4432/3948 2549/4433/3949 2548/4434/3950
f 2495/4432/3948 2548/4434/3950 2496/4435/3951
f 2496/4435/3951 2548/4434/3950 2547/4436/3952
f 2496/4435/3951 2547/4436/3952 2546/4437/3953
f 2496/4435/3951 2546/4437/3953 2497/4438/3954
f 2497/4438/3954 2546/4437/3953 2545/4439/3955
f 2497/4438/3954 2545/4439/3955 2485/4440/3956
f 2485/4440/3956 2545/4439/3955 2562/4441/3957
f 2485/4440/3956 2562/4441/3957 2486/4442/3958
f 2486/4442/3958 2562/4441/3957 2561/4443/3959
f 2486/4442/3958 2561/4443/3959 2560/4444/3960
f 2486/4442/3958 2560/4444/3960 2487/4445/3961
f 2487/4445/3961 2560/4444/3960 2559/4446/3962
f 2487/4445/3961 2559/4446/3962 2558/4447/3963
f 2487/4445/3961 2558/4447/3963 2488/4448/3964
f 2488/4448/3964 2558/4447/3963 2557/4449/3965
f 2488/4448/3964 2557/4449/3965 2475/4450/3966
f 2475/4450/3966 2557/4449/3965 2476/4451/3967
f 2476/4451/3967 2557/4449/3965 2574/4452/3968
f 2476/4451/3967 2574/4452/3968 2477/4453/3969
f 2477/4453/3969 2574/4452/3968 2573/4454/3970
f 2477/4453/3969 2573/4454/3970 2572/4455/3971
f 2477/4453/3969 2572/4455/3971 2478/4456/3972
f 2478/4456/3972 2572/4455/3971 2571/4457/3973
f 2478/4456/3972 2571/4457/3973 2479/4458/3974
f 2479/4458/3974 2571/4457/3973 2570/4459/3975
f 2479/4458/3974 2570/4459/3975 2465/4460/3976
f 2465/4460/3976 2570/4459/3975 2569/4461/3977
f 2465/4460/3976 2569/4461/3977 2586/4462/3978
f 2585/4463/3979 2467/4464/3980 2586/4462/3978
f 2586/4462/3978 2467/4464/3980 2466/4465/3981
f 2586/4462/3978 2466/4465/3981 2465/4460/3976
f 2585/4463/3979 2584/4466/3982 2467/4464/3980
f 2467/4464/3980 2584/4466/3982 2468/4467/3983
f 2468/4467/3983 2584/4466/3982 2583/4468/3984
f 2468/4467/3983 2583/4468/3984 2582/4469/3985
f 2468/4467/3983 2582/4469/3985 2469/4470/3986
f 2469/4470/3986 2582/4469/3985 2581/4471/3987
f 2469/4470/3986 2581/4471/3987 2455/4472/3988
f 2455/4472/3988 2581/4471/3987 2456/4473/3989
f 2456/4473/3989 2581/4471/3987 2598/4474/3990
f 2456/4473/3989 2598/4474/3990 2597/4475/3991
f 2456/4473/3989 2597/4475/3991 2457/4476/3992
f 2457/4476/3992 2597/4475/3991 2596/4477/3993
f 2457/4476/3992 2596/4477/3993 2458/4478/3994
f 2458/4478/3994 2596/4477/3993 2595/4479/3995
f 2458/4478/3994 2595/4479/3995 2594/4395/3911
f 2443/4397/3913 2459/4480/3996 2594/4395/3911
f 2594/4395/3911 2459/4480/3996 2458/4478/3994
g Body97

v 2.153738 0.000000 0.365077
v 2.143884 0.000000 0.355949
v 2.138643 0.000000 0.352068
v 2.133025 0.000000 0.349005
v 2.120557 0.000000 0.345565
v 2.107155 0.000000 0.344156
v 2.107155 -0.100000 0.344156
v 2.120557 -0.100000 0.345565
v 2.133025 -0.100000 0.349005
v 2.138643 -0.100000 0.352068
v 2.143884 -0.100000 0.355949
v 2.153738 -0.100000 0.365077
v 2.170474 0.000000 0.426165
v 2.169703 0.000000 0.409893
v 2.167195 0.000000 0.394130
v 2.161534 0.000000 0.379290
v 2.161534 -0.100000 0.379290
v 2.167195 -0.100000 0.394130
v 2.169703 -0.100000 0.409893
v 2.170474 -0.100000 0.426165
v 2.108549 0.000000 0.501478
v 2.123062 0.000000 0.498083
v 2.136660 0.000000 0.493874
v 2.148428 0.000000 0.488039
v 2.153340 0.000000 0.484258
v 2.157460 0.000000 0.479773
v 2.160799 0.000000 0.474594
v 2.163453 0.000000 0.468806
v 2.167098 0.000000 0.455752
v 2.167098 -0.100000 0.455752
v 2.163453 -0.100000 0.468806
v 2.160799 -0.100000 0.474594
v 2.157460 -0.100000 0.479773
v 2.153340 -0.100000 0.484258
v 2.148428 -0.100000 0.488039
v 2.136660 -0.100000 0.493874
v 2.123062 -0.100000 0.498083
v 2.108549 -0.100000 0.501478
v 2.069777 0.000000 0.490600
v 2.078727 0.000000 0.495761
v 2.088123 0.000000 0.499457
v 2.098161 0.000000 0.501042
v 2.098161 -0.100000 0.501042
v 2.088123 -0.100000 0.499457
v 2.078727 -0.100000 0.495761
v 2.069777 -0.100000 0.490600
v 2.051925 0.000000 0.468006
v 2.055482 0.000000 0.474360
v 2.059556 0.000000 0.480312
v 2.064437 0.000000 0.485635
v 2.064437 -0.100000 0.485635
v 2.059556 -0.100000 0.480312
v 2.055482 -0.100000 0.474360
v 2.051925 -0.100000 0.468006
v 2.051925 0.000000 0.407476
v 2.051925 -0.100000 0.407476
v 2.065872 0.000000 0.362287
v 2.059733 0.000000 0.372744
v 2.055091 0.000000 0.383674
v 2.052824 0.000000 0.395358
v 2.052824 -0.100000 0.395358
v 2.055091 -0.100000 0.383674
v 2.059733 -0.100000 0.372744
v 2.065872 -0.100000 0.362287
v 2.095289 0.000000 0.345289
v 2.084236 0.000000 0.348211
v 2.079251 0.000000 0.350862
v 2.074603 0.000000 0.354257
v 2.074603 -0.100000 0.354257
v 2.079251 -0.100000 0.350862
v 2.084236 -0.100000 0.348211
v 2.095289 -0.100000 0.345289
v 2.208410 0.000000 0.554198
v 2.192715 0.000000 0.562446
v 2.176424 0.000000 0.568606
v 2.159207 0.000000 0.571526
v 2.141464 0.000000 0.572608
v 2.141464 -0.100000 0.572608
v 2.159207 -0.100000 0.571526
v 2.176424 -0.100000 0.568606
v 2.192715 -0.100000 0.562446
v 2.208410 -0.100000 0.554198
v 2.247741 0.000000 0.503989
v 2.240508 0.000000 0.518591
v 2.231878 0.000000 0.532090
v 2.220871 0.000000 0.543717
v 2.220871 -0.100000 0.543717
v 2.231878 -0.100000 0.532090
v 2.240508 -0.100000 0.518591
v 2.247741 -0.100000 0.503989
v 2.260851 0.000000 0.430907
v 2.260011 0.000000 0.449626
v 2.257884 0.000000 0.468109
v 2.253519 0.000000 0.486179
v 2.253519 -0.100000 0.486179
v 2.257884 -0.100000 0.468109
v 2.260011 -0.100000 0.449626
v 2.260851 -0.100000 0.430907
v 2.245509 0.000000 0.350572
v 2.252200 0.000000 0.370099
v 2.257291 0.000000 0.389938
v 2.259816 0.000000 0.410277
v 2.259816 -0.100000 0.410277
v 2.257291 -0.100000 0.389938
v 2.252200 -0.100000 0.370099
v 2.245509 -0.100000 0.350572
v 2.200879 0.000000 0.293947
v 2.214818 0.000000 0.305899
v 2.227220 0.000000 0.319070
v 2.237106 0.000000 0.334233
v 2.237106 -0.100000 0.334233
v 2.227220 -0.100000 0.319070
v 2.214818 -0.100000 0.305899
v 2.200879 -0.100000 0.293947
v 2.127518 0.000000 0.273027
v 2.147008 0.000000 0.274341
v 2.165894 0.000000 0.277717
v 2.183721 0.000000 0.284692
v 2.183721 -0.100000 0.284692
v 2.165894 -0.100000 0.277717
v 2.147008 -0.100000 0.274341
v 2.127518 -0.100000 0.273027
v 2.090140 0.000000 0.278326
v 2.099317 0.000000 0.275888
v 2.108593 0.000000 0.274101
v 2.118014 0.000000 0.273292
v 2.118014 -0.100000 0.273292
v 2.108593 -0.100000 0.274101
v 2.099317 -0.100000 0.275888
v 2.090140 -0.100000 0.278326
v 2.066708 0.000000 0.290321
v 2.072218 0.000000 0.286652
v 2.077929 0.000000 0.283371
v 2.083948 0.000000 0.280682
v 2.083948 -0.100000 0.280682
v 2.077929 -0.100000 0.283371
v 2.072218 -0.100000 0.286652
v 2.066708 -0.100000 0.290321
v 2.053040 0.000000 0.303431
v 2.056272 0.000000 0.299961
v 2.059612 0.000000 0.296604
v 2.063115 0.000000 0.293416
v 2.063115 -0.100000 0.293416
v 2.059612 -0.100000 0.296604
v 2.056272 -0.100000 0.299961
v 2.053040 -0.100000 0.303431
v 2.051925 0.000000 0.303431
v 2.051925 -0.100000 0.303431
v 2.051925 0.000000 0.184603
v 2.051925 -0.100000 0.184603
v 2.049135 0.000000 0.174282
v 2.050431 0.000000 0.176689
v 2.051374 0.000000 0.179199
v 2.051794 0.000000 0.181859
v 2.051794 -0.100000 0.181859
v 2.051374 -0.100000 0.179199
v 2.050431 -0.100000 0.176689
v 2.049135 -0.100000 0.174282
v 2.014826 0.000000 0.141088
v 2.024083 0.000000 0.148692
v 2.032994 0.000000 0.156650
v 2.041276 0.000000 0.165250
v 2.041276 -0.100000 0.165250
v 2.032994 -0.100000 0.156650
v 2.024083 -0.100000 0.148692
v 2.014826 -0.100000 0.141088
v 2.007852 0.000000 0.138298
v 2.009741 0.000000 0.138613
v 2.011543 0.000000 0.139156
v 2.013218 0.000000 0.140031
v 2.013218 -0.100000 0.140031
v 2.011543 -0.100000 0.139156
v 2.009741 -0.100000 0.138613
v 2.007852 -0.100000 0.138298
v 2.000879 0.000000 0.141088
v 2.002471 0.000000 0.139998
v 2.004142 0.000000 0.139111
v 2.005951 0.000000 0.138585
v 2.005951 -0.100000 0.138585
v 2.004142 -0.100000 0.139111
v 2.002471 -0.100000 0.139998
v 2.000879 -0.100000 0.141088
v 2.005951 -0.050000 0.138585
v 2.004142 -0.050000 0.139111
v 1.980516 0.000000 0.158382
v 1.985436 0.000000 0.153859
v 1.990454 0.000000 0.149450
v 1.995623 0.000000 0.145218
v 1.995623 -0.100000 0.145218
v 1.990454 -0.100000 0.149450
v 1.985436 -0.100000 0.153859
v 1.980516 -0.100000 0.158382
v 1.966569 0.000000 0.174282
v 1.969860 0.000000 0.170136
v 1.973261 0.000000 0.166086
v 1.976838 0.000000 0.162190
v 1.976838 -0.100000 0.162190
v 1.973261 -0.100000 0.166086
v 1.969860 -0.100000 0.170136
v 1.966569 -0.100000 0.174282
v 1.963780 0.000000 0.184603
v 1.963911 0.000000 0.181859
v 1.964330 0.000000 0.179199
v 1.965273 0.000000 0.176689
v 1.965273 -0.100000 0.176689
v 1.964330 -0.100000 0.179199
v 1.963911 -0.100000 0.181859
v 1.963780 -0.100000 0.184603
v 1.963780 0.000000 0.528536
v 1.963780 -0.100000 0.528536
v 1.966569 0.000000 0.538856
v 1.965273 0.000000 0.536449
v 1.964330 0.000000 0.533939
v 1.963911 0.000000 0.531279
v 1.963911 -0.100000 0.531279
v 1.964330 -0.100000 0.533939
v 1.965273 -0.100000 0.536449
v 1.966569 -0.100000 0.538856
v 1.980516 0.000000 0.554756
v 1.976838 0.000000 0.550949
v 1.973261 0.000000 0.547052
v 1.969860 0.000000 0.543002
v 1.969860 -0.100000 0.543002
v 1.973261 -0.100000 0.547052
v 1.976838 -0.100000 0.550949
v 1.980516 -0.100000 0.554756
v 2.000879 0.000000 0.572050
v 1.995623 0.000000 0.567920
v 1.990454 0.000000 0.563689
v 1.985436 0.000000 0.559280
v 1.985436 -0.100000 0.559280
v 1.990454 -0.100000 0.563689
v 1.995623 -0.100000 0.567920
v 2.000879 -0.100000 0.572050
v 2.008410 0.000000 0.574840
v 2.006366 0.000000 0.574587
v 2.004413 0.000000 0.574083
v 2.002604 0.000000 0.573182
v 2.002604 -0.100000 0.573182
v 2.004413 -0.100000 0.574083
v 2.006366 -0.100000 0.574587
v 2.008410 -0.100000 0.574840
v 2.015942 0.000000 0.572050
v 2.014202 0.000000 0.573149
v 2.012388 0.000000 0.574040
v 2.010442 0.000000 0.574560
v 2.010442 -0.100000 0.574560
v 2.012388 -0.100000 0.574040
v 2.014202 -0.100000 0.573149
v 2.015942 -0.100000 0.572050
v 2.036025 0.000000 0.554477
v 2.031186 0.000000 0.559077
v 2.026243 0.000000 0.563560
v 2.021139 0.000000 0.567858
v 2.021139 -0.100000 0.567858
v 2.026243 -0.100000 0.563560
v 2.031186 -0.100000 0.559077
v 2.036025 -0.100000 0.554477
v 2.050809 0.000000 0.537183
v 2.047356 0.000000 0.541713
v 2.043768 0.000000 0.546130
v 2.039961 0.000000 0.550359
v 2.039961 -0.100000 0.550359
v 2.043768 -0.100000 0.546130
v 2.047356 -0.100000 0.541713
v 2.050809 -0.100000 0.537183
v 2.052204 0.000000 0.537183
v 2.052204 -0.100000 0.537183
v 2.066708 0.000000 0.551409
v 2.062878 0.000000 0.548058
v 2.059150 0.000000 0.544605
v 2.055610 0.000000 0.540960
v 2.055610 -0.100000 0.540960
v 2.059150 -0.100000 0.544605
v 2.062878 -0.100000 0.548058
v 2.066708 -0.100000 0.551409
v 2.094324 0.000000 0.566192
v 2.086971 0.000000 0.563317
v 2.079848 0.000000 0.560022
v 2.073139 0.000000 0.555970
v 2.073139 -0.100000 0.555970
v 2.079848 -0.100000 0.560022
v 2.086971 -0.100000 0.563317
v 2.094324 -0.100000 0.566192
v 2.129490 0.000000 0.572310
v 2.117612 0.000000 0.571348
v 2.105909 0.000000 0.569178
v 2.105909 -0.100000 0.569178
v 2.117612 -0.100000 0.571348
v 2.129490 -0.100000 0.572310
vt -0.051072 0.000000 0.000000
vt -0.038304 0.000000 0.000000
vt -0.051072 0.100000 0.000000
vt -0.038304 0.100000 0.000000
vt -0.031920 0.000000 0.000000
vt -0.031920 0.100000 0.000000
vt -0.025536 0.000000 0.000000
vt -0.025536 0.100000 0.000000
vt -0.012768 0.000000 0.000000
vt -0.012768 0.100000 0.000000
vt 0.000000 0.000000 0.000000
vt 0.000000 0.100000 0.000000
vt -0.063362 0.000000 0.000000
vt -0.047521 0.000000 0.000000
vt -0.063362 0.100000 0.000000
vt -0.047521 0.100000 0.000000
vt -0.031681 0.000000 0.000000
vt -0.031681 0.100000 0.000000
vt -0.015840 0.000000 0.000000
vt -0.015840 0.100000 0.000000
vt 0.000000 0.000000 0.000000
vt 0.000000 0.100000 0.000000
vt -0.097697 0.000000 0.000000
vt -0.085485 0.000000 0.000000
vt -0.097697 0.100000 0.000000
vt -0.085485 0.100000 0.000000
vt -0.073273 0.000000 0.000000
vt -0.073273 0.100000 0.000000
vt -0.061061 0.000000 0.000000
vt -0.061061 0.100000 0.000000
vt -0.054955 0.000000 0.000000
vt -0.054955 0.100000 0.000000
vt -0.048849 0.000000 0.000000
vt -0.048849 0.100000 0.000000
vt -0.042743 0.000000 0.000000
vt -0.042743 0.100000 0.000000
vt -0.036637 0.000000 0.000000
vt -0.036637 0.100000 0.000000
vt -0.024424 0.000000 0.000000
vt -0.024424 0.100000 0.000000
vt 0.000000 0.000000 0.000000
vt 0.000000 0.100000 0.000000
vt -0.040295 0.000000 0.000000
vt -0.030221 0.000000 0.000000
vt -0.040295 0.100000 0.000000
vt -0.030221 0.100000 0.000000
vt -0.020147 0.000000 0.000000
vt -0.020147 0.100000 0.000000
vt -0.010074 0.000000 0.000000
vt -0.010074 0.100000 0.000000
vt 0.000000 0.000000 0.000000
vt 0.000000 0.100000 0.000000
vt -0.028798 0.000000 0.000000
vt -0.021598 0.000000 0.000000
vt -0.028798 0.100000 0.000000
vt -0.021598 0.100000 0.000000
vt -0.014399 0.000000 0.000000
vt -0.014399 0.100000 0.000000
vt -0.007199 0.000000 0.000000
vt -0.007199 0.100000 0.000000
vt 0.000000 0.000000 0.000000
vt 0.000000 0.100000 0.000000
vt 0.000000 0.000000 0.000000
vt 0.060530 0.000000 0.000000
vt 0.000000 0.100000 0.000000
vt 0.060530 0.100000 0.000000
vt -0.047296 0.000000 0.000000
vt -0.035472 0.000000 0.000000
vt -0.047296 0.100000 0.000000
vt -0.035472 0.100000 0.000000
vt -0.023648 0.000000 0.000000
vt -0.023648 0.100000 0.000000
vt -0.011824 0.000000 0.000000
vt -0.011824 0.100000 0.000000
vt 0.000000 0.000000 0.000000
vt 0.000000 0.100000 0.000000
vt -0.045097 0.000000 0.000000
vt -0.033823 0.000000 0.000000
vt -0.045097 0.100000 0.000000
vt -0.033823 0.100000 0.000000
vt -0.022549 0.000000 0.000000
vt -0.022549 0.100000 0.000000
vt -0.016911 0.000000 0.000000
vt -0.016911 0.100000 0.000000
vt -0.011274 0.000000 0.000000
vt -0.011274 0.100000 0.000000
vt 0.000000 0.000000 0.000000
vt 0.000000 0.100000 0.000000
vt -0.069441 0.000000 0.000000
vt -0.052081 0.000000 0.000000
vt -0.069441 0.100000 0.000000
vt -0.052081 0.100000 0.000000
vt -0.034721 0.000000 0.000000
vt -0.034721 0.100000 0.000000
vt -0.017360 0.000000 0.000000
vt -0.017360 0.100000 0.000000
vt 0.000000 0.000000 0.000000
vt 0.000000 0.100000 0.000000
vt -0.063780 0.000000 0.000000
vt -0.047835 0.000000 0.000000
vt -0.063780 0.100000 0.000000
vt -0.047835 0.100000 0.000000
vt -0.031890 0.000000 0.000000
vt -0.031890 0.100000 0.000000
vt -0.015945 0.000000 0.000000
vt -0.015945 0.100000 0.000000
vt 0.000000 0.000000 0.000000
vt 0.000000 0.100000 0.000000
vt -0.074251 0.000000 0.000000
vt -0.055688 0.000000 0.000000
vt -0.074251 0.100000 0.000000
vt -0.055688 0.100000 0.000000
vt -0.037125 0.000000 0.000000
vt -0.037125 0.100000 0.000000
vt -0.018563 0.000000 0.000000
vt -0.018563 0.100000 0.000000
vt 0.000000 0.000000 0.000000
vt 0.000000 0.100000 0.000000
vt -0.081788 0.000000 0.000000
vt -0.061341 0.000000 0.000000
vt -0.081788 0.100000 0.000000
vt -0.061341 0.100000 0.000000
vt -0.040894 0.000000 0.000000
vt -0.040894 0.100000 0.000000
vt -0.020447 0.000000 0.000000
vt -0.020447 0.100000 0.000000
vt 0.000000 0.000000 0.000000
vt 0.000000 0.100000 0.000000
vt -0.072100 0.000000 0.000000
vt -0.054075 0.000000 0.000000
vt -0.072100 0.100000 0.000000
vt -0.054075 0.100000 0.000000
vt -0.036050 0.000000 0.000000
vt -0.036050 0.100000 0.000000
vt -0.018025 0.000000 0.000000
vt -0.018025 0.100000 0.000000
vt 0.000000 0.000000 0.000000
vt 0.000000 0.100000 0.000000
vt -0.076292 0.000000 0.000000
vt -0.057219 0.000000 0.000000
vt -0.076292 0.100000 0.000000
vt -0.057219 0.100000 0.000000
vt -0.038146 0.000000 0.000000
vt -0.038146 0.100000 0.000000
vt -0.019073 0.000000 0.000000
vt -0.019073 0.100000 0.000000
vt 0.000000 0.000000 0.000000
vt 0.000000 0.100000 0.000000
vt -0.037755 0.000000 0.000000
vt -0.028316 0.000000 0.000000
vt -0.037755 0.100000 0.000000
vt -0.028316 0.100000 0.000000
vt -0.018878 0.000000 0.000000
vt -0.018878 0.100000 0.000000
vt -0.009439 0.000000 0.000000
vt -0.009439 0.100000 0.000000
vt 0.000000 0.000000 0.000000
vt 0.000000 0.100000 0.000000
vt -0.026324 0.000000 0.000000
vt -0.019743 0.000000 0.000000
vt -0.026324 0.100000 0.000000
vt -0.019743 0.100000 0.000000
vt -0.013162 0.000000 0.000000
vt -0.013162 0.100000 0.000000
vt -0.006581 0.000000 0.000000
vt -0.006581 0.100000 0.000000
vt 0.000000 0.000000 0.000000
vt 0.000000 0.100000 0.000000
vt -0.018940 0.000000 0.000000
vt -0.014205 0.000000 0.000000
vt -0.018940 0.100000 0.000000
vt -0.014205 0.100000 0.000000
vt -0.009470 0.000000 0.000000
vt -0.009470 0.100000 0.000000
vt -0.004735 0.000000 0.000000
vt -0.004735 0.100000 0.000000
vt 0.000000 0.000000 0.000000
vt 0.000000 0.100000 0.000000
vt 0.000000 0.000000 0.000000
vt 0.001116 0.000000 0.000000
vt 0.000000 0.100000 0.000000
vt 0.001116 0.100000 0.000000
vt 0.000000 0.000000 0.000000
vt 0.118828 0.000000 0.000000
vt 0.000000 0.100000 0.000000
vt 0.118828 0.100000 0.000000
vt -0.010696 0.000000 0.000000
vt -0.008022 0.000000 0.000000
vt -0.010696 0.100000 0.000000
vt -0.008022 0.100000 0.000000
vt -0.005348 0.000000 0.000000
vt -0.005348 0.100000 0.000000
vt -0.002674 0.000000 0.000000
vt -0.002674 0.100000 0.000000
vt 0.000000 0.000000 0.000000
vt 0.000000 0.100000 0.000000
vt -0.047741 0.000000 0.000000
vt -0.035806 0.000000 0.000000
vt -0.047741 0.100000 0.000000
vt -0.035806 0.100000 0.000000
vt -0.023870 0.000000 0.000000
vt -0.023870 0.100000 0.000000
vt -0.011935 0.000000 0.000000
vt -0.011935 0.100000 0.000000
vt 0.000000 0.000000 0.000000
vt 0.000000 0.100000 0.000000
vt -0.007515 0.000000 0.000000
vt -0.005636 0.000000 0.000000
vt -0.007515 0.100000 0.000000
vt -0.005636 0.100000 0.000000
vt -0.003758 0.000000 0.000000
vt -0.003758 0.100000 0.000000
vt -0.001879 0.000000 0.000000
vt -0.001879 0.100000 0.000000
vt 0.000000 0.000000 0.000000
vt 0.000000 0.100000 0.000000
vt -0.007511 0.000000 0.000000
vt -0.005634 0.000000 0.000000
vt -0.007511 0.100000 0.000000
vt -0.005634 0.100000 0.000000
vt -0.003756 0.050000 0.000000
vt -0.003756 0.100000 0.000000
vt -0.001878 0.050000 0.000000
vt -0.001878 0.100000 0.000000
vt 0.000000 0.100000 0.000000
vt 0.000000 0.000000 0.000000
vt -0.001878 0.000000 0.000000
vt -0.003756 0.000000 0.000000
vt -0.026716 0.000000 0.000000
vt -0.020037 0.000000 0.000000
vt -0.026716 0.100000 0.000000
vt -0.020037 0.100000 0.000000
vt -0.013358 0.000000 0.000000
vt -0.013358 0.100000 0.000000
vt -0.006679 0.000000 0.000000
vt -0.006679 0.100000 0.000000
vt 0.000000 0.000000 0.000000
vt 0.000000 0.100000 0.000000
vt -0.021150 0.000000 0.000000
vt -0.015862 0.000000 0.000000
vt -0.021150 0.100000 0.000000
vt -0.015862 0.100000 0.000000
vt -0.010575 0.000000 0.000000
vt -0.010575 0.100000 0.000000
vt -0.005287 0.000000 0.000000
vt -0.005287 0.100000 0.000000
vt 0.000000 0.000000 0.000000
vt 0.000000 0.100000 0.000000
vt -0.010694 0.000000 0.000000
vt -0.008020 0.000000 0.000000
vt -0.010694 0.100000 0.000000
vt -0.008020 0.100000 0.000000
vt -0.005347 0.000000 0.000000
vt -0.005347 0.100000 0.000000
vt -0.002673 0.000000 0.000000
vt -0.002673 0.100000 0.000000
vt 0.000000 0.000000 0.000000
vt 0.000000 0.100000 0.000000
vt -0.000000 0.000000 0.000000
vt 0.343933 0.000000 0.000000
vt 0.000000 0.100000 0.000000
vt 0.343933 0.100000 0.000000
vt -0.010696 0.000000 0.000000
vt -0.008022 0.000000 0.000000
vt -0.010696 0.100000 0.000000
vt -0.008022 0.100000 0.000000
vt -0.005348 0.000000 0.000000
vt -0.005348 0.100000 0.000000
vt -0.002674 0.000000 0.000000
vt -0.002674 0.100000 0.000000
vt 0.000000 0.000000 0.000000
vt 0.000000 0.100000 0.000000
vt -0.021150 0.000000 0.000000
vt -0.015862 0.000000 0.000000
vt -0.021150 0.100000 0.000000
vt -0.015862 0.100000 0.000000
vt -0.010575 0.000000 0.000000
vt -0.010575 0.100000 0.000000
vt -0.005287 0.000000 0.000000
vt -0.005287 0.100000 0.000000
vt 0.000000 0.000000 0.000000
vt 0.000000 0.100000 0.000000
vt -0.026716 0.000000 0.000000
vt -0.020037 0.000000 0.000000
vt -0.026716 0.100000 0.000000
vt -0.020037 0.100000 0.000000
vt -0.013358 0.000000 0.000000
vt -0.013358 0.100000 0.000000
vt -0.006679 0.000000 0.000000
vt -0.006679 0.100000 0.000000
vt 0.000000 0.000000 0.000000
vt 0.000000 0.100000 0.000000
vt -0.008033 0.000000 0.000000
vt -0.006025 0.000000 0.000000
vt -0.008033 0.100000 0.000000
vt -0.006025 0.100000 0.000000
vt -0.004016 0.000000 0.000000
vt -0.004016 0.100000 0.000000
vt -0.002008 0.000000 0.000000
vt -0.002008 0.100000 0.000000
vt 0.000000 0.000000 0.000000
vt 0.000000 0.100000 0.000000
vt -0.008032 0.000000 0.000000
vt -0.006024 0.000000 0.000000
vt -0.008032 0.100000 0.000000
vt -0.006024 0.100000 0.000000
vt -0.004016 0.000000 0.000000
vt -0.004016 0.100000 0.000000
vt -0.002008 0.000000 0.000000
vt -0.002008 0.100000 0.000000
vt 0.000000 0.000000 0.000000
vt 0.000000 0.100000 0.000000
vt -0.026687 0.000000 0.000000
vt -0.020015 0.000000 0.000000
vt -0.026687 0.100000 0.000000
vt -0.020015 0.100000 0.000000
vt -0.013343 0.000000 0.000000
vt -0.013343 0.100000 0.000000
vt -0.006672 0.000000 0.000000
vt -0.006672 0.100000 0.000000
vt 0.000000 0.000000 0.000000
vt 0.000000 0.100000 0.000000
vt -0.022752 0.000000 0.000000
vt -0.017064 0.000000 0.000000
vt -0.022752 0.100000 0.000000
vt -0.017064 0.100000 0.000000
vt -0.011376 0.000000 0.000000
vt -0.011376 0.100000 0.000000
vt -0.005688 0.000000 0.000000
vt -0.005688 0.100000 0.000000
vt 0.000000 0.000000 0.000000
vt 0.000000 0.100000 0.000000
vt -0.000000 0.000000 0.000000
vt 0.001395 0.000000 0.000000
vt 0.000000 0.100000 0.000000
vt 0.001395 0.100000 0.000000
vt -0.020317 0.000000 0.000000
vt -0.015238 0.000000 0.000000
vt -0.020317 0.100000 0.000000
vt -0.015238 0.100000 0.000000
vt -0.010159 0.000000 0.000000
vt -0.010159 0.100000 0.000000
vt -0.005079 0.000000 0.000000
vt -0.005079 0.100000 0.000000
vt 0.000000 0.000000 0.000000
vt 0.000000 0.100000 0.000000
vt -0.031326 0.000000 0.000000
vt -0.023494 0.000000 0.000000
vt -0.031326 0.100000 0.000000
vt -0.023494 0.100000 0.000000
vt -0.015663 0.000000 0.000000
vt -0.015663 0.100000 0.000000
vt -0.007831 0.000000 0.000000
vt -0.007831 0.100000 0.000000
vt 0.000000 0.000000 0.000000
vt 0.000000 0.100000 0.000000
vt -0.047579 0.000000 0.000000
vt -0.035685 0.000000 0.000000
vt -0.047579 0.100000 0.000000
vt -0.035685 0.100000 0.000000
vt -0.023790 0.000000 0.000000
vt -0.023790 0.100000 0.000000
vt -0.011895 0.000000 0.000000
vt -0.011895 0.100000 0.000000
vt 0.000000 0.000000 0.000000
vt 0.000000 0.100000 0.000000
vt 0.569091 0.143130 0.000000
vt 0.551349 0.144212 0.000000
vt 0.546544 0.065478 0.000000
vt 0.539375 0.143914 0.000000
vt 0.532947 0.069687 0.000000
vt 0.527497 0.142951 0.000000
vt 0.518434 0.073082 0.000000
vt 0.515793 0.140782 0.000000
vt 0.504208 0.137796 0.000000
vt 0.508046 0.072646 0.000000
vt 0.496856 0.134921 0.000000
vt 0.498007 0.071061 0.000000
vt 0.489733 0.131626 0.000000
vt 0.483024 0.127574 0.000000
vt 0.476593 0.123013 0.000000
vt 0.488611 0.067365 0.000000
vt 0.472763 0.119662 0.000000
vt 0.469034 0.116208 0.000000
vt 0.465495 0.112564 0.000000
vt 0.479662 0.062204 0.000000
vt 0.462088 0.108787 0.000000
vt 0.474321 0.057239 0.000000
vt 0.460694 0.108787 0.000000
vt 0.469441 0.051916 0.000000
vt 0.465367 0.045964 0.000000
vt 0.461810 0.039609 0.000000
vt 0.457240 0.113317 0.000000
vt 0.453653 0.117733 0.000000
vt 0.449846 0.121962 0.000000
vt 0.445910 0.126081 0.000000
vt 0.390401 0.126360 0.000000
vt 0.395321 0.130883 0.000000
vt 0.441071 0.130681 0.000000
vt 0.400339 0.135292 0.000000
vt 0.436128 0.135164 0.000000
vt 0.405508 0.139524 0.000000
vt 0.431023 0.139462 0.000000
vt 0.410763 0.143654 0.000000
vt 0.425826 0.143654 0.000000
vt 0.424087 0.144753 0.000000
vt 0.412489 0.144785 0.000000
vt 0.422273 0.145644 0.000000
vt 0.420327 0.146164 0.000000
vt 0.418295 0.146444 0.000000
vt 0.416251 0.146190 0.000000
vt 0.414298 0.145687 0.000000
vt 0.386723 0.122552 0.000000
vt 0.373664 0.100139 0.000000
vt 0.461810 -0.020920 0.000000
vt 0.462709 -0.033038 0.000000
vt 0.373664 -0.243794 0.000000
vt 0.461810 -0.124965 0.000000
vt 0.461810 -0.243794 0.000000
vt 0.451161 -0.263146 0.000000
vt 0.459020 -0.254114 0.000000
vt 0.383146 0.118656 0.000000
vt 0.379745 0.114606 0.000000
vt 0.376454 0.110460 0.000000
vt 0.373795 0.102883 0.000000
vt 0.375158 0.108053 0.000000
vt 0.374215 0.105543 0.000000
vt 0.373795 -0.246537 0.000000
vt 0.376454 -0.254114 0.000000
vt 0.379745 -0.258260 0.000000
vt 0.383146 -0.262310 0.000000
vt 0.374215 -0.249197 0.000000
vt 0.375158 -0.251707 0.000000
vt 0.386723 -0.266206 0.000000
vt 0.442878 -0.271746 0.000000
vt 0.390401 -0.270014 0.000000
vt 0.395321 -0.274538 0.000000
vt 0.400339 -0.278947 0.000000
vt 0.433968 -0.279704 0.000000
vt 0.405508 -0.283178 0.000000
vt 0.410763 -0.287308 0.000000
vt 0.412356 -0.288398 0.000000
vt 0.423103 -0.288365 0.000000
vt 0.424710 -0.287308 0.000000
vt 0.414026 -0.289286 0.000000
vt 0.419625 -0.289783 0.000000
vt 0.421427 -0.289240 0.000000
vt 0.415836 -0.289811 0.000000
vt 0.417737 -0.290098 0.000000
vt 0.461678 -0.246537 0.000000
vt 0.460316 -0.251707 0.000000
vt 0.461259 -0.249197 0.000000
vt 0.462925 -0.124965 0.000000
vt 0.475757 -0.066109 0.000000
vt 0.469618 -0.055653 0.000000
vt 0.464976 -0.044722 0.000000
vt 0.484488 -0.074139 0.000000
vt 0.466156 -0.128435 0.000000
vt 0.489135 -0.077534 0.000000
vt 0.469497 -0.131792 0.000000
vt 0.473000 -0.134980 0.000000
vt 0.494121 -0.080186 0.000000
vt 0.476593 -0.138075 0.000000
vt 0.482103 -0.141744 0.000000
vt 0.487814 -0.145025 0.000000
vt 0.505174 -0.083107 0.000000
vt 0.493832 -0.147714 0.000000
vt 0.500024 -0.150070 0.000000
vt 0.509202 -0.152509 0.000000
vt 0.517039 -0.084240 0.000000
vt 0.518477 -0.154295 0.000000
vt 0.527899 -0.155104 0.000000
vt 0.530442 -0.082831 0.000000
vt 0.537402 -0.155370 0.000000
vt 0.542910 -0.079391 0.000000
vt 0.556893 -0.154055 0.000000
vt 0.548527 -0.076328 0.000000
vt 0.575778 -0.150679 0.000000
vt 0.553768 -0.072447 0.000000
vt 0.563623 -0.063319 0.000000
vt 0.593606 -0.143705 0.000000
vt 0.610763 -0.134449 0.000000
vt 0.571419 -0.049106 0.000000
vt 0.624703 -0.122497 0.000000
vt 0.637105 -0.109327 0.000000
vt 0.577079 -0.034266 0.000000
vt 0.646991 -0.094163 0.000000
vt 0.655394 -0.077824 0.000000
vt 0.579587 -0.018503 0.000000
vt 0.662085 -0.058297 0.000000
vt 0.667176 -0.038458 0.000000
vt 0.669701 -0.018119 0.000000
vt 0.580359 -0.002231 0.000000
vt 0.670735 0.002510 0.000000
vt 0.669896 0.021230 0.000000
vt 0.667769 0.039712 0.000000
vt 0.576983 0.027355 0.000000
vt 0.663404 0.057783 0.000000
vt 0.657625 0.075593 0.000000
vt 0.650393 0.090195 0.000000
vt 0.641762 0.103694 0.000000
vt 0.573338 0.040410 0.000000
vt 0.630756 0.115321 0.000000
vt 0.618295 0.125802 0.000000
vt 0.570683 0.046198 0.000000
vt 0.602600 0.134050 0.000000
vt 0.567344 0.051377 0.000000
vt 0.586309 0.140210 0.000000
vt 0.563224 0.055862 0.000000
vt 0.558312 0.059643 0.000000
vt -0.515793 0.140782 0.000000
vt -0.518434 0.073082 0.000000
vt -0.504208 0.137796 0.000000
vt -0.508046 0.072646 0.000000
vt -0.496856 0.134921 0.000000
vt -0.498007 0.071061 0.000000
vt -0.489733 0.131626 0.000000
vt -0.483024 0.127574 0.000000
vt -0.476593 0.123013 0.000000
vt -0.488611 0.067365 0.000000
vt -0.472763 0.119662 0.000000
vt -0.469034 0.116208 0.000000
vt -0.465495 0.112564 0.000000
vt -0.479662 0.062204 0.000000
vt -0.462088 0.108787 0.000000
vt -0.474321 0.057239 0.000000
vt -0.460694 0.108787 0.000000
vt -0.469441 0.051916 0.000000
vt -0.465367 0.045964 0.000000
vt -0.527497 0.142951 0.000000
vt -0.532947 0.069687 0.000000
vt -0.539375 0.143914 0.000000
vt -0.546544 0.065478 0.000000
vt -0.551349 0.144212 0.000000
vt -0.569091 0.143130 0.000000
vt -0.558312 0.059643 0.000000
vt -0.586309 0.140210 0.000000
vt -0.563224 0.055862 0.000000
vt -0.567344 0.051377 0.000000
vt -0.602600 0.134050 0.000000
vt -0.570683 0.046198 0.000000
vt -0.618295 0.125802 0.000000
vt -0.573338 0.040410 0.000000
vt -0.630756 0.115321 0.000000
vt -0.641762 0.103694 0.000000
vt -0.576983 0.027355 0.000000
vt -0.650393 0.090195 0.000000
vt -0.657625 0.075593 0.000000
vt -0.663404 0.057783 0.000000
vt -0.667769 0.039712 0.000000
vt -0.580359 -0.002231 0.000000
vt -0.669896 0.021230 0.000000
vt -0.670735 0.002510 0.000000
vt -0.669701 -0.018119 0.000000
vt -0.579587 -0.018503 0.000000
vt -0.667176 -0.038458 0.000000
vt -0.662085 -0.058297 0.000000
vt -0.655394 -0.077824 0.000000
vt -0.577079 -0.034266 0.000000
vt -0.646991 -0.094163 0.000000
vt -0.637105 -0.109327 0.000000
vt -0.571419 -0.049106 0.000000
vt -0.624703 -0.122497 0.000000
vt -0.610763 -0.134449 0.000000
vt -0.563623 -0.063319 0.000000
vt -0.593606 -0.143705 0.000000
vt -0.575778 -0.150679 0.000000
vt -0.556893 -0.154055 0.000000
vt -0.548527 -0.076328 0.000000
vt -0.553768 -0.072447 0.000000
vt -0.542910 -0.079391 0.000000
vt -0.537402 -0.155370 0.000000
vt -0.530442 -0.082831 0.000000
vt -0.527899 -0.155104 0.000000
vt -0.517039 -0.084240 0.000000
vt -0.518477 -0.154295 0.000000
vt -0.509202 -0.152509 0.000000
vt -0.505174 -0.083107 0.000000
vt -0.500024 -0.150070 0.000000
vt -0.493832 -0.147714 0.000000
vt -0.487814 -0.145025 0.000000
vt -0.494121 -0.080186 0.000000
vt -0.482103 -0.141744 0.000000
vt -0.476593 -0.138075 0.000000
vt -0.473000 -0.134980 0.000000
vt -0.489135 -0.077534 0.000000
vt -0.469497 -0.131792 0.000000
vt -0.466156 -0.128435 0.000000
vt -0.484488 -0.074139 0.000000
vt -0.462925 -0.124965 0.000000
vt -0.475757 -0.066109 0.000000
vt -0.461810 -0.124965 0.000000
vt -0.469618 -0.055653 0.000000
vt -0.464976 -0.044722 0.000000
vt -0.462709 -0.033038 0.000000
vt -0.373664 -0.243794 0.000000
vt -0.373664 0.100139 0.000000
vt -0.461810 -0.243794 0.000000
vt -0.451161 -0.263146 0.000000
vt -0.442878 -0.271746 0.000000
vt -0.459020 -0.254114 0.000000
vt -0.461678 -0.246537 0.000000
vt -0.460316 -0.251707 0.000000
vt -0.461259 -0.249197 0.000000
vt -0.433968 -0.279704 0.000000
vt -0.400339 -0.278947 0.000000
vt -0.395321 -0.274538 0.000000
vt -0.390401 -0.270014 0.000000
vt -0.424710 -0.287308 0.000000
vt -0.410763 -0.287308 0.000000
vt -0.405508 -0.283178 0.000000
vt -0.423103 -0.288365 0.000000
vt -0.412356 -0.288398 0.000000
vt -0.421427 -0.289240 0.000000
vt -0.419625 -0.289783 0.000000
vt -0.417737 -0.290098 0.000000
vt -0.415836 -0.289811 0.000000
vt -0.414026 -0.289286 0.000000
vt -0.386723 -0.266206 0.000000
vt -0.383146 -0.262310 0.000000
vt -0.379745 -0.258260 0.000000
vt -0.376454 -0.254114 0.000000
vt -0.373795 -0.246537 0.000000
vt -0.375158 -0.251707 0.000000
vt -0.374215 -0.249197 0.000000
vt -0.373795 0.102883 0.000000
vt -0.376454 0.110460 0.000000
vt -0.379745 0.114606 0.000000
vt -0.383146 0.118656 0.000000
vt -0.374215 0.105543 0.000000
vt -0.375158 0.108053 0.000000
vt -0.386723 0.122552 0.000000
vt -0.461810 0.039609 0.000000
vt -0.461810 -0.020920 0.000000
vt -0.390401 0.126360 0.000000
vt -0.445910 0.126081 0.000000
vt -0.449846 0.121962 0.000000
vt -0.395321 0.130883 0.000000
vt -0.441071 0.130681 0.000000
vt -0.400339 0.135292 0.000000
vt -0.436128 0.135164 0.000000
vt -0.405508 0.139524 0.000000
vt -0.431023 0.139462 0.000000
vt -0.410763 0.143654 0.000000
vt -0.425826 0.143654 0.000000
vt -0.424087 0.144753 0.000000
vt -0.412489 0.144785 0.000000
vt -0.422273 0.145644 0.000000
vt -0.420327 0.146164 0.000000
vt -0.416251 0.146190 0.000000
vt -0.418295 0.146444 0.000000
vt -0.414298 0.145687 0.000000
vt -0.453653 0.117733 0.000000
vt -0.457240 0.113317 0.000000
vn -0.699864 0.000000 0.714276
vn -0.636093 0.000000 0.771613
vn -0.699864 0.000000 0.714276
vn -0.636093 0.000000 0.771613
vn -0.545189 0.000000 0.838313
vn -0.545189 0.000000 0.838313
vn -0.402124 0.000000 0.915585
vn -0.402124 0.000000 0.915585
vn -0.157355 0.000000 0.987542
vn -0.157355 0.000000 0.987542
vn -0.078662 0.000000 0.996901
vn -0.078662 0.000000 0.996901
vn -0.999566 0.000000 0.029462
vn -0.996502 0.000000 0.083565
vn -0.999566 0.000000 0.029462
vn -0.996502 0.000000 0.083565
vn -0.968332 0.000000 0.249664
vn -0.968332 0.000000 0.249664
vn -0.897617 0.000000 0.440777
vn -0.897617 0.000000 0.440777
vn -0.865835 0.000000 0.500329
vn -0.865835 0.000000 0.500329
vn -0.217009 -0.000000 -0.976170
vn -0.249890 -0.000000 -0.968274
vn -0.217009 -0.000000 -0.976170
vn -0.249890 -0.000000 -0.968274
vn -0.355780 -0.000000 -0.934570
vn -0.355780 -0.000000 -0.934570
vn -0.548470 -0.000000 -0.836170
vn -0.548470 -0.000000 -0.836170
vn -0.672775 -0.000000 -0.739847
vn -0.672775 -0.000000 -0.739847
vn -0.793675 -0.000000 -0.608342
vn -0.793675 -0.000000 -0.608342
vn -0.879139 -0.000000 -0.476566
vn -0.879139 -0.000000 -0.476566
vn -0.932708 -0.000000 -0.360632
vn -0.932708 -0.000000 -0.360632
vn -0.981140 -0.000000 -0.193299
vn -0.981140 -0.000000 -0.193299
vn -0.997091 -0.000000 -0.076215
vn -0.997091 -0.000000 -0.076215
vn 0.520224 0.000000 -0.854030
vn 0.456648 0.000000 -0.889647
vn 0.520224 0.000000 -0.854030
vn 0.456648 0.000000 -0.889647
vn 0.252429 0.000000 -0.967616
vn 0.252429 0.000000 -0.967616
vn 0.079507 0.000000 -0.996834
vn 0.079507 0.000000 -0.996834
vn 0.023424 0.000000 -0.999726
vn 0.023424 0.000000 -0.999726
vn 0.879688 0.000000 -0.475551
vn 0.857644 0.000000 -0.514244
vn 0.879688 0.000000 -0.475551
vn 0.857644 0.000000 -0.514244
vn 0.780835 0.000000 -0.624737
vn 0.780835 0.000000 -0.624737
vn 0.699991 0.000000 -0.714152
vn 0.699991 0.000000 -0.714152
vn 0.671226 0.000000 -0.741253
vn 0.671226 0.000000 -0.741253
vn 1.000000 0.000000 0.000000
vn 1.000000 0.000000 0.000000
vn 1.000000 0.000000 0.000000
vn 1.000000 0.000000 0.000000
vn 0.851571 0.000000 0.524240
vn 0.883087 0.000000 0.469208
vn 0.851571 0.000000 0.524240
vn 0.883087 0.000000 0.469208
vn 0.957615 0.000000 0.288052
vn 0.957615 0.000000 0.288052
vn 0.993654 0.000000 0.112475
vn 0.993654 0.000000 0.112475
vn 0.998485 0.000000 0.055022
vn 0.998485 0.000000 0.055022
vn 0.069389 0.000000 0.997590
vn 0.147493 0.000000 0.989063
vn 0.069389 0.000000 0.997590
vn 0.147493 0.000000 0.989063
vn 0.391318 0.000000 0.920255
vn 0.391318 0.000000 0.920255
vn 0.538249 0.000000 0.842786
vn 0.538249 0.000000 0.842786
vn 0.632162 0.000000 0.774837
vn 0.632162 0.000000 0.774837
vn 0.697879 0.000000 0.716216
vn 0.697879 0.000000 0.716216
vn 0.482709 0.000000 0.875781
vn 0.429146 0.000000 0.903235
vn 0.482709 0.000000 0.875781
vn 0.429146 0.000000 0.903235
vn 0.256378 0.000000 0.966577
vn 0.256378 0.000000 0.966577
vn 0.096028 0.000000 0.995379
vn 0.096028 0.000000 0.995379
vn 0.043490 0.000000 0.999054
vn 0.043490 0.000000 0.999054
vn 0.903846 0.000000 0.427857
vn 0.879598 0.000000 0.475718
vn 0.903846 0.000000 0.427857
vn 0.879598 0.000000 0.475718
vn 0.789002 0.000000 0.614390
vn 0.789002 0.000000 0.614390
vn 0.671846 0.000000 0.740691
vn 0.671846 0.000000 0.740691
vn 0.629425 0.000000 0.777061
vn 0.629425 0.000000 0.777061
vn 0.999445 0.000000 0.033317
vn 0.997692 0.000000 0.067908
vn 0.999445 0.000000 0.033317
vn 0.997692 0.000000 0.067908
vn 0.985038 0.000000 0.172339
vn 0.985038 0.000000 0.172339
vn 0.958733 0.000000 0.284307
vn 0.958733 0.000000 0.284307
vn 0.947208 0.000000 0.320620
vn 0.947208 0.000000 0.320620
vn 0.941711 0.000000 -0.336423
vn 0.954163 0.000000 -0.299289
vn 0.941711 0.000000 -0.336423
vn 0.954163 0.000000 -0.299289
vn 0.982893 0.000000 -0.184180
vn 0.982893 0.000000 -0.184180
vn 0.997230 0.000000 -0.074379
vn 0.997230 0.000000 -0.074379
vn 0.999277 0.000000 -0.038013
vn 0.999277 0.000000 -0.038013
vn 0.637600 0.000000 -0.770368
vn 0.677219 0.000000 -0.735781
vn 0.637600 0.000000 -0.770368
vn 0.677219 0.000000 -0.735781
vn 0.786913 0.000000 -0.617064
vn 0.786913 0.000000 -0.617064
vn 0.873277 0.000000 -0.487223
vn 0.873277 0.000000 -0.487223
vn 0.896841 0.000000 -0.442353
vn 0.896841 0.000000 -0.442353
vn 0.049510 0.000000 -0.998774
vn 0.103231 0.000000 -0.994657
vn 0.049510 0.000000 -0.998774
vn 0.103231 0.000000 -0.994657
vn 0.267080 0.000000 -0.963674
vn 0.267080 0.000000 -0.963674
vn 0.439101 0.000000 -0.898438
vn 0.439101 0.000000 -0.898438
vn 0.492107 0.000000 -0.870535
vn 0.492107 0.000000 -0.870535
vn -0.267926 -0.000000 -0.963439
vn -0.234434 -0.000000 -0.972132
vn -0.267926 -0.000000 -0.963439
vn -0.234434 -0.000000 -0.972132
vn -0.133647 -0.000000 -0.991029
vn -0.133647 -0.000000 -0.991029
vn -0.047070 -0.000000 -0.998892
vn -0.047070 -0.000000 -0.998892
vn -0.018375 -0.000000 -0.999831
vn -0.018375 -0.000000 -0.999831
vn -0.563308 -0.000000 -0.826247
vn -0.535846 -0.000000 -0.844316
vn -0.563308 -0.000000 -0.826247
vn -0.535846 -0.000000 -0.844316
vn -0.450663 -0.000000 -0.892694
vn -0.450663 -0.000000 -0.892694
vn -0.373125 -0.000000 -0.927781
vn -0.373125 -0.000000 -0.927781
vn -0.346885 -0.000000 -0.937908
vn -0.346885 -0.000000 -0.937908
vn -0.735539 -0.000000 -0.677482
vn -0.724232 -0.000000 -0.689556
vn -0.735539 -0.000000 -0.677482
vn -0.724232 -0.000000 -0.689556
vn -0.689845 -0.000000 -0.723957
vn -0.689845 -0.000000 -0.723957
vn -0.659495 -0.000000 -0.751709
vn -0.659495 -0.000000 -0.751709
vn -0.649150 -0.000000 -0.760660
vn -0.649150 -0.000000 -0.760660
vn -0.000000 -0.000000 -1.000000
vn -0.000000 -0.000000 -1.000000
vn -0.000000 -0.000000 -1.000000
vn -0.000000 -0.000000 -1.000000
vn 1.000000 0.000000 0.000000
vn 1.000000 0.000000 0.000000
vn 1.000000 0.000000 0.000000
vn 1.000000 0.000000 0.000000
vn 0.869969 0.000000 -0.493106
vn 0.900658 0.000000 -0.434528
vn 0.869969 0.000000 -0.493106
vn 0.900658 0.000000 -0.434528
vn 0.969034 0.000000 -0.246927
vn 0.969034 0.000000 -0.246927
vn 0.996518 0.000000 -0.083379
vn 0.996518 0.000000 -0.083379
vn 0.999548 0.000000 -0.030053
vn 0.999548 0.000000 -0.030053
vn 0.629402 0.000000 -0.777080
vn 0.645300 0.000000 -0.763930
vn 0.629402 0.000000 -0.777080
vn 0.645300 0.000000 -0.763930
vn 0.691539 0.000000 -0.722339
vn 0.691539 0.000000 -0.722339
vn 0.743208 0.000000 -0.669060
vn 0.743208 0.000000 -0.669060
vn 0.759857 0.000000 -0.650091
vn 0.759857 0.000000 -0.650091
vn 0.143606 0.000000 -0.989635
vn 0.205778 0.000000 -0.978599
vn 0.143606 0.000000 -0.989635
vn 0.205778 0.000000 -0.978599
vn 0.385520 0.000000 -0.922699
vn 0.385520 0.000000 -0.922699
vn 0.521393 0.000000 -0.853317
vn 0.521393 0.000000 -0.853317
vn 0.562856 0.000000 -0.826555
vn 0.562856 0.000000 -0.826555
vn -0.579545 -0.000000 -0.814940
vn -0.534020 -0.000000 -0.845472
vn -0.579545 -0.000000 -0.814940
vn -0.534020 -0.000000 -0.845472
vn -0.382827 -0.000000 -0.923820
vn -0.382827 -0.000000 -0.923820
vn -0.192205 -0.000000 -0.981355
vn -0.192205 -0.000000 -0.981355
vn -0.127688 -0.000000 -0.991814
vn -0.127688 -0.000000 -0.991814
vn -0.192205 -0.000000 -0.981355
vn -0.382827 -0.000000 -0.923820
vn -0.679585 -0.000000 -0.733597
vn -0.671272 -0.000000 -0.741211
vn -0.679585 -0.000000 -0.733597
vn -0.671272 -0.000000 -0.741211
vn -0.646076 -0.000000 -0.763273
vn -0.646076 -0.000000 -0.763273
vn -0.623123 -0.000000 -0.782124
vn -0.623123 -0.000000 -0.782124
vn -0.615356 -0.000000 -0.788249
vn -0.615356 -0.000000 -0.788249
vn -0.786076 -0.000000 -0.618130
vn -0.777481 -0.000000 -0.628906
vn -0.786076 -0.000000 -0.618130
vn -0.777481 -0.000000 -0.628906
vn -0.750886 -0.000000 -0.660432
vn -0.750886 -0.000000 -0.660432
vn -0.725082 -0.000000 -0.688662
vn -0.725082 -0.000000 -0.688662
vn -0.716258 -0.000000 -0.697835
vn -0.716258 -0.000000 -0.697835
vn -0.999548 -0.000000 -0.030053
vn -0.996518 -0.000000 -0.083379
vn -0.999548 -0.000000 -0.030053
vn -0.996518 -0.000000 -0.083379
vn -0.969034 -0.000000 -0.246927
vn -0.969034 -0.000000 -0.246927
vn -0.900658 -0.000000 -0.434528
vn -0.900658 -0.000000 -0.434528
vn -0.869969 -0.000000 -0.493106
vn -0.869969 -0.000000 -0.493106
vn -1.000000 0.000000 0.000000
vn -1.000000 0.000000 0.000000
vn -1.000000 0.000000 0.000000
vn -1.000000 0.000000 0.000000
vn -0.869969 0.000000 0.493106
vn -0.900658 0.000000 0.434528
vn -0.869969 0.000000 0.493106
vn -0.900658 0.000000 0.434528
vn -0.969034 0.000000 0.246927
vn -0.969034 0.000000 0.246927
vn -0.996518 0.000000 0.083379
vn -0.996518 0.000000 0.083379
vn -0.999548 0.000000 0.030053
vn -0.999548 0.000000 0.030053
vn -0.716262 0.000000 0.697831
vn -0.725085 0.000000 0.688659
vn -0.716262 0.000000 0.697831
vn -0.725085 0.000000 0.688659
vn -0.750886 0.000000 0.660432
vn -0.750886 0.000000 0.660432
vn -0.777479 0.000000 0.628909
vn -0.777479 0.000000 0.628909
vn -0.786072 0.000000 0.618135
vn -0.786072 0.000000 0.618135
vn -0.615353 0.000000 0.788251
vn -0.623120 0.000000 0.782126
vn -0.615353 0.000000 0.788251
vn -0.623120 0.000000 0.782126
vn -0.646075 0.000000 0.763274
vn -0.646075 0.000000 0.763274
vn -0.671272 0.000000 0.741211
vn -0.671272 0.000000 0.741211
vn -0.679585 0.000000 0.733597
vn -0.679585 0.000000 0.733597
vn -0.102151 0.000000 0.994769
vn -0.164856 0.000000 0.986318
vn -0.102151 0.000000 0.994769
vn -0.164856 0.000000 0.986318
vn -0.353675 0.000000 0.935368
vn -0.353675 0.000000 0.935368
vn -0.515464 0.000000 0.856912
vn -0.515464 0.000000 0.856912
vn -0.564143 0.000000 0.825677
vn -0.564143 0.000000 0.825677
vn 0.548679 0.000000 0.836033
vn 0.503976 0.000000 0.863718
vn 0.548679 0.000000 0.836033
vn 0.503976 0.000000 0.863718
vn 0.357190 0.000000 0.934032
vn 0.357190 0.000000 0.934032
vn 0.176749 0.000000 0.984256
vn 0.176749 0.000000 0.984256
vn 0.115948 0.000000 0.993255
vn 0.115948 0.000000 0.993255
vn 0.691845 0.000000 0.722046
vn 0.683308 0.000000 0.730130
vn 0.691845 0.000000 0.722046
vn 0.683308 0.000000 0.730130
vn 0.657329 0.000000 0.753604
vn 0.657329 0.000000 0.753604
vn 0.633294 0.000000 0.773912
vn 0.633294 0.000000 0.773912
vn 0.625151 0.000000 0.780504
vn 0.625151 0.000000 0.780504
vn 0.798432 0.000000 0.602085
vn 0.789026 0.000000 0.614360
vn 0.798432 0.000000 0.602085
vn 0.789026 0.000000 0.614360
vn 0.759645 0.000000 0.650338
vn 0.759645 0.000000 0.650338
vn 0.729757 0.000000 0.683706
vn 0.729757 0.000000 0.683706
vn 0.719488 0.000000 0.694504
vn 0.719488 0.000000 0.694504
vn -0.000000 0.000000 1.000000
vn -0.000000 0.000000 1.000000
vn -0.000000 0.000000 1.000000
vn -0.000000 0.000000 1.000000
vn -0.654776 0.000000 0.755823
vn -0.665483 0.000000 0.746413
vn -0.654776 0.000000 0.755823
vn -0.665483 0.000000 0.746413
vn -0.696861 0.000000 0.717206
vn -0.696861 0.000000 0.717206
vn -0.734279 0.000000 0.678848
vn -0.734279 0.000000 0.678848
vn -0.746763 0.000000 0.665091
vn -0.746763 0.000000 0.665091
vn -0.354945 0.000000 0.934887
vn -0.382854 0.000000 0.923809
vn -0.354945 0.000000 0.934887
vn -0.382854 0.000000 0.923809
vn -0.465259 0.000000 0.885175
vn -0.465259 0.000000 0.885175
vn -0.558400 0.000000 0.829572
vn -0.558400 0.000000 0.829572
vn -0.588447 0.000000 0.808536
vn -0.588447 0.000000 0.808536
vn -0.015590 0.000000 0.999878
vn -0.043455 0.000000 0.999055
vn -0.015590 0.000000 0.999878
vn -0.043455 0.000000 0.999055
vn -0.127526 0.000000 0.991835
vn -0.127526 0.000000 0.991835
vn -0.227268 0.000000 0.973832
vn -0.227268 0.000000 0.973832
vn -0.260627 0.000000 0.965440
vn -0.260627 0.000000 0.965440
vn 0.000000 -1.000000 0.000000
vn 0.000000 -1.000000 0.000000
vn 0.000000 -1.000000 0.000000
vn 0.000000 -1.000000 0.000000
vn 0.000000 -1.000000 0.000000
vn 0.000000 -1.000000 0.000000
vn 0.000000 -1.000000 0.000000
vn 0.000000 -1.000000 0.000000
vn 0.000000 -1.000000 0.000000
vn 0.000000 -1.000000 0.000000
vn 0.000000 -1.000000 0.000000
vn 0.000000 -1.000000 0.000000
vn 0.000000 -1.000000 0.000000
vn 0.000000 -1.000000 0.000000
vn 0.000000 -1.000000 0.000000
vn 0.000000 -1.000000 0.000000
vn 0.000000 -1.000000 0.000000
vn 0.000000 -1.000000 0.000000
vn 0.000000 -1.000000 0.000000
vn 0.000000 -1.000000 0.000000
vn 0.000000 -1.000000 0.000000
vn 0.000000 -1.000000 0.000000
vn 0.000000 -1.000000 0.000000
vn 0.000000 -1.000000 0.000000
vn 0.000000 -1.000000 0.000000
vn 0.000000 -1.000000 0.000000
vn 0.000000 -1.000000 0.000000
vn 0.000000 -1.000000 0.000000
vn 0.000000 -1.000000 0.000000
vn 0.000000 -1.000000 0.000000
vn 0.000000 -1.000000 0.000000
vn 0.000000 -1.000000 0.000000
vn 0.000000 -1.000000 0.000000
vn 0.000000 -1.000000 0.000000
vn 0.000000 -1.000000 0.000000
vn 0.000000 -1.000000 0.000000
vn 0.000000 -1.000000 0.000000
vn 0.000000 -1.000000 0.000000
vn 0.000000 -1.000000 0.000000
vn 0.000000 -1.000000 0.000000
vn 0.000000 -1.000000 0.000000
vn 0.000000 -1.000000 0.000000
vn 0.000000 -1.000000 0.000000
vn 0.000000 -1.000000 0.000000
vn 0.000000 -1.000000 0.000000
vn 0.000000 -1.000000 0.000000
vn 0.000000 -1.000000 0.000000
vn 0.000000 -1.000000 0.000000
vn 0.000000 -1.000000 0.000000
vn 0.000000 -1.000000 0.000000
vn 0.000000 -1.000000 0.000000
vn 0.000000 -1.000000 0.000000
vn 0.000000 -1.000000 0.000000
vn 0.000000 -1.000000 0.000000
vn 0.000000 -1.000000 0.000000
vn 0.000000 -1.000000 0.000000
vn 0.000000 -1.000000 0.000000
vn 0.000000 -1.000000 0.000000
vn 0.000000 -1.000000 0.000000
vn 0.000000 -1.000000 0.000000
vn 0.000000 -1.000000 0.000000
vn 0.000000 -1.000000 0.000000
vn 0.000000 -1.000000 0.000000
vn 0.000000 -1.000000 0.000000
vn 0.000000 -1.000000 0.000000
vn 0.000000 -1.000000 0.000000
vn 0.000000 -1.000000 0.000000
vn 0.000000 -1.000000 0.000000
vn 0.000000 -1.000000 0.000000
vn 0.000000 -1.000000 0.000000
vn 0.000000 -1.000000 0.000000
vn 0.000000 -1.000000 0.000000
vn 0.000000 -1.000000 0.000000
vn 0.000000 -1.000000 0.000000
vn 0.000000 -1.000000 0.000000
vn 0.000000 -1.000000 0.000000
vn 0.000000 -1.000000 0.000000
vn 0.000000 -1.000000 0.000000
vn 0.000000 -1.000000 0.000000
vn 0.000000 -1.000000 0.000000
vn 0.000000 -1.000000 0.000000
vn 0.000000 -1.000000 0.000000
vn 0.000000 -1.000000 0.000000
vn 0.000000 -1.000000 0.000000
vn 0.000000 -1.000000 0.000000
vn 0.000000 -1.000000 0.000000
vn 0.000000 -1.000000 0.000000
vn 0.000000 -1.000000 0.000000
vn 0.000000 -1.000000 0.000000
vn 0.000000 -1.000000 0.000000
vn 0.000000 -1.000000 0.000000
vn 0.000000 -1.000000 0.000000
vn 0.000000 -1.000000 0.000000
vn 0.000000 -1.000000 0.000000
vn 0.000000 -1.000000 0.000000
vn 0.000000 -1.000000 0.000000
vn 0.000000 -1.000000 0.000000
vn 0.000000 -1.000000 0.000000
vn 0.000000 -1.000000 0.000000
vn 0.000000 -1.000000 0.000000
vn 0.000000 -1.000000 0.000000
vn 0.000000 -1.000000 0.000000
vn 0.000000 -1.000000 0.000000
vn 0.000000 -1.000000 0.000000
vn 0.000000 -1.000000 0.000000
vn 0.000000 -1.000000 0.000000
vn 0.000000 -1.000000 0.000000
vn 0.000000 -1.000000 0.000000
vn 0.000000 -1.000000 0.000000
vn 0.000000 -1.000000 0.000000
vn 0.000000 -1.000000 0.000000
vn 0.000000 -1.000000 0.000000
vn 0.000000 -1.000000 0.000000
vn 0.000000 -1.000000 0.000000
vn 0.000000 -1.000000 0.000000
vn 0.000000 -1.000000 0.000000
vn 0.000000 -1.000000 0.000000
vn 0.000000 -1.000000 0.000000
vn 0.000000 -1.000000 0.000000
vn 0.000000 -1.000000 0.000000
vn 0.000000 -1.000000 0.000000
vn 0.000000 -1.000000 0.000000
vn 0.000000 -1.000000 0.000000
vn 0.000000 -1.000000 0.000000
vn 0.000000 -1.000000 0.000000
vn 0.000000 -1.000000 0.000000
vn 0.000000 -1.000000 0.000000
vn 0.000000 -1.000000 0.000000
vn 0.000000 -1.000000 0.000000
vn 0.000000 -1.000000 0.000000
vn 0.000000 -1.000000 0.000000
vn 0.000000 -1.000000 0.000000
vn 0.000000 -1.000000 0.000000
vn 0.000000 -1.000000 0.000000
vn 0.000000 -1.000000 0.000000
vn 0.000000 -1.000000 0.000000
vn 0.000000 -1.000000 0.000000
vn 0.000000 -1.000000 0.000000
vn 0.000000 -1.000000 0.000000
vn 0.000000 -1.000000 0.000000
vn 0.000000 -1.000000 0.000000
vn 0.000000 -1.000000 0.000000
vn 0.000000 -1.000000 0.000000
vn 0.000000 -1.000000 0.000000
vn -0.000000 1.000000 -0.000000
vn -0.000000 1.000000 -0.000000
vn -0.000000 1.000000 -0.000000
vn -0.000000 1.000000 -0.000000
vn -0.000000 1.000000 -0.000000
vn -0.000000 1.000000 -0.000000
vn -0.000000 1.000000 -0.000000
vn -0.000000 1.000000 -0.000000
vn -0.000000 1.000000 -0.000000
vn -0.000000 1.000000 -0.000000
vn -0.000000 1.000000 -0.000000
vn -0.000000 1.000000 -0.000000
vn -0.000000 1.000000 -0.000000
vn -0.000000 1.000000 -0.000000
vn -0.000000 1.000000 -0.000000
vn -0.000000 1.000000 -0.000000
vn -0.000000 1.000000 -0.000000
vn -0.000000 1.000000 -0.000000
vn -0.000000 1.000000 -0.000000
vn -0.000000 1.000000 -0.000000
vn -0.000000 1.000000 -0.000000
vn -0.000000 1.000000 -0.000000
vn -0.000000 1.000000 -0.000000
vn -0.000000 1.000000 -0.000000
vn -0.000000 1.000000 -0.000000
vn -0.000000 1.000000 -0.000000
vn -0.000000 1.000000 -0.000000
vn -0.000000 1.000000 -0.000000
vn -0.000000 1.000000 -0.000000
vn -0.000000 1.000000 -0.000000
vn -0.000000 1.000000 -0.000000
vn -0.000000 1.000000 -0.000000
vn -0.000000 1.000000 -0.000000
vn -0.000000 1.000000 -0.000000
vn -0.000000 1.000000 -0.000000
vn -0.000000 1.000000 -0.000000
vn -0.000000 1.000000 -0.000000
vn -0.000000 1.000000 -0.000000
vn -0.000000 1.000000 -0.000000
vn -0.000000 1.000000 -0.000000
vn -0.000000 1.000000 -0.000000
vn -0.000000 1.000000 -0.000000
vn -0.000000 1.000000 -0.000000
vn -0.000000 1.000000 -0.000000
vn -0.000000 1.000000 -0.000000
vn -0.000000 1.000000 -0.000000
vn -0.000000 1.000000 -0.000000
vn -0.000000 1.000000 -0.000000
vn -0.000000 1.000000 -0.000000
vn -0.000000 1.000000 -0.000000
vn -0.000000 1.000000 -0.000000
vn -0.000000 1.000000 -0.000000
vn -0.000000 1.000000 -0.000000
vn -0.000000 1.000000 -0.000000
vn -0.000000 1.000000 -0.000000
vn -0.000000 1.000000 -0.000000
vn -0.000000 1.000000 -0.000000
vn -0.000000 1.000000 -0.000000
vn -0.000000 1.000000 -0.000000
vn -0.000000 1.000000 -0.000000
vn -0.000000 1.000000 -0.000000
vn -0.000000 1.000000 -0.000000
vn -0.000000 1.000000 -0.000000
vn -0.000000 1.000000 -0.000000
vn -0.000000 1.000000 -0.000000
vn -0.000000 1.000000 -0.000000
vn -0.000000 1.000000 -0.000000
vn -0.000000 1.000000 -0.000000
vn -0.000000 1.000000 -0.000000
vn -0.000000 1.000000 -0.000000
vn -0.000000 1.000000 -0.000000
vn -0.000000 1.000000 -0.000000
vn -0.000000 1.000000 -0.000000
vn -0.000000 1.000000 -0.000000
vn -0.000000 1.000000 -0.000000
vn -0.000000 1.000000 -0.000000
vn -0.000000 1.000000 -0.000000
vn -0.000000 1.000000 -0.000000
vn -0.000000 1.000000 -0.000000
vn -0.000000 1.000000 -0.000000
vn -0.000000 1.000000 -0.000000
vn -0.000000 1.000000 -0.000000
vn -0.000000 1.000000 -0.000000
vn -0.000000 1.000000 -0.000000
vn -0.000000 1.000000 -0.000000
vn -0.000000 1.000000 -0.000000
vn -0.000000 1.000000 -0.000000
vn -0.000000 1.000000 -0.000000
vn -0.000000 1.000000 -0.000000
vn -0.000000 1.000000 -0.000000
vn -0.000000 1.000000 -0.000000
vn -0.000000 1.000000 -0.000000
vn -0.000000 1.000000 -0.000000
vn -0.000000 1.000000 -0.000000
vn -0.000000 1.000000 -0.000000
vn -0.000000 1.000000 -0.000000
vn -0.000000 1.000000 -0.000000
vn -0.000000 1.000000 -0.000000
vn -0.000000 1.000000 -0.000000
vn -0.000000 1.000000 -0.000000
vn -0.000000 1.000000 -0.000000
vn -0.000000 1.000000 -0.000000
vn -0.000000 1.000000 -0.000000
vn -0.000000 1.000000 -0.000000
vn -0.000000 1.000000 -0.000000
vn -0.000000 1.000000 -0.000000
vn -0.000000 1.000000 -0.000000
vn -0.000000 1.000000 -0.000000
vn -0.000000 1.000000 -0.000000
vn -0.000000 1.000000 -0.000000
vn -0.000000 1.000000 -0.000000
vn -0.000000 1.000000 -0.000000
vn -0.000000 1.000000 -0.000000
vn -0.000000 1.000000 -0.000000
vn -0.000000 1.000000 -0.000000
vn -0.000000 1.000000 -0.000000
vn -0.000000 1.000000 -0.000000
vn -0.000000 1.000000 -0.000000
vn -0.000000 1.000000 -0.000000
vn -0.000000 1.000000 -0.000000
vn -0.000000 1.000000 -0.000000
vn -0.000000 1.000000 -0.000000
vn -0.000000 1.000000 -0.000000
vn -0.000000 1.000000 -0.000000
vn -0.000000 1.000000 -0.000000
vn -0.000000 1.000000 -0.000000
vn -0.000000 1.000000 -0.000000
vn -0.000000 1.000000 -0.000000
vn -0.000000 1.000000 -0.000000
vn -0.000000 1.000000 -0.000000
vn -0.000000 1.000000 -0.000000
vn -0.000000 1.000000 -0.000000
vn -0.000000 1.000000 -0.000000
vn -0.000000 1.000000 -0.000000
vn -0.000000 1.000000 -0.000000
vn -0.000000 1.000000 -0.000000
vn -0.000000 1.000000 -0.000000
vn -0.000000 1.000000 -0.000000
vn -0.000000 1.000000 -0.000000
vn -0.000000 1.000000 -0.000000
vn -0.000000 1.000000 -0.000000
vn -0.000000 1.000000 -0.000000
vn -0.000000 1.000000 -0.000000
vn -0.000000 1.000000 -0.000000
f 2615/4481/3997 2616/4482/3998 2626/4483/3999
f 2626/4483/3999 2616/4482/3998 2625/4484/4000
f 2625/4484/4000 2616/4482/3998 2617/4485/4001
f 2625/4484/4000 2617/4485/4001 2624/4486/4002
f 2624/4486/4002 2617/4485/4001 2618/4487/4003
f 2624/4486/4002 2618/4487/4003 2623/4488/4004
f 2623/4488/4004 2618/4487/4003 2619/4489/4005
f 2623/4488/4004 2619/4489/4005 2622/4490/4006
f 2622/4490/4006 2619/4489/4005 2620/4491/4007
f 2622/4490/4006 2620/4491/4007 2621/4492/4008
f 2627/4493/4009 2628/4494/4010 2634/4495/4011
f 2634/4495/4011 2628/4494/4010 2633/4496/4012
f 2633/4496/4012 2628/4494/4010 2629/4497/4013
f 2633/4496/4012 2629/4497/4013 2632/4498/4014
f 2632/4498/4014 2629/4497/4013 2630/4499/4015
f 2632/4498/4014 2630/4499/4015 2631/4500/4016
f 2631/4500/4016 2630/4499/4015 2615/4501/4017
f 2631/4500/4016 2615/4501/4017 2626/4502/4018
f 2635/4503/4019 2636/4504/4020 2652/4505/4021
f 2652/4505/4021 2636/4504/4020 2651/4506/4022
f 2651/4506/4022 2636/4504/4020 2637/4507/4023
f 2651/4506/4022 2637/4507/4023 2650/4508/4024
f 2650/4508/4024 2637/4507/4023 2638/4509/4025
f 2650/4508/4024 2638/4509/4025 2649/4510/4026
f 2649/4510/4026 2638/4509/4025 2639/4511/4027
f 2649/4510/4026 2639/4511/4027 2648/4512/4028
f 2648/4512/4028 2639/4511/4027 2640/4513/4029
f 2648/4512/4028 2640/4513/4029 2647/4514/4030
f 2647/4514/4030 2640/4513/4029 2641/4515/4031
f 2647/4514/4030 2641/4515/4031 2646/4516/4032
f 2646/4516/4032 2641/4515/4031 2642/4517/4033
f 2646/4516/4032 2642/4517/4033 2645/4518/4034
f 2645/4518/4034 2642/4517/4033 2643/4519/4035
f 2645/4518/4034 2643/4519/4035 2644/4520/4036
f 2644/4520/4036 2643/4519/4035 2627/4521/4037
f 2644/4520/4036 2627/4521/4037 2634/4522/4038
f 2653/4523/4039 2654/4524/4040 2660/4525/4041
f 2660/4525/4041 2654/4524/4040 2659/4526/4042
f 2659/4526/4042 2654/4524/4040 2655/4527/4043
f 2659/4526/4042 2655/4527/4043 2658/4528/4044
f 2658/4528/4044 2655/4527/4043 2656/4529/4045
f 2658/4528/4044 2656/4529/4045 2657/4530/4046
f 2657/4530/4046 2656/4529/4045 2635/4531/4047
f 2657/4530/4046 2635/4531/4047 2652/4532/4048
f 2661/4533/4049 2662/4534/4050 2668/4535/4051
f 2668/4535/4051 2662/4534/4050 2667/4536/4052
f 2667/4536/4052 2662/4534/4050 2663/4537/4053
f 2667/4536/4052 2663/4537/4053 2666/4538/4054
f 2666/4538/4054 2663/4537/4053 2664/4539/4055
f 2666/4538/4054 2664/4539/4055 2665/4540/4056
f 2665/4540/4056 2664/4539/4055 2653/4541/4057
f 2665/4540/4056 2653/4541/4057 2660/4542/4058
f 2669/4543/4059 2661/4544/4060 2670/4545/4061
f 2670/4545/4061 2661/4544/4060 2668/4546/4062
f 2671/4547/4063 2672/4548/4064 2678/4549/4065
f 2678/4549/4065 2672/4548/4064 2677/4550/4066
f 2677/4550/4066 2672/4548/4064 2673/4551/4067
f 2677/4550/4066 2673/4551/4067 2676/4552/4068
f 2676/4552/4068 2673/4551/4067 2674/4553/4069
f 2676/4552/4068 2674/4553/4069 2675/4554/4070
f 2675/4554/4070 2674/4553/4069 2669/4555/4071
f 2675/4554/4070 2669/4555/4071 2670/4556/4072
f 2620/4557/4073 2679/4558/4074 2621/4559/4075
f 2621/4559/4075 2679/4558/4074 2686/4560/4076
f 2686/4560/4076 2679/4558/4074 2680/4561/4077
f 2686/4560/4076 2680/4561/4077 2685/4562/4078
f 2685/4562/4078 2680/4561/4077 2681/4563/4079
f 2685/4562/4078 2681/4563/4079 2684/4564/4080
f 2684/4564/4080 2681/4563/4079 2682/4565/4081
f 2684/4564/4080 2682/4565/4081 2683/4566/4082
f 2683/4566/4082 2682/4565/4081 2671/4567/4083
f 2683/4566/4082 2671/4567/4083 2678/4568/4084
f 2687/4569/4085 2688/4570/4086 2696/4571/4087
f 2696/4571/4087 2688/4570/4086 2695/4572/4088
f 2695/4572/4088 2688/4570/4086 2689/4573/4089
f 2695/4572/4088 2689/4573/4089 2694/4574/4090
f 2694/4574/4090 2689/4573/4089 2690/4575/4091
f 2694/4574/4090 2690/4575/4091 2693/4576/4092
f 2693/4576/4092 2690/4575/4091 2691/4577/4093
f 2693/4576/4092 2691/4577/4093 2692/4578/4094
f 2697/4579/4095 2698/4580/4096 2704/4581/4097
f 2704/4581/4097 2698/4580/4096 2703/4582/4098
f 2703/4582/4098 2698/4580/4096 2699/4583/4099
f 2703/4582/4098 2699/4583/4099 2702/4584/4100
f 2702/4584/4100 2699/4583/4099 2700/4585/4101
f 2702/4584/4100 2700/4585/4101 2701/4586/4102
f 2701/4586/4102 2700/4585/4101 2687/4587/4103
f 2701/4586/4102 2687/4587/4103 2696/4588/4104
f 2705/4589/4105 2706/4590/4106 2712/4591/4107
f 2712/4591/4107 2706/4590/4106 2711/4592/4108
f 2711/4592/4108 2706/4590/4106 2707/4593/4109
f 2711/4592/4108 2707/4593/4109 2710/4594/4110
f 2710/4594/4110 2707/4593/4109 2708/4595/4111
f 2710/4594/4110 2708/4595/4111 2709/4596/4112
f 2709/4596/4112 2708/4595/4111 2697/4597/4113
f 2709/4596/4112 2697/4597/4113 2704/4598/4114
f 2713/4599/4115 2714/4600/4116 2720/4601/4117
f 2720/4601/4117 2714/4600/4116 2719/4602/4118
f 2719/4602/4118 2714/4600/4116 2715/4603/4119
f 2719/4602/4118 2715/4603/4119 2718/4604/4120
f 2718/4604/4120 2715/4603/4119 2716/4605/4121
f 2718/4604/4120 2716/4605/4121 2717/4606/4122
f 2717/4606/4122 2716/4605/4121 2705/4607/4123
f 2717/4606/4122 2705/4607/4123 2712/4608/4124
f 2721/4609/4125 2722/4610/4126 2728/4611/4127
f 2728/4611/4127 2722/4610/4126 2727/4612/4128
f 2727/4612/4128 2722/4610/4126 2723/4613/4129
f 2727/4612/4128 2723/4613/4129 2726/4614/4130
f 2726/4614/4130 2723/4613/4129 2724/4615/4131
f 2726/4614/4130 2724/4615/4131 2725/4616/4132
f 2725/4616/4132 2724/4615/4131 2713/4617/4133
f 2725/4616/4132 2713/4617/4133 2720/4618/4134
f 2729/4619/4135 2730/4620/4136 2736/4621/4137
f 2736/4621/4137 2730/4620/4136 2735/4622/4138
f 2735/4622/4138 2730/4620/4136 2731/4623/4139
f 2735/4622/4138 2731/4623/4139 2734/4624/4140
f 2734/4624/4140 2731/4623/4139 2732/4625/4141
f 2734/4624/4140 2732/4625/4141 2733/4626/4142
f 2733/4626/4142 2732/4625/4141 2721/4627/4143
f 2733/4626/4142 2721/4627/4143 2728/4628/4144
f 2737/4629/4145 2738/4630/4146 2744/4631/4147
f 2744/4631/4147 2738/4630/4146 2743/4632/4148
f 2743/4632/4148 2738/4630/4146 2739/4633/4149
f 2743/4632/4148 2739/4633/4149 2742/4634/4150
f 2742/4634/4150 2739/4633/4149 2740/4635/4151
f 2742/4634/4150 2740/4635/4151 2741/4636/4152
f 2741/4636/4152 2740/4635/4151 2729/4637/4153
f 2741/4636/4152 2729/4637/4153 2736/4638/4154
f 2745/4639/4155 2746/4640/4156 2752/4641/4157
f 2752/4641/4157 2746/4640/4156 2751/4642/4158
f 2751/4642/4158 2746/4640/4156 2747/4643/4159
f 2751/4642/4158 2747/4643/4159 2750/4644/4160
f 2750/4644/4160 2747/4643/4159 2748/4645/4161
f 2750/4644/4160 2748/4645/4161 2749/4646/4162
f 2749/4646/4162 2748/4645/4161 2737/4647/4163
f 2749/4646/4162 2737/4647/4163 2744/4648/4164
f 2753/4649/4165 2754/4650/4166 2760/4651/4167
f 2760/4651/4167 2754/4650/4166 2759/4652/4168
f 2759/4652/4168 2754/4650/4166 2755/4653/4169
f 2759/4652/4168 2755/4653/4169 2758/4654/4170
f 2758/4654/4170 2755/4653/4169 2756/4655/4171
f 2758/4654/4170 2756/4655/4171 2757/4656/4172
f 2757/4656/4172 2756/4655/4171 2745/4657/4173
f 2757/4656/4172 2745/4657/4173 2752/4658/4174
f 2761/4659/4175 2753/4660/4176 2762/4661/4177
f 2762/4661/4177 2753/4660/4176 2760/4662/4178
f 2763/4663/4179 2761/4664/4180 2764/4665/4181
f 2764/4665/4181 2761/4664/4180 2762/4666/4182
f 2765/4667/4183 2766/4668/4184 2772/4669/4185
f 2772/4669/4185 2766/4668/4184 2771/4670/4186
f 2771/4670/4186 2766/4668/4184 2767/4671/4187
f 2771/4670/4186 2767/4671/4187 2770/4672/4188
f 2770/4672/4188 2767/4671/4187 2768/4673/4189
f 2770/4672/4188 2768/4673/4189 2769/4674/4190
f 2769/4674/4190 2768/4673/4189 2763/4675/4191
f 2769/4674/4190 2763/4675/4191 2764/4676/4192
f 2773/4677/4193 2774/4678/4194 2780/4679/4195
f 2780/4679/4195 2774/4678/4194 2779/4680/4196
f 2779/4680/4196 2774/4678/4194 2775/4681/4197
f 2779/4680/4196 2775/4681/4197 2778/4682/4198
f 2778/4682/4198 2775/4681/4197 2776/4683/4199
f 2778/4682/4198 2776/4683/4199 2777/4684/4200
f 2777/4684/4200 2776/4683/4199 2765/4685/4201
f 2777/4684/4200 2765/4685/4201 2772/4686/4202
f 2781/4687/4203 2782/4688/4204 2788/4689/4205
f 2788/4689/4205 2782/4688/4204 2787/4690/4206
f 2787/4690/4206 2782/4688/4204 2783/4691/4207
f 2787/4690/4206 2783/4691/4207 2786/4692/4208
f 2786/4692/4208 2783/4691/4207 2784/4693/4209
f 2786/4692/4208 2784/4693/4209 2785/4694/4210
f 2785/4694/4210 2784/4693/4209 2773/4695/4211
f 2785/4694/4210 2773/4695/4211 2780/4696/4212
f 2789/4697/4213 2790/4698/4214 2796/4699/4215
f 2796/4699/4215 2790/4698/4214 2795/4700/4216
f 2795/4700/4216 2790/4698/4214 2798/4701/4217
f 2795/4700/4216 2798/4701/4217 2794/4702/4218
f 2794/4702/4218 2798/4701/4217 2797/4703/4219
f 2794/4702/4218 2797/4703/4219 2793/4704/4220
f 2793/4704/4220 2797/4703/4219 2788/4705/4221
f 2788/4705/4221 2797/4703/4219 2781/4706/4222
f 2781/4706/4222 2797/4703/4219 2792/4707/4223
f 2792/4707/4223 2797/4703/4219 2798/4701/4217
f 2792/4707/4223 2798/4701/4217 2791/4708/4224
f 2791/4708/4224 2798/4701/4217 2790/4698/4214
f 2799/4709/4225 2800/4710/4226 2806/4711/4227
f 2806/4711/4227 2800/4710/4226 2805/4712/4228
f 2805/4712/4228 2800/4710/4226 2801/4713/4229
f 2805/4712/4228 2801/4713/4229 2804/4714/4230
f 2804/4714/4230 2801/4713/4229 2802/4715/4231
f 2804/4714/4230 2802/4715/4231 2803/4716/4232
f 2803/4716/4232 2802/4715/4231 2789/4717/4233
f 2803/4716/4232 2789/4717/4233 2796/4718/4234
f 2807/4719/4235 2808/4720/4236 2814/4721/4237
f 2814/4721/4237 2808/4720/4236 2813/4722/4238
f 2813/4722/4238 2808/4720/4236 2809/4723/4239
f 2813/4722/4238 2809/4723/4239 2812/4724/4240
f 2812/4724/4240 2809/4723/4239 2810/4725/4241
f 2812/4724/4240 2810/4725/4241 2811/4726/4242
f 2811/4726/4242 2810/4725/4241 2799/4727/4243
f 2811/4726/4242 2799/4727/4243 2806/4728/4244
f 2815/4729/4245 2816/4730/4246 2822/4731/4247
f 2822/4731/4247 2816/4730/4246 2821/4732/4248
f 2821/4732/4248 2816/4730/4246 2817/4733/4249
f 2821/4732/4248 2817/4733/4249 2820/4734/4250
f 2820/4734/4250 2817/4733/4249 2818/4735/4251
f 2820/4734/4250 2818/4735/4251 2819/4736/4252
f 2819/4736/4252 2818/4735/4251 2807/4737/4253
f 2819/4736/4252 2807/4737/4253 2814/4738/4254
f 2823/4739/4255 2815/4740/4256 2824/4741/4257
f 2824/4741/4257 2815/4740/4256 2822/4742/4258
f 2825/4743/4259 2826/4744/4260 2832/4745/4261
f 2832/4745/4261 2826/4744/4260 2831/4746/4262
f 2831/4746/4262 2826/4744/4260 2827/4747/4263
f 2831/4746/4262 2827/4747/4263 2830/4748/4264
f 2830/4748/4264 2827/4747/4263 2828/4749/4265
f 2830/4748/4264 2828/4749/4265 2829/4750/4266
f 2829/4750/4266 2828/4749/4265 2823/4751/4267
f 2829/4750/4266 2823/4751/4267 2824/4752/4268
f 2833/4753/4269 2834/4754/4270 2840/4755/4271
f 2840/4755/4271 2834/4754/4270 2839/4756/4272
f 2839/4756/4272 2834/4754/4270 2835/4757/4273
f 2839/4756/4272 2835/4757/4273 2838/4758/4274
f 2838/4758/4274 2835/4757/4273 2836/4759/4275
f 2838/4758/4274 2836/4759/4275 2837/4760/4276
f 2837/4760/4276 2836/4759/4275 2825/4761/4277
f 2837/4760/4276 2825/4761/4277 2832/4762/4278
f 2841/4763/4279 2842/4764/4280 2848/4765/4281
f 2848/4765/4281 2842/4764/4280 2847/4766/4282
f 2847/4766/4282 2842/4764/4280 2843/4767/4283
f 2847/4766/4282 2843/4767/4283 2846/4768/4284
f 2846/4768/4284 2843/4767/4283 2844/4769/4285
f 2846/4768/4284 2844/4769/4285 2845/4770/4286
f 2845/4770/4286 2844/4769/4285 2833/4771/4287
f 2845/4770/4286 2833/4771/4287 2840/4772/4288
f 2849/4773/4289 2850/4774/4290 2856/4775/4291
f 2856/4775/4291 2850/4774/4290 2855/4776/4292
f 2855/4776/4292 2850/4774/4290 2851/4777/4293
f 2855/4776/4292 2851/4777/4293 2854/4778/4294
f 2854/4778/4294 2851/4777/4293 2852/4779/4295
f 2854/4778/4294 2852/4779/4295 2853/4780/4296
f 2853/4780/4296 2852/4779/4295 2841/4781/4297
f 2853/4780/4296 2841/4781/4297 2848/4782/4298
f 2857/4783/4299 2858/4784/4300 2864/4785/4301
f 2864/4785/4301 2858/4784/4300 2863/4786/4302
f 2863/4786/4302 2858/4784/4300 2859/4787/4303
f 2863/4786/4302 2859/4787/4303 2862/4788/4304
f 2862/4788/4304 2859/4787/4303 2860/4789/4305
f 2862/4788/4304 2860/4789/4305 2861/4790/4306
f 2861/4790/4306 2860/4789/4305 2849/4791/4307
f 2861/4790/4306 2849/4791/4307 2856/4792/4308
f 2865/4793/4309 2866/4794/4310 2872/4795/4311
f 2872/4795/4311 2866/4794/4310 2871/4796/4312
f 2871/4796/4312 2866/4794/4310 2867/4797/4313
f 2871/4796/4312 2867/4797/4313 2870/4798/4314
f 2870/4798/4314 2867/4797/4313 2868/4799/4315
f 2870/4798/4314 2868/4799/4315 2869/4800/4316
f 2869/4800/4316 2868/4799/4315 2857/4801/4317
f 2869/4800/4316 2857/4801/4317 2864/4802/4318
f 2873/4803/4319 2874/4804/4320 2880/4805/4321
f 2880/4805/4321 2874/4804/4320 2879/4806/4322
f 2879/4806/4322 2874/4804/4320 2875/4807/4323
f 2879/4806/4322 2875/4807/4323 2878/4808/4324
f 2878/4808/4324 2875/4807/4323 2876/4809/4325
f 2878/4808/4324 2876/4809/4325 2877/4810/4326
f 2877/4810/4326 2876/4809/4325 2865/4811/4327
f 2877/4810/4326 2865/4811/4327 2872/4812/4328
f 2881/4813/4329 2873/4814/4330 2882/4815/4331
f 2882/4815/4331 2873/4814/4330 2880/4816/4332
f 2883/4817/4333 2884/4818/4334 2890/4819/4335
f 2890/4819/4335 2884/4818/4334 2889/4820/4336
f 2889/4820/4336 2884/4818/4334 2885/4821/4337
f 2889/4820/4336 2885/4821/4337 2888/4822/4338
f 2888/4822/4338 2885/4821/4337 2886/4823/4339
f 2888/4822/4338 2886/4823/4339 2887/4824/4340
f 2887/4824/4340 2886/4823/4339 2881/4825/4341
f 2887/4824/4340 2881/4825/4341 2882/4826/4342
f 2891/4827/4343 2892/4828/4344 2898/4829/4345
f 2898/4829/4345 2892/4828/4344 2897/4830/4346
f 2897/4830/4346 2892/4828/4344 2893/4831/4347
f 2897/4830/4346 2893/4831/4347 2896/4832/4348
f 2896/4832/4348 2893/4831/4347 2894/4833/4349
f 2896/4832/4348 2894/4833/4349 2895/4834/4350
f 2895/4834/4350 2894/4833/4349 2883/4835/4351
f 2895/4834/4350 2883/4835/4351 2890/4836/4352
f 2691/4837/4353 2899/4838/4354 2692/4839/4355
f 2692/4839/4355 2899/4838/4354 2904/4840/4356
f 2904/4840/4356 2899/4838/4354 2900/4841/4357
f 2904/4840/4356 2900/4841/4357 2903/4842/4358
f 2903/4842/4358 2900/4841/4357 2901/4843/4359
f 2903/4842/4358 2901/4843/4359 2902/4844/4360
f 2902/4844/4360 2901/4843/4359 2891/4845/4361
f 2902/4844/4360 2891/4845/4361 2898/4846/4362
f 2693/4847/4363 2692/4848/4364 2650/4849/4365
f 2650/4849/4365 2692/4848/4364 2904/4850/4366
f 2650/4849/4365 2904/4850/4366 2651/4851/4367
f 2651/4851/4367 2904/4850/4366 2903/4852/4368
f 2651/4851/4367 2903/4852/4368 2652/4853/4369
f 2652/4853/4369 2903/4852/4368 2902/4854/4370
f 2652/4853/4369 2902/4854/4370 2898/4855/4371
f 2652/4853/4369 2898/4855/4371 2657/4856/4372
f 2657/4856/4372 2898/4855/4371 2897/4857/4373
f 2657/4856/4372 2897/4857/4373 2658/4858/4374
f 2658/4858/4374 2897/4857/4373 2896/4859/4375
f 2658/4858/4374 2896/4859/4375 2895/4860/4376
f 2895/4860/4376 2890/4861/4377 2658/4858/4374
f 2658/4858/4374 2890/4861/4377 2659/4862/4378
f 2659/4862/4378 2890/4861/4377 2889/4863/4379
f 2659/4862/4378 2889/4863/4379 2888/4864/4380
f 2888/4864/4380 2887/4865/4381 2659/4862/4378
f 2659/4862/4378 2887/4865/4381 2660/4866/4382
f 2660/4866/4382 2887/4865/4381 2882/4867/4383
f 2660/4866/4382 2882/4867/4383 2665/4868/4384
f 2665/4868/4384 2882/4867/4383 2880/4869/4385
f 2665/4868/4384 2880/4869/4385 2666/4870/4386
f 2666/4870/4386 2880/4869/4385 2667/4871/4387
f 2667/4871/4387 2880/4869/4385 2668/4872/4388
f 2668/4872/4388 2880/4869/4385 2879/4873/4389
f 2668/4872/4388 2879/4873/4389 2878/4874/4390
f 2878/4874/4390 2877/4875/4391 2668/4872/4388
f 2668/4872/4388 2877/4875/4391 2872/4876/4392
f 2668/4872/4388 2872/4876/4392 2840/4877/4393
f 2840/4877/4393 2872/4876/4392 2845/4878/4394
f 2845/4878/4394 2872/4876/4392 2871/4879/4395
f 2845/4878/4394 2871/4879/4395 2846/4880/4396
f 2846/4880/4396 2871/4879/4395 2870/4881/4397
f 2846/4880/4396 2870/4881/4397 2847/4882/4398
f 2847/4882/4398 2870/4881/4397 2869/4883/4399
f 2847/4882/4398 2869/4883/4399 2848/4884/4400
f 2848/4884/4400 2869/4883/4399 2864/4885/4401
f 2848/4884/4400 2864/4885/4401 2863/4886/4402
f 2848/4884/4400 2863/4886/4402 2853/4887/4403
f 2853/4887/4403 2863/4886/4402 2862/4888/4404
f 2853/4887/4403 2862/4888/4404 2861/4889/4405
f 2856/4890/4406 2855/4891/4407 2861/4889/4405
f 2861/4889/4405 2855/4891/4407 2853/4887/4403
f 2855/4891/4407 2854/4892/4408 2853/4887/4403
f 2840/4877/4393 2839/4893/4409 2668/4872/4388
f 2668/4872/4388 2839/4893/4409 2824/4894/4410
f 2668/4872/4388 2824/4894/4410 2670/4895/4411
f 2670/4895/4411 2824/4894/4410 2675/4896/4412
f 2675/4896/4412 2824/4894/4410 2822/4897/4413
f 2675/4896/4412 2822/4897/4413 2762/4898/4414
f 2762/4898/4414 2822/4897/4413 2764/4899/4415
f 2764/4899/4415 2822/4897/4413 2777/4900/4416
f 2764/4899/4415 2777/4900/4416 2772/4901/4417
f 2839/4893/4409 2838/4902/4418 2824/4894/4410
f 2824/4894/4410 2838/4902/4418 2837/4903/4419
f 2824/4894/4410 2837/4903/4419 2832/4904/4420
f 2824/4894/4410 2832/4904/4420 2829/4905/4421
f 2829/4905/4421 2832/4904/4420 2831/4906/4422
f 2829/4905/4421 2831/4906/4422 2830/4907/4423
f 2821/4908/4424 2814/4909/4425 2822/4897/4413
f 2822/4897/4413 2814/4909/4425 2813/4910/4426
f 2822/4897/4413 2813/4910/4426 2812/4911/4427
f 2820/4912/4428 2819/4913/4429 2821/4908/4424
f 2821/4908/4424 2819/4913/4429 2814/4909/4425
f 2812/4911/4427 2811/4914/4430 2822/4897/4413
f 2822/4897/4413 2811/4914/4430 2778/4915/4431
f 2822/4897/4413 2778/4915/4431 2777/4900/4416
f 2811/4914/4430 2806/4916/4432 2778/4915/4431
f 2778/4915/4431 2806/4916/4432 2805/4917/4433
f 2778/4915/4431 2805/4917/4433 2804/4918/4434
f 2778/4915/4431 2804/4918/4434 2779/4919/4435
f 2779/4919/4435 2804/4918/4434 2803/4920/4436
f 2779/4919/4435 2803/4920/4436 2796/4921/4437
f 2795/4922/4438 2785/4923/4439 2796/4921/4437
f 2796/4921/4437 2785/4923/4439 2780/4924/4440
f 2796/4921/4437 2780/4924/4440 2779/4919/4435
f 2794/4925/4441 2787/4926/4442 2795/4922/4438
f 2795/4922/4438 2787/4926/4442 2786/4927/4443
f 2795/4922/4438 2786/4927/4443 2785/4923/4439
f 2794/4925/4441 2793/4928/4444 2787/4926/4442
f 2787/4926/4442 2793/4928/4444 2788/4929/4445
f 2764/4899/4415 2772/4901/4417 2769/4930/4446
f 2769/4930/4446 2772/4901/4417 2771/4931/4447
f 2769/4930/4446 2771/4931/4447 2770/4932/4448
f 2760/4933/4449 2678/4934/4450 2762/4898/4414
f 2762/4898/4414 2678/4934/4450 2677/4935/4451
f 2762/4898/4414 2677/4935/4451 2676/4936/4452
f 2678/4934/4450 2760/4933/4449 2683/4937/4453
f 2683/4937/4453 2760/4933/4449 2759/4938/4454
f 2683/4937/4453 2759/4938/4454 2684/4939/4455
f 2684/4939/4455 2759/4938/4454 2758/4940/4456
f 2684/4939/4455 2758/4940/4456 2757/4941/4457
f 2684/4939/4455 2757/4941/4457 2685/4942/4458
f 2685/4942/4458 2757/4941/4457 2752/4943/4459
f 2685/4942/4458 2752/4943/4459 2751/4944/4460
f 2751/4944/4460 2750/4945/4461 2685/4942/4458
f 2685/4942/4458 2750/4945/4461 2686/4946/4462
f 2686/4946/4462 2750/4945/4461 2749/4947/4463
f 2686/4946/4462 2749/4947/4463 2744/4948/4464
f 2744/4948/4464 2743/4949/4465 2686/4946/4462
f 2686/4946/4462 2743/4949/4465 2621/4950/4466
f 2621/4950/4466 2743/4949/4465 2742/4951/4467
f 2621/4950/4466 2742/4951/4467 2741/4952/4468
f 2621/4950/4466 2741/4952/4468 2622/4953/4469
f 2622/4953/4469 2741/4952/4468 2736/4954/4470
f 2622/4953/4469 2736/4954/4470 2623/4955/4471
f 2623/4955/4471 2736/4954/4470 2735/4956/4472
f 2623/4955/4471 2735/4956/4472 2624/4957/4473
f 2624/4957/4473 2735/4956/4472 2734/4958/4474
f 2624/4957/4473 2734/4958/4474 2625/4959/4475
f 2625/4959/4475 2734/4958/4474 2626/4960/4476
f 2626/4960/4476 2734/4958/4474 2733/4961/4477
f 2626/4960/4476 2733/4961/4477 2728/4962/4478
f 2626/4960/4476 2728/4962/4478 2631/4963/4479
f 2631/4963/4479 2728/4962/4478 2727/4964/4480
f 2631/4963/4479 2727/4964/4480 2726/4965/4481
f 2631/4963/4479 2726/4965/4481 2632/4966/4482
f 2632/4966/4482 2726/4965/4481 2725/4967/4483
f 2632/4966/4482 2725/4967/4483 2720/4968/4484
f 2632/4966/4482 2720/4968/4484 2633/4969/4485
f 2633/4969/4485 2720/4968/4484 2719/4970/4486
f 2633/4969/4485 2719/4970/4486 2718/4971/4487
f 2718/4971/4487 2717/4972/4488 2633/4969/4485
f 2633/4969/4485 2717/4972/4488 2634/4973/4489
f 2634/4973/4489 2717/4972/4488 2712/4974/4490
f 2634/4973/4489 2712/4974/4490 2711/4975/4491
f 2711/4975/4491 2710/4976/4492 2634/4973/4489
f 2634/4973/4489 2710/4976/4492 2644/4977/4493
f 2644/4977/4493 2710/4976/4492 2709/4978/4494
f 2644/4977/4493 2709/4978/4494 2704/4979/4495
f 2704/4979/4495 2703/4980/4496 2644/4977/4493
f 2644/4977/4493 2703/4980/4496 2702/4981/4497
f 2644/4977/4493 2702/4981/4497 2645/4982/4498
f 2645/4982/4498 2702/4981/4497 2701/4983/4499
f 2645/4982/4498 2701/4983/4499 2696/4984/4500
f 2645/4982/4498 2696/4984/4500 2646/4985/4501
f 2646/4985/4501 2696/4984/4500 2695/4986/4502
f 2646/4985/4501 2695/4986/4502 2647/4987/4503
f 2647/4987/4503 2695/4986/4502 2694/4988/4504
f 2647/4987/4503 2694/4988/4504 2648/4989/4505
f 2648/4989/4505 2694/4988/4504 2649/4990/4506
f 2649/4990/4506 2694/4988/4504 2693/4847/4363
f 2649/4990/4506 2693/4847/4363 2650/4849/4365
f 2676/4936/4452 2675/4896/4412 2762/4898/4414
f 2901/4991/4507 2635/4992/4508 2891/4993/4509
f 2891/4993/4509 2635/4992/4508 2656/4994/4510
f 2891/4993/4509 2656/4994/4510 2892/4995/4511
f 2892/4995/4511 2656/4994/4510 2655/4996/4512
f 2892/4995/4511 2655/4996/4512 2893/4997/4513
f 2893/4997/4513 2655/4996/4512 2894/4998/4514
f 2894/4998/4514 2655/4996/4512 2883/4999/4515
f 2883/4999/4515 2655/4996/4512 2654/5000/4516
f 2883/4999/4515 2654/5000/4516 2884/5001/4517
f 2884/5001/4517 2654/5000/4516 2885/5002/4518
f 2885/5002/4518 2654/5000/4516 2886/5003/4519
f 2886/5003/4519 2654/5000/4516 2653/5004/4520
f 2886/5003/4519 2653/5004/4520 2881/5005/4521
f 2881/5005/4521 2653/5004/4520 2664/5006/4522
f 2881/5005/4521 2664/5006/4522 2873/5007/4523
f 2873/5007/4523 2664/5006/4522 2663/5008/4524
f 2873/5007/4523 2663/5008/4524 2662/5009/4525
f 2901/4991/4507 2900/5010/4526 2635/4992/4508
f 2635/4992/4508 2900/5010/4526 2636/5011/4527
f 2636/5011/4527 2900/5010/4526 2899/5012/4528
f 2636/5011/4527 2899/5012/4528 2637/5013/4529
f 2637/5013/4529 2899/5012/4528 2691/5014/4530
f 2637/5013/4529 2691/5014/4530 2690/5015/4531
f 2637/5013/4529 2690/5015/4531 2638/5016/4532
f 2638/5016/4532 2690/5015/4531 2689/5017/4533
f 2638/5016/4532 2689/5017/4533 2639/5018/4534
f 2639/5018/4534 2689/5017/4533 2640/5019/4535
f 2640/5019/4535 2689/5017/4533 2688/5020/4536
f 2640/5019/4535 2688/5020/4536 2641/5021/4537
f 2641/5021/4537 2688/5020/4536 2687/5022/4538
f 2641/5021/4537 2687/5022/4538 2642/5023/4539
f 2642/5023/4539 2687/5022/4538 2700/5024/4540
f 2642/5023/4539 2700/5024/4540 2699/5025/4541
f 2642/5023/4539 2699/5025/4541 2643/5026/4542
f 2643/5026/4542 2699/5025/4541 2698/5027/4543
f 2643/5026/4542 2698/5027/4543 2697/5028/4544
f 2697/5028/4544 2708/5029/4545 2643/5026/4542
f 2643/5026/4542 2708/5029/4545 2707/5030/4546
f 2643/5026/4542 2707/5030/4546 2627/5031/4547
f 2627/5031/4547 2707/5030/4546 2706/5032/4548
f 2627/5031/4547 2706/5032/4548 2705/5033/4549
f 2705/5033/4549 2716/5034/4550 2627/5031/4547
f 2627/5031/4547 2716/5034/4550 2628/5035/4551
f 2628/5035/4551 2716/5034/4550 2715/5036/4552
f 2628/5035/4551 2715/5036/4552 2714/5037/4553
f 2714/5037/4553 2713/5038/4554 2628/5035/4551
f 2628/5035/4551 2713/5038/4554 2629/5039/4555
f 2629/5039/4555 2713/5038/4554 2724/5040/4556
f 2629/5039/4555 2724/5040/4556 2723/5041/4557
f 2629/5039/4555 2723/5041/4557 2630/5042/4558
f 2630/5042/4558 2723/5041/4557 2722/5043/4559
f 2630/5042/4558 2722/5043/4559 2721/5044/4560
f 2630/5042/4558 2721/5044/4560 2615/5045/4561
f 2615/5045/4561 2721/5044/4560 2732/5046/4562
f 2615/5045/4561 2732/5046/4562 2731/5047/4563
f 2730/5048/4564 2617/5049/4565 2731/5047/4563
f 2731/5047/4563 2617/5049/4565 2616/5050/4566
f 2731/5047/4563 2616/5050/4566 2615/5045/4561
f 2617/5049/4565 2730/5048/4564 2618/5051/4567
f 2618/5051/4567 2730/5048/4564 2729/5052/4568
f 2618/5051/4567 2729/5052/4568 2619/5053/4569
f 2619/5053/4569 2729/5052/4568 2740/5054/4570
f 2619/5053/4569 2740/5054/4570 2620/5055/4571
f 2620/5055/4571 2740/5054/4570 2739/5056/4572
f 2620/5055/4571 2739/5056/4572 2738/5057/4573
f 2620/5055/4571 2738/5057/4573 2679/5058/4574
f 2679/5058/4574 2738/5057/4573 2737/5059/4575
f 2679/5058/4574 2737/5059/4575 2748/5060/4576
f 2748/5060/4576 2747/5061/4577 2679/5058/4574
f 2679/5058/4574 2747/5061/4577 2680/5062/4578
f 2680/5062/4578 2747/5061/4577 2746/5063/4579
f 2680/5062/4578 2746/5063/4579 2745/5064/4580
f 2745/5064/4580 2756/5065/4581 2680/5062/4578
f 2680/5062/4578 2756/5065/4581 2681/5066/4582
f 2681/5066/4582 2756/5065/4581 2755/5067/4583
f 2681/5066/4582 2755/5067/4583 2754/5068/4584
f 2681/5066/4582 2754/5068/4584 2682/5069/4585
f 2682/5069/4585 2754/5068/4584 2753/5070/4586
f 2682/5069/4585 2753/5070/4586 2671/5071/4587
f 2671/5071/4587 2753/5070/4586 2761/5072/4588
f 2671/5071/4587 2761/5072/4588 2672/5073/4589
f 2672/5073/4589 2761/5072/4588 2673/5074/4590
f 2673/5074/4590 2761/5072/4588 2674/5075/4591
f 2674/5075/4591 2761/5072/4588 2815/5076/4592
f 2674/5075/4591 2815/5076/4592 2823/5077/4593
f 2761/5072/4588 2763/5078/4594 2815/5076/4592
f 2815/5076/4592 2763/5078/4594 2776/5079/4595
f 2815/5076/4592 2776/5079/4595 2775/5080/4596
f 2776/5079/4595 2763/5078/4594 2765/5081/4597
f 2765/5081/4597 2763/5078/4594 2768/5082/4598
f 2765/5081/4597 2768/5082/4598 2766/5083/4599
f 2766/5083/4599 2768/5082/4598 2767/5084/4600
f 2774/5085/4601 2801/5086/4602 2775/5080/4596
f 2775/5080/4596 2801/5086/4602 2800/5087/4603
f 2775/5080/4596 2800/5087/4603 2799/5088/4604
f 2773/5089/4605 2789/5090/4606 2774/5085/4601
f 2774/5085/4601 2789/5090/4606 2802/5091/4607
f 2774/5085/4601 2802/5091/4607 2801/5086/4602
f 2773/5089/4605 2784/5092/4608 2789/5090/4606
f 2789/5090/4606 2784/5092/4608 2790/5093/4609
f 2790/5093/4609 2784/5092/4608 2783/5094/4610
f 2790/5093/4609 2783/5094/4610 2782/5095/4611
f 2781/5096/4612 2792/5097/4613 2782/5095/4611
f 2782/5095/4611 2792/5097/4613 2791/5098/4614
f 2782/5095/4611 2791/5098/4614 2790/5093/4609
f 2799/5088/4604 2810/5099/4615 2775/5080/4596
f 2775/5080/4596 2810/5099/4615 2815/5076/4592
f 2810/5099/4615 2809/5100/4616 2815/5076/4592
f 2815/5076/4592 2809/5100/4616 2808/5101/4617
f 2815/5076/4592 2808/5101/4617 2807/5102/4618
f 2815/5076/4592 2807/5102/4618 2816/5103/4619
f 2816/5103/4619 2807/5102/4618 2818/5104/4620
f 2816/5103/4619 2818/5104/4620 2817/5105/4621
f 2828/5106/4622 2825/5107/4623 2823/5077/4593
f 2823/5077/4593 2825/5107/4623 2836/5108/4624
f 2823/5077/4593 2836/5108/4624 2835/5109/4625
f 2827/5110/4626 2826/5111/4627 2828/5106/4622
f 2828/5106/4622 2826/5111/4627 2825/5107/4623
f 2835/5109/4625 2834/5112/4628 2823/5077/4593
f 2823/5077/4593 2834/5112/4628 2661/5113/4629
f 2823/5077/4593 2661/5113/4629 2669/5114/4630
f 2834/5112/4628 2833/5115/4631 2661/5113/4629
f 2661/5113/4629 2833/5115/4631 2865/5116/4632
f 2661/5113/4629 2865/5116/4632 2876/5117/4633
f 2833/5115/4631 2844/5118/4634 2865/5116/4632
f 2865/5116/4632 2844/5118/4634 2866/5119/4635
f 2866/5119/4635 2844/5118/4634 2843/5120/4636
f 2866/5119/4635 2843/5120/4636 2867/5121/4637
f 2867/5121/4637 2843/5120/4636 2842/5122/4638
f 2867/5121/4637 2842/5122/4638 2868/5123/4639
f 2868/5123/4639 2842/5122/4638 2841/5124/4640
f 2868/5123/4639 2841/5124/4640 2857/5125/4641
f 2857/5125/4641 2841/5124/4640 2858/5126/4642
f 2858/5126/4642 2841/5124/4640 2852/5127/4643
f 2858/5126/4642 2852/5127/4643 2859/5128/4644
f 2859/5128/4644 2852/5127/4643 2860/5129/4645
f 2860/5129/4645 2852/5127/4643 2850/5130/4646
f 2860/5129/4645 2850/5130/4646 2849/5131/4647
f 2852/5127/4643 2851/5132/4648 2850/5130/4646
f 2876/5117/4633 2875/5133/4649 2661/5113/4629
f 2661/5113/4629 2875/5133/4649 2874/5134/4650
f 2661/5113/4629 2874/5134/4650 2873/5007/4523
f 2662/5009/4525 2661/5113/4629 2873/5007/4523
f 2669/5114/4630 2674/5075/4591 2823/5077/4593
g Body98

v 0.988605 0.000000 0.279721
v 1.003163 0.000000 0.276762
v 1.017813 0.000000 0.274597
v 1.032599 0.000000 0.273622
v 1.047462 0.000000 0.273305
v 1.047462 -0.100000 0.273305
v 1.032599 -0.100000 0.273622
v 1.017813 -0.100000 0.274597
v 1.003163 -0.100000 0.276762
v 0.988605 -0.100000 0.279721
v 0.951227 0.000000 0.295621
v 0.960127 0.000000 0.290619
v 0.969286 0.000000 0.286216
v 0.978836 0.000000 0.282716
v 0.978836 -0.100000 0.282716
v 0.969286 -0.100000 0.286216
v 0.960127 -0.100000 0.290619
v 0.951227 -0.100000 0.295621
v 0.929749 0.000000 0.314868
v 0.934634 0.000000 0.309522
v 0.939801 0.000000 0.304487
v 0.945395 0.000000 0.299922
v 0.945395 -0.100000 0.299922
v 0.939801 -0.100000 0.304487
v 0.934634 -0.100000 0.309522
v 0.929749 -0.100000 0.314868
v 0.925286 0.000000 0.321841
v 0.926355 0.000000 0.320068
v 0.927450 0.000000 0.318311
v 0.928587 0.000000 0.316582
v 0.928587 -0.100000 0.316582
v 0.927450 -0.100000 0.318311
v 0.926355 -0.100000 0.320068
v 0.925286 -0.100000 0.321841
v 0.922497 0.000000 0.329372
v 0.922980 0.000000 0.327410
v 0.923578 0.000000 0.325490
v 0.924372 0.000000 0.323643
v 0.924372 -0.100000 0.323643
v 0.923578 -0.100000 0.325490
v 0.922980 -0.100000 0.327410
v 0.922497 -0.100000 0.329372
v 0.920265 0.000000 0.343877
v 0.920738 0.000000 0.340238
v 0.921254 0.000000 0.336605
v 0.921849 0.000000 0.332985
v 0.921849 -0.100000 0.332985
v 0.921254 -0.100000 0.336605
v 0.920738 -0.100000 0.340238
v 0.920265 -0.100000 0.343877
v 0.919986 0.000000 0.365077
v 0.919719 0.000000 0.359771
v 0.919627 0.000000 0.354469
v 0.919846 0.000000 0.349171
v 0.919846 -0.100000 0.349171
v 0.919627 -0.100000 0.354469
v 0.919719 -0.100000 0.359771
v 0.919986 -0.100000 0.365077
v 0.921939 0.000000 0.372050
v 0.921067 0.000000 0.370426
v 0.920434 0.000000 0.368727
v 0.920125 0.000000 0.366928
v 0.920125 -0.100000 0.366928
v 0.920434 -0.100000 0.368727
v 0.921067 -0.100000 0.370426
v 0.921939 -0.100000 0.372050
v 0.920434 -0.050000 0.368727
v 0.921067 -0.050000 0.370426
v 0.928354 0.000000 0.375397
v 0.926577 0.000000 0.374879
v 0.924888 0.000000 0.374200
v 0.923358 0.000000 0.373226
v 0.923358 -0.100000 0.373226
v 0.924888 -0.100000 0.374200
v 0.926577 -0.100000 0.374879
v 0.928354 -0.100000 0.375397
v 0.949275 0.000000 0.378745
v 0.944009 0.000000 0.378124
v 0.938762 0.000000 0.377394
v 0.933547 0.000000 0.376464
v 0.933547 -0.100000 0.376464
v 0.938762 -0.100000 0.377394
v 0.944009 -0.100000 0.378124
v 0.949275 -0.100000 0.378745
v 0.967964 0.000000 0.380418
v 0.963276 0.000000 0.380187
v 0.958598 0.000000 0.379836
v 0.953933 0.000000 0.379331
v 0.953933 -0.100000 0.379331
v 0.958598 -0.100000 0.379836
v 0.963276 -0.100000 0.380187
v 0.967964 -0.100000 0.380418
v 0.977448 0.000000 0.378187
v 0.975191 0.000000 0.379206
v 0.972868 0.000000 0.379956
v 0.970444 0.000000 0.380301
v 0.970444 -0.100000 0.380301
v 0.972868 -0.100000 0.379956
v 0.975191 -0.100000 0.379206
v 0.977448 -0.100000 0.378187
v 0.986095 0.000000 0.370656
v 0.984086 0.000000 0.372717
v 0.982001 0.000000 0.374689
v 0.979774 0.000000 0.376496
v 0.979774 -0.100000 0.376496
v 0.982001 -0.100000 0.374689
v 0.984086 -0.100000 0.372717
v 0.986095 -0.100000 0.370656
v 1.005342 0.000000 0.355593
v 1.000283 0.000000 0.359049
v 0.995346 0.000000 0.362657
v 0.990636 0.000000 0.366550
v 0.990636 -0.100000 0.366550
v 0.995346 -0.100000 0.362657
v 1.000283 -0.100000 0.359049
v 1.005342 -0.100000 0.355593
v 1.047462 0.000000 0.346667
v 1.036481 0.000000 0.346964
v 1.025724 0.000000 0.348223
v 1.015384 0.000000 0.351270
v 1.015384 -0.100000 0.351270
v 1.025724 -0.100000 0.348223
v 1.036481 -0.100000 0.346964
v 1.047462 -0.100000 0.346667
v 1.088745 0.000000 0.358103
v 1.079171 0.000000 0.352738
v 1.069152 0.000000 0.348863
v 1.058485 0.000000 0.347167
v 1.058485 -0.100000 0.347167
v 1.069152 -0.100000 0.348863
v 1.079171 -0.100000 0.352738
v 1.088745 -0.100000 0.358103
v 1.102692 0.000000 0.389902
v 1.101749 0.000000 0.380812
v 1.099452 0.000000 0.372328
v 1.097410 0.000000 0.368487
v 1.094824 0.000000 0.364890
v 1.094824 -0.100000 0.364890
v 1.097410 -0.100000 0.368487
v 1.099452 -0.100000 0.372328
v 1.101749 -0.100000 0.380812
v 1.102692 -0.100000 0.389902
v 1.095997 0.000000 0.410265
v 1.098776 0.000000 0.405534
v 1.100960 0.000000 0.400610
v 1.102134 0.000000 0.395357
v 1.102134 -0.100000 0.395357
v 1.100960 -0.100000 0.400610
v 1.098776 -0.100000 0.405534
v 1.095997 -0.100000 0.410265
v 1.072287 0.000000 0.429512
v 1.078980 0.000000 0.425613
v 1.085290 0.000000 0.421257
v 1.090892 0.000000 0.416058
v 1.090892 -0.100000 0.416058
v 1.085290 -0.100000 0.421257
v 1.078980 -0.100000 0.425613
v 1.072287 -0.100000 0.429512
v 1.022915 0.000000 0.449875
v 1.035575 0.000000 0.445539
v 1.048076 0.000000 0.440825
v 1.060284 0.000000 0.435413
v 1.060284 -0.100000 0.435413
v 1.048076 -0.100000 0.440825
v 1.035575 -0.100000 0.445539
v 1.022915 -0.100000 0.449875
v 0.946485 0.000000 0.494226
v 0.963527 0.000000 0.479700
v 0.981804 0.000000 0.467229
v 1.001871 0.000000 0.457738
v 1.001871 -0.100000 0.457738
v 0.981804 -0.100000 0.467229
v 0.963527 -0.100000 0.479700
v 0.946485 -0.100000 0.494226
v 0.923054 0.000000 0.567866
v 0.924326 0.000000 0.547923
v 0.927969 0.000000 0.528772
v 0.931386 0.000000 0.519730
v 0.935841 0.000000 0.511035
v 0.935841 -0.100000 0.511035
v 0.931386 -0.100000 0.519730
v 0.927969 -0.100000 0.528772
v 0.924326 -0.100000 0.547923
v 0.923054 -0.100000 0.567866
v 0.942022 0.000000 0.633138
v 0.933634 0.000000 0.617912
v 0.927311 0.000000 0.602067
v 0.924249 0.000000 0.585246
v 0.924249 -0.100000 0.585246
v 0.927311 -0.100000 0.602067
v 0.933634 -0.100000 0.617912
v 0.942022 -0.100000 0.633138
v 0.994463 0.000000 0.672748
v 0.979390 0.000000 0.665422
v 0.965366 0.000000 0.656719
v 0.953138 0.000000 0.645658
v 0.953138 -0.100000 0.645658
v 0.965366 -0.100000 0.656719
v 0.979390 -0.100000 0.665422
v 0.994463 -0.100000 0.672748
v 1.071729 0.000000 0.686137
v 1.051967 0.000000 0.685291
v 1.032439 0.000000 0.683128
v 1.013322 0.000000 0.678666
v 1.013322 -0.100000 0.678666
v 1.032439 -0.100000 0.683128
v 1.051967 -0.100000 0.685291
v 1.071729 -0.100000 0.686137
v 1.127517 0.000000 0.678047
v 1.113831 0.000000 0.681770
v 1.099992 0.000000 0.684497
v 1.085924 0.000000 0.685731
v 1.085924 -0.100000 0.685731
v 1.099992 -0.100000 0.684497
v 1.113831 -0.100000 0.681770
v 1.127517 -0.100000 0.678047
v 1.162106 0.000000 0.660195
v 1.154006 0.000000 0.665697
v 1.145584 0.000000 0.670587
v 1.136683 0.000000 0.674568
v 1.136683 -0.100000 0.674568
v 1.145584 -0.100000 0.670587
v 1.154006 -0.100000 0.665697
v 1.162106 -0.100000 0.660195
v 1.178006 0.000000 0.644296
v 1.174508 0.000000 0.648733
v 1.170707 0.000000 0.652877
v 1.166511 0.000000 0.656637
v 1.166511 -0.100000 0.656637
v 1.170707 -0.100000 0.652877
v 1.174508 -0.100000 0.648733
v 1.178006 -0.100000 0.644296
v 1.180795 0.000000 0.638717
v 1.180223 0.000000 0.640172
v 1.179572 0.000000 0.641590
v 1.178816 0.000000 0.642956
v 1.178816 -0.100000 0.642956
v 1.179572 -0.100000 0.641590
v 1.180223 -0.100000 0.640172
v 1.180795 -0.100000 0.638717
v 1.181911 0.000000 0.633975
v 1.181773 0.000000 0.635195
v 1.181564 0.000000 0.636398
v 1.181225 0.000000 0.637569
v 1.181225 -0.100000 0.637569
v 1.181564 -0.100000 0.636398
v 1.181773 -0.100000 0.635195
v 1.181911 -0.100000 0.633975
v 1.181564 -0.050000 0.636398
v 1.182469 0.000000 0.614728
v 1.182528 0.000000 0.619546
v 1.182483 0.000000 0.624360
v 1.182255 0.000000 0.629169
v 1.182255 -0.100000 0.629169
v 1.182483 -0.100000 0.624360
v 1.182528 -0.100000 0.619546
v 1.182469 -0.100000 0.614728
v 1.180516 0.000000 0.590739
v 1.181201 0.000000 0.596721
v 1.181783 0.000000 0.602710
v 1.182184 0.000000 0.608715
v 1.182184 -0.100000 0.608715
v 1.181783 -0.100000 0.602710
v 1.181201 -0.100000 0.596721
v 1.180516 -0.100000 0.590739
v 1.177448 0.000000 0.584603
v 1.178614 0.000000 0.585925
v 1.179538 0.000000 0.587375
v 1.180120 0.000000 0.589008
v 1.180120 -0.100000 0.589008
v 1.179538 -0.100000 0.587375
v 1.178614 -0.100000 0.585925
v 1.177448 -0.100000 0.584603
v 1.179538 -0.050000 0.587375
v 1.178614 -0.050000 0.585925
v 1.171311 0.000000 0.583208
v 1.172921 0.000000 0.583254
v 1.174493 0.000000 0.583450
v 1.175996 0.000000 0.583926
v 1.175996 -0.100000 0.583926
v 1.174493 -0.100000 0.583450
v 1.172921 -0.100000 0.583254
v 1.171311 -0.100000 0.583208
v 1.129470 0.000000 0.585997
v 1.139866 0.000000 0.584445
v 1.150302 0.000000 0.583414
v 1.160792 0.000000 0.583114
v 1.160792 -0.100000 0.583114
v 1.150302 -0.100000 0.583414
v 1.139866 -0.100000 0.584445
v 1.129470 -0.100000 0.585997
v 1.121660 0.000000 0.588787
v 1.123524 0.000000 0.587855
v 1.125445 0.000000 0.587076
v 1.127439 0.000000 0.586487
v 1.127439 -0.100000 0.586487
v 1.125445 -0.100000 0.587076
v 1.123524 -0.100000 0.587855
v 1.121660 -0.100000 0.588787
v 1.116639 0.000000 0.593250
v 1.117837 0.000000 0.592070
v 1.119064 0.000000 0.590921
v 1.120343 0.000000 0.589833
v 1.120343 -0.100000 0.589833
v 1.119064 -0.100000 0.590921
v 1.117837 -0.100000 0.592070
v 1.116639 -0.100000 0.593250
v 1.102413 0.000000 0.605523
v 1.106213 0.000000 0.602733
v 1.109891 0.000000 0.599803
v 1.113345 0.000000 0.596617
v 1.113345 -0.100000 0.596617
v 1.109891 -0.100000 0.599803
v 1.106213 -0.100000 0.602733
v 1.102413 -0.100000 0.605523
v 1.071729 0.000000 0.612775
v 1.079816 0.000000 0.612551
v 1.087697 0.000000 0.611540
v 1.095193 0.000000 0.609060
v 1.095193 -0.100000 0.609060
v 1.087697 -0.100000 0.611540
v 1.079816 -0.100000 0.612551
v 1.071729 -0.100000 0.612775
v 1.030167 0.000000 0.599386
v 1.039475 0.000000 0.605800
v 1.049438 0.000000 0.610359
v 1.060332 0.000000 0.612281
v 1.060332 -0.100000 0.612281
v 1.049438 -0.100000 0.610359
v 1.039475 -0.100000 0.605800
v 1.030167 -0.100000 0.599386
v 1.017894 0.000000 0.569819
v 1.018941 0.000000 0.578038
v 1.021110 0.000000 0.585798
v 1.025104 0.000000 0.592811
v 1.025104 -0.100000 0.592811
v 1.021110 -0.100000 0.585798
v 1.018941 -0.100000 0.578038
v 1.017894 -0.100000 0.569819
v 1.036025 0.000000 0.539135
v 1.028559 0.000000 0.545102
v 1.025317 0.000000 0.548370
v 1.022664 0.000000 0.551981
v 1.020747 0.000000 0.556020
v 1.019451 0.000000 0.560419
v 1.019451 -0.100000 0.560419
v 1.020747 -0.100000 0.556020
v 1.022664 -0.100000 0.551981
v 1.025317 -0.100000 0.548370
v 1.028559 -0.100000 0.545102
v 1.036025 -0.100000 0.539135
v 1.093208 0.000000 0.514310
v 1.078536 0.000000 0.519667
v 1.064049 0.000000 0.525442
v 1.049910 0.000000 0.532001
v 1.049910 -0.100000 0.532001
v 1.064049 -0.100000 0.525442
v 1.078536 -0.100000 0.519667
v 1.093208 -0.100000 0.514310
v 1.149275 0.000000 0.489484
v 1.135652 0.000000 0.496573
v 1.121804 0.000000 0.503158
v 1.107605 0.000000 0.508957
v 1.107605 -0.100000 0.508957
v 1.121804 -0.100000 0.503158
v 1.135652 -0.100000 0.496573
v 1.149275 -0.100000 0.489484
v 1.184979 0.000000 0.455174
v 1.177640 0.000000 0.465391
v 1.169416 0.000000 0.474694
v 1.159763 0.000000 0.482521
v 1.159763 -0.100000 0.482521
v 1.169416 -0.100000 0.474694
v 1.177640 -0.100000 0.465391
v 1.184979 -0.100000 0.455174
v 1.197531 0.000000 0.399944
v 1.196891 0.000000 0.414351
v 1.194968 0.000000 0.428450
v 1.190740 0.000000 0.441996
v 1.190740 -0.100000 0.441996
v 1.194968 -0.100000 0.428450
v 1.196891 -0.100000 0.414351
v 1.197531 -0.100000 0.399944
v 1.177727 0.000000 0.329093
v 1.186543 0.000000 0.345688
v 1.193157 0.000000 0.362920
v 1.196326 0.000000 0.381148
v 1.196326 -0.100000 0.381148
v 1.193157 -0.100000 0.362920
v 1.186543 -0.100000 0.345688
v 1.177727 -0.100000 0.329093
v 1.124170 0.000000 0.286974
v 1.139697 0.000000 0.294800
v 1.154074 0.000000 0.304082
v 1.166498 0.000000 0.315833
v 1.166498 -0.100000 0.315833
v 1.154074 -0.100000 0.304082
v 1.139697 -0.100000 0.294800
v 1.124170 -0.100000 0.286974
v 1.067099 0.000000 0.274200
v 1.086493 0.000000 0.276429
v 1.105464 0.000000 0.280975
v 1.105464 -0.100000 0.280975
v 1.086493 -0.100000 0.276429
v 1.067099 -0.100000 0.274200
vt -0.059208 0.000000 0.000000
vt -0.044406 0.000000 0.000000
vt -0.059208 0.100000 0.000000
vt -0.044406 0.100000 0.000000
vt -0.029604 0.000000 0.000000
vt -0.029604 0.100000 0.000000
vt -0.014802 0.000000 0.000000
vt -0.014802 0.100000 0.000000
vt 0.000000 0.000000 0.000000
vt 0.000000 0.100000 0.000000
vt -0.040622 0.000000 0.000000
vt -0.030466 0.000000 0.000000
vt -0.040622 0.100000 0.000000
vt -0.030466 0.100000 0.000000
vt -0.020311 0.000000 0.000000
vt -0.020311 0.100000 0.000000
vt -0.010155 0.000000 0.000000
vt -0.010155 0.100000 0.000000
vt 0.000000 0.000000 0.000000
vt 0.000000 0.100000 0.000000
vt -0.028842 0.000000 0.000000
vt -0.021631 0.000000 0.000000
vt -0.028842 0.100000 0.000000
vt -0.021631 0.100000 0.000000
vt -0.014421 0.000000 0.000000
vt -0.014421 0.100000 0.000000
vt -0.007210 0.000000 0.000000
vt -0.007210 0.100000 0.000000
vt 0.000000 0.000000 0.000000
vt 0.000000 0.100000 0.000000
vt -0.008279 0.000000 0.000000
vt -0.006210 0.000000 0.000000
vt -0.008279 0.100000 0.000000
vt -0.006210 0.100000 0.000000
vt -0.004140 0.000000 0.000000
vt -0.004140 0.100000 0.000000
vt -0.002070 0.000000 0.000000
vt -0.002070 0.100000 0.000000
vt 0.000000 0.000000 0.000000
vt 0.000000 0.100000 0.000000
vt -0.008031 0.000000 0.000000
vt -0.006023 0.000000 0.000000
vt -0.008031 0.100000 0.000000
vt -0.006023 0.100000 0.000000
vt -0.004016 0.000000 0.000000
vt -0.004016 0.100000 0.000000
vt -0.002008 0.000000 0.000000
vt -0.002008 0.100000 0.000000
vt 0.000000 0.000000 0.000000
vt 0.000000 0.100000 0.000000
vt -0.014676 0.000000 0.000000
vt -0.011007 0.000000 0.000000
vt -0.014676 0.100000 0.000000
vt -0.011007 0.100000 0.000000
vt -0.007338 0.000000 0.000000
vt -0.007338 0.100000 0.000000
vt -0.003669 0.000000 0.000000
vt -0.003669 0.100000 0.000000
vt 0.000000 0.000000 0.000000
vt 0.000000 0.100000 0.000000
vt -0.021201 0.000000 0.000000
vt -0.015901 0.000000 0.000000
vt -0.021201 0.100000 0.000000
vt -0.015901 0.100000 0.000000
vt -0.010601 0.000000 0.000000
vt -0.010601 0.100000 0.000000
vt -0.005300 0.000000 0.000000
vt -0.005300 0.100000 0.000000
vt 0.000000 0.000000 0.000000
vt 0.000000 0.100000 0.000000
vt -0.007249 0.100000 0.000000
vt -0.007249 0.000000 0.000000
vt -0.005437 0.050000 0.000000
vt -0.005437 0.000000 0.000000
vt -0.003625 0.000000 0.000000
vt -0.003625 0.050000 0.000000
vt -0.001812 0.000000 0.000000
vt -0.001812 0.100000 0.000000
vt 0.000000 0.000000 0.000000
vt 0.000000 0.100000 0.000000
vt -0.003625 0.100000 0.000000
vt -0.005437 0.100000 0.000000
vt -0.007238 0.000000 0.000000
vt -0.005428 0.000000 0.000000
vt -0.007238 0.100000 0.000000
vt -0.005428 0.100000 0.000000
vt -0.003619 0.000000 0.000000
vt -0.003619 0.100000 0.000000
vt -0.001809 0.000000 0.000000
vt -0.001809 0.100000 0.000000
vt 0.000000 0.000000 0.000000
vt 0.000000 0.100000 0.000000
vt -0.021187 0.000000 0.000000
vt -0.015890 0.000000 0.000000
vt -0.021187 0.100000 0.000000
vt -0.015890 0.100000 0.000000
vt -0.010593 0.000000 0.000000
vt -0.010593 0.100000 0.000000
vt -0.005297 0.000000 0.000000
vt -0.005297 0.100000 0.000000
vt 0.000000 0.000000 0.000000
vt 0.000000 0.100000 0.000000
vt -0.018764 0.000000 0.000000
vt -0.014073 0.000000 0.000000
vt -0.018764 0.100000 0.000000
vt -0.014073 0.100000 0.000000
vt -0.009382 0.000000 0.000000
vt -0.009382 0.100000 0.000000
vt -0.004691 0.000000 0.000000
vt -0.004691 0.100000 0.000000
vt 0.000000 0.000000 0.000000
vt 0.000000 0.100000 0.000000
vt -0.009746 0.000000 0.000000
vt -0.007309 0.000000 0.000000
vt -0.009746 0.100000 0.000000
vt -0.007309 0.100000 0.000000
vt -0.004873 0.000000 0.000000
vt -0.004873 0.100000 0.000000
vt -0.002436 0.000000 0.000000
vt -0.002436 0.100000 0.000000
vt 0.000000 0.000000 0.000000
vt 0.000000 0.100000 0.000000
vt -0.011468 0.000000 0.000000
vt -0.008601 0.000000 0.000000
vt -0.011468 0.100000 0.000000
vt -0.008601 0.100000 0.000000
vt -0.005734 0.000000 0.000000
vt -0.005734 0.100000 0.000000
vt -0.002867 0.000000 0.000000
vt -0.002867 0.100000 0.000000
vt 0.000000 0.000000 0.000000
vt 0.000000 0.100000 0.000000
vt -0.024442 0.000000 0.000000
vt -0.018331 0.000000 0.000000
vt -0.024442 0.100000 0.000000
vt -0.018331 0.100000 0.000000
vt -0.012221 0.000000 0.000000
vt -0.012221 0.100000 0.000000
vt -0.006110 0.000000 0.000000
vt -0.006110 0.100000 0.000000
vt 0.000000 0.000000 0.000000
vt 0.000000 0.100000 0.000000
vt -0.043074 0.000000 0.000000
vt -0.032305 0.000000 0.000000
vt -0.043074 0.100000 0.000000
vt -0.032305 0.100000 0.000000
vt -0.021537 0.000000 0.000000
vt -0.021537 0.100000 0.000000
vt -0.010768 0.000000 0.000000
vt -0.010768 0.100000 0.000000
vt 0.000000 0.000000 0.000000
vt 0.000000 0.100000 0.000000
vt -0.042859 0.000000 0.000000
vt -0.032144 0.000000 0.000000
vt -0.042859 0.100000 0.000000
vt -0.032144 0.100000 0.000000
vt -0.021429 0.000000 0.000000
vt -0.021429 0.100000 0.000000
vt -0.010715 0.000000 0.000000
vt -0.010715 0.100000 0.000000
vt 0.000000 0.000000 0.000000
vt 0.000000 0.100000 0.000000
vt -0.034726 0.000000 0.000000
vt -0.026044 0.000000 0.000000
vt -0.034726 0.100000 0.000000
vt -0.026044 0.100000 0.000000
vt -0.017363 0.000000 0.000000
vt -0.017363 0.100000 0.000000
vt -0.013022 0.000000 0.000000
vt -0.013022 0.100000 0.000000
vt -0.008681 0.000000 0.000000
vt -0.008681 0.100000 0.000000
vt 0.000000 0.000000 0.000000
vt 0.000000 0.100000 0.000000
vt -0.021435 0.000000 0.000000
vt -0.016076 0.000000 0.000000
vt -0.021435 0.100000 0.000000
vt -0.016076 0.100000 0.000000
vt -0.010717 0.000000 0.000000
vt -0.010717 0.100000 0.000000
vt -0.005359 0.000000 0.000000
vt -0.005359 0.100000 0.000000
vt 0.000000 0.000000 0.000000
vt 0.000000 0.100000 0.000000
vt -0.030546 0.000000 0.000000
vt -0.022910 0.000000 0.000000
vt -0.030546 0.100000 0.000000
vt -0.022910 0.100000 0.000000
vt -0.015273 0.000000 0.000000
vt -0.015273 0.100000 0.000000
vt -0.007637 0.000000 0.000000
vt -0.007637 0.100000 0.000000
vt 0.000000 0.000000 0.000000
vt 0.000000 0.100000 0.000000
vt -0.053409 0.000000 0.000000
vt -0.040057 0.000000 0.000000
vt -0.053409 0.100000 0.000000
vt -0.040057 0.100000 0.000000
vt -0.026704 0.000000 0.000000
vt -0.026704 0.100000 0.000000
vt -0.013352 0.000000 0.000000
vt -0.013352 0.100000 0.000000
vt 0.000000 0.000000 0.000000
vt 0.000000 0.100000 0.000000
vt -0.088391 0.000000 0.000000
vt -0.066293 0.000000 0.000000
vt -0.088391 0.100000 0.000000
vt -0.066293 0.100000 0.000000
vt -0.044196 0.000000 0.000000
vt -0.044196 0.100000 0.000000
vt -0.022098 0.000000 0.000000
vt -0.022098 0.100000 0.000000
vt 0.000000 0.000000 0.000000
vt 0.000000 0.100000 0.000000
vt -0.077298 0.000000 0.000000
vt -0.057973 0.000000 0.000000
vt -0.077298 0.100000 0.000000
vt -0.057973 0.100000 0.000000
vt -0.038649 0.000000 0.000000
vt -0.038649 0.100000 0.000000
vt -0.028987 0.000000 0.000000
vt -0.028987 0.100000 0.000000
vt -0.019324 0.000000 0.000000
vt -0.019324 0.100000 0.000000
vt 0.000000 0.000000 0.000000
vt 0.000000 0.100000 0.000000
vt -0.067979 0.000000 0.000000
vt -0.050984 0.000000 0.000000
vt -0.067979 0.100000 0.000000
vt -0.050984 0.100000 0.000000
vt -0.033989 0.000000 0.000000
vt -0.033989 0.100000 0.000000
vt -0.016995 0.000000 0.000000
vt -0.016995 0.100000 0.000000
vt 0.000000 0.000000 0.000000
vt 0.000000 0.100000 0.000000
vt -0.065720 0.000000 0.000000
vt -0.049290 0.000000 0.000000
vt -0.065720 0.100000 0.000000
vt -0.049290 0.100000 0.000000
vt -0.032860 0.000000 0.000000
vt -0.032860 0.100000 0.000000
vt -0.016430 0.000000 0.000000
vt -0.016430 0.100000 0.000000
vt 0.000000 0.000000 0.000000
vt 0.000000 0.100000 0.000000
vt -0.078420 0.000000 0.000000
vt -0.058815 0.000000 0.000000
vt -0.078420 0.100000 0.000000
vt -0.058815 0.100000 0.000000
vt -0.039210 0.000000 0.000000
vt -0.039210 0.100000 0.000000
vt -0.019605 0.000000 0.000000
vt -0.019605 0.100000 0.000000
vt 0.000000 0.000000 0.000000
vt 0.000000 0.100000 0.000000
vt -0.056376 0.000000 0.000000
vt -0.042282 0.000000 0.000000
vt -0.056376 0.100000 0.000000
vt -0.042282 0.100000 0.000000
vt -0.028188 0.000000 0.000000
vt -0.028188 0.100000 0.000000
vt -0.014094 0.000000 0.000000
vt -0.014094 0.100000 0.000000
vt 0.000000 0.000000 0.000000
vt 0.000000 0.100000 0.000000
vt -0.038928 0.000000 0.000000
vt -0.029196 0.000000 0.000000
vt -0.038928 0.100000 0.000000
vt -0.029196 0.100000 0.000000
vt -0.019464 0.000000 0.000000
vt -0.019464 0.100000 0.000000
vt -0.009732 0.000000 0.000000
vt -0.009732 0.100000 0.000000
vt 0.000000 0.000000 0.000000
vt 0.000000 0.100000 0.000000
vt -0.022492 0.000000 0.000000
vt -0.016869 0.000000 0.000000
vt -0.022492 0.100000 0.000000
vt -0.016869 0.100000 0.000000
vt -0.011246 0.000000 0.000000
vt -0.011246 0.100000 0.000000
vt -0.005623 0.000000 0.000000
vt -0.005623 0.100000 0.000000
vt 0.000000 0.000000 0.000000
vt 0.000000 0.100000 0.000000
vt -0.006238 0.000000 0.000000
vt -0.004679 0.000000 0.000000
vt -0.006238 0.100000 0.000000
vt -0.004679 0.100000 0.000000
vt -0.003119 0.000000 0.000000
vt -0.003119 0.100000 0.000000
vt -0.001560 0.000000 0.000000
vt -0.001560 0.100000 0.000000
vt 0.000000 0.000000 0.000000
vt 0.000000 0.100000 0.000000
vt -0.004872 0.000000 0.000000
vt -0.003654 0.000000 0.000000
vt -0.004872 0.100000 0.000000
vt -0.002436 0.050000 0.000000
vt -0.003654 0.100000 0.000000
vt -0.002436 0.100000 0.000000
vt -0.001218 0.100000 0.000000
vt 0.000000 0.000000 0.000000
vt 0.000000 0.100000 0.000000
vt -0.002436 0.000000 0.000000
vt -0.001218 0.000000 0.000000
vt -0.019255 0.000000 0.000000
vt -0.014441 0.000000 0.000000
vt -0.019255 0.100000 0.000000
vt -0.014441 0.100000 0.000000
vt -0.009627 0.000000 0.000000
vt -0.009627 0.100000 0.000000
vt -0.004814 0.000000 0.000000
vt -0.004814 0.100000 0.000000
vt 0.000000 0.000000 0.000000
vt 0.000000 0.100000 0.000000
vt -0.024068 0.000000 0.000000
vt -0.018051 0.000000 0.000000
vt -0.024068 0.100000 0.000000
vt -0.018051 0.100000 0.000000
vt -0.012034 0.000000 0.000000
vt -0.012034 0.100000 0.000000
vt -0.006017 0.000000 0.000000
vt -0.006017 0.100000 0.000000
vt 0.000000 0.000000 0.000000
vt 0.000000 0.100000 0.000000
vt -0.006868 0.100000 0.000000
vt -0.006868 0.000000 0.000000
vt -0.005151 0.050000 0.000000
vt -0.005151 0.000000 0.000000
vt -0.003434 0.000000 0.000000
vt -0.003434 0.050000 0.000000
vt -0.001717 0.000000 0.000000
vt -0.001717 0.100000 0.000000
vt 0.000000 0.000000 0.000000
vt 0.000000 0.100000 0.000000
vt -0.003434 0.100000 0.000000
vt -0.005151 0.100000 0.000000
vt -0.006295 0.000000 0.000000
vt -0.004721 0.000000 0.000000
vt -0.006295 0.100000 0.000000
vt -0.004721 0.100000 0.000000
vt -0.003148 0.000000 0.000000
vt -0.003148 0.100000 0.000000
vt -0.001574 0.000000 0.000000
vt -0.001574 0.100000 0.000000
vt 0.000000 0.000000 0.000000
vt 0.000000 0.100000 0.000000
vt -0.041937 0.000000 0.000000
vt -0.031453 0.000000 0.000000
vt -0.041937 0.100000 0.000000
vt -0.031453 0.100000 0.000000
vt -0.020969 0.000000 0.000000
vt -0.020969 0.100000 0.000000
vt -0.010484 0.000000 0.000000
vt -0.010484 0.100000 0.000000
vt 0.000000 0.000000 0.000000
vt 0.000000 0.100000 0.000000
vt -0.008297 0.000000 0.000000
vt -0.006223 0.000000 0.000000
vt -0.008297 0.100000 0.000000
vt -0.006223 0.100000 0.000000
vt -0.004148 0.000000 0.000000
vt -0.004148 0.100000 0.000000
vt -0.002074 0.000000 0.000000
vt -0.002074 0.100000 0.000000
vt 0.000000 0.000000 0.000000
vt 0.000000 0.100000 0.000000
vt -0.006718 0.000000 0.000000
vt -0.005038 0.000000 0.000000
vt -0.006718 0.100000 0.000000
vt -0.005038 0.100000 0.000000
vt -0.003359 0.000000 0.000000
vt -0.003359 0.100000 0.000000
vt -0.001679 0.000000 0.000000
vt -0.001679 0.100000 0.000000
vt 0.000000 0.000000 0.000000
vt 0.000000 0.100000 0.000000
vt -0.018790 0.000000 0.000000
vt -0.014092 0.000000 0.000000
vt -0.018790 0.100000 0.000000
vt -0.014092 0.100000 0.000000
vt -0.009395 0.000000 0.000000
vt -0.009395 0.100000 0.000000
vt -0.004697 0.000000 0.000000
vt -0.004697 0.100000 0.000000
vt 0.000000 0.000000 0.000000
vt 0.000000 0.100000 0.000000
vt -0.031547 0.000000 0.000000
vt -0.023660 0.000000 0.000000
vt -0.031547 0.100000 0.000000
vt -0.023660 0.100000 0.000000
vt -0.015774 0.000000 0.000000
vt -0.015774 0.100000 0.000000
vt -0.007887 0.000000 0.000000
vt -0.007887 0.100000 0.000000
vt 0.000000 0.000000 0.000000
vt 0.000000 0.100000 0.000000
vt -0.043708 0.000000 0.000000
vt -0.032781 0.000000 0.000000
vt -0.043708 0.100000 0.000000
vt -0.032781 0.100000 0.000000
vt -0.021854 0.000000 0.000000
vt -0.021854 0.100000 0.000000
vt -0.010927 0.000000 0.000000
vt -0.010927 0.100000 0.000000
vt 0.000000 0.000000 0.000000
vt 0.000000 0.100000 0.000000
vt -0.032015 0.000000 0.000000
vt -0.024012 0.000000 0.000000
vt -0.032015 0.100000 0.000000
vt -0.024012 0.100000 0.000000
vt -0.016008 0.000000 0.000000
vt -0.016008 0.100000 0.000000
vt -0.008004 0.000000 0.000000
vt -0.008004 0.100000 0.000000
vt 0.000000 0.000000 0.000000
vt 0.000000 0.100000 0.000000
vt -0.035642 0.000000 0.000000
vt -0.026731 0.000000 0.000000
vt -0.035642 0.100000 0.000000
vt -0.026731 0.100000 0.000000
vt -0.022276 0.000000 0.000000
vt -0.022276 0.100000 0.000000
vt -0.017821 0.000000 0.000000
vt -0.017821 0.100000 0.000000
vt -0.013366 0.000000 0.000000
vt -0.013366 0.100000 0.000000
vt -0.008910 0.000000 0.000000
vt -0.008910 0.100000 0.000000
vt 0.000000 0.000000 0.000000
vt 0.000000 0.100000 0.000000
vt -0.062343 0.000000 0.000000
vt -0.046757 0.000000 0.000000
vt -0.062343 0.100000 0.000000
vt -0.046757 0.100000 0.000000
vt -0.031171 0.000000 0.000000
vt -0.031171 0.100000 0.000000
vt -0.015586 0.000000 0.000000
vt -0.015586 0.100000 0.000000
vt 0.000000 0.000000 0.000000
vt 0.000000 0.100000 0.000000
vt -0.061318 0.000000 0.000000
vt -0.045988 0.000000 0.000000
vt -0.061318 0.100000 0.000000
vt -0.045988 0.100000 0.000000
vt -0.030659 0.000000 0.000000
vt -0.030659 0.100000 0.000000
vt -0.015329 0.000000 0.000000
vt -0.015329 0.100000 0.000000
vt 0.000000 0.000000 0.000000
vt 0.000000 0.100000 0.000000
vt -0.049518 0.000000 0.000000
vt -0.037139 0.000000 0.000000
vt -0.049518 0.100000 0.000000
vt -0.037139 0.100000 0.000000
vt -0.024759 0.000000 0.000000
vt -0.024759 0.100000 0.000000
vt -0.012380 0.000000 0.000000
vt -0.012380 0.100000 0.000000
vt 0.000000 0.000000 0.000000
vt 0.000000 0.100000 0.000000
vt -0.056648 0.000000 0.000000
vt -0.042486 0.000000 0.000000
vt -0.056648 0.100000 0.000000
vt -0.042486 0.100000 0.000000
vt -0.028324 0.000000 0.000000
vt -0.028324 0.100000 0.000000
vt -0.014162 0.000000 0.000000
vt -0.014162 0.100000 0.000000
vt 0.000000 0.000000 0.000000
vt 0.000000 0.100000 0.000000
vt -0.073575 0.000000 0.000000
vt -0.055182 0.000000 0.000000
vt -0.073575 0.100000 0.000000
vt -0.055182 0.100000 0.000000
vt -0.036788 0.000000 0.000000
vt -0.036788 0.100000 0.000000
vt -0.018394 0.000000 0.000000
vt -0.018394 0.100000 0.000000
vt 0.000000 0.000000 0.000000
vt 0.000000 0.100000 0.000000
vt -0.068136 0.000000 0.000000
vt -0.051102 0.000000 0.000000
vt -0.068136 0.100000 0.000000
vt -0.051102 0.100000 0.000000
vt -0.034068 0.000000 0.000000
vt -0.034068 0.100000 0.000000
vt -0.017034 0.000000 0.000000
vt -0.017034 0.100000 0.000000
vt 0.000000 0.000000 0.000000
vt 0.000000 0.100000 0.000000
vt -0.077918 0.000000 0.000000
vt -0.058439 0.000000 0.000000
vt -0.077918 0.100000 0.000000
vt -0.058439 0.100000 0.000000
vt -0.038959 0.000000 0.000000
vt -0.038959 0.100000 0.000000
vt -0.019480 0.000000 0.000000
vt -0.019480 0.100000 0.000000
vt 0.000000 0.000000 0.000000
vt 0.000000 0.100000 0.000000
vt -0.542654 -0.155091 0.000000
vt -0.523016 -0.154197 0.000000
vt -0.557516 -0.154774 0.000000
vt -0.572303 -0.153799 0.000000
vt -0.503623 -0.151967 0.000000
vt -0.586952 -0.151635 0.000000
vt -0.601510 -0.148675 0.000000
vt -0.484651 -0.147422 0.000000
vt -0.611279 -0.145680 0.000000
vt -0.620830 -0.142180 0.000000
vt -0.465945 -0.141423 0.000000
vt -0.629988 -0.137777 0.000000
vt -0.450418 -0.133596 0.000000
vt -0.638888 -0.132775 0.000000
vt -0.644720 -0.128474 0.000000
vt -0.436041 -0.124314 0.000000
vt -0.650314 -0.123909 0.000000
vt -0.655481 -0.118875 0.000000
vt -0.660366 -0.113529 0.000000
vt -0.423618 -0.112564 0.000000
vt -0.661528 -0.111815 0.000000
vt -0.662665 -0.110085 0.000000
vt -0.663760 -0.108328 0.000000
vt -0.664829 -0.106555 0.000000
vt -0.665744 -0.104753 0.000000
vt -0.666537 -0.102906 0.000000
vt -0.667135 -0.100986 0.000000
vt -0.412389 -0.099303 0.000000
vt -0.667619 -0.099024 0.000000
vt -0.668267 -0.095412 0.000000
vt -0.668861 -0.091791 0.000000
vt -0.669377 -0.088158 0.000000
vt -0.669850 -0.084519 0.000000
vt -0.403573 -0.082708 0.000000
vt -0.542654 -0.081729 0.000000
vt -0.531630 -0.081229 0.000000
vt -0.520963 -0.079533 0.000000
vt -0.510945 -0.075658 0.000000
vt -0.501371 -0.070293 0.000000
vt -0.495291 -0.063506 0.000000
vt -0.492705 -0.059909 0.000000
vt -0.490663 -0.056068 0.000000
vt -0.488367 -0.047584 0.000000
vt -0.487424 -0.038494 0.000000
vt -0.396958 -0.065476 0.000000
vt -0.393789 -0.047248 0.000000
vt -0.392584 -0.028452 0.000000
vt -0.393224 -0.014045 0.000000
vt -0.487981 -0.033040 0.000000
vt -0.395147 0.000054 0.000000
vt -0.399376 0.013600 0.000000
vt -0.405136 0.026778 0.000000
vt -0.412476 0.036995 0.000000
vt -0.420699 0.046298 0.000000
vt -0.489155 -0.027786 0.000000
vt -0.430352 0.054124 0.000000
vt -0.440841 0.061088 0.000000
vt -0.491339 -0.022862 0.000000
vt -0.454463 0.068177 0.000000
vt -0.494118 -0.018131 0.000000
vt -0.468311 0.074762 0.000000
vt -0.499223 -0.012338 0.000000
vt -0.482510 0.080561 0.000000
vt -0.504825 -0.007139 0.000000
vt -0.511135 -0.002783 0.000000
vt -0.496907 0.085914 0.000000
vt -0.517828 0.001116 0.000000
vt -0.511579 0.091271 0.000000
vt -0.529831 0.007017 0.000000
vt -0.526066 0.097046 0.000000
vt -0.542039 0.012429 0.000000
vt -0.554541 0.017143 0.000000
vt -0.540206 0.103605 0.000000
vt -0.567200 0.021478 0.000000
vt -0.554090 0.110739 0.000000
vt -0.588245 0.029342 0.000000
vt -0.561556 0.116706 0.000000
vt -0.564798 0.119974 0.000000
vt -0.608311 0.038833 0.000000
vt -0.567452 0.123585 0.000000
vt -0.569368 0.127623 0.000000
vt -0.626588 0.051304 0.000000
vt -0.570664 0.132023 0.000000
vt -0.643630 0.065830 0.000000
vt -0.654275 0.082639 0.000000
vt -0.572221 0.141423 0.000000
vt -0.658729 0.091334 0.000000
vt -0.662147 0.100376 0.000000
vt -0.665789 0.119526 0.000000
vt -0.667061 0.139470 0.000000
vt -0.665867 0.156850 0.000000
vt -0.662804 0.173671 0.000000
vt -0.656482 0.189516 0.000000
vt -0.648093 0.204742 0.000000
vt -0.571174 0.149642 0.000000
vt -0.636977 0.217262 0.000000
vt -0.624750 0.228323 0.000000
vt -0.569005 0.157402 0.000000
vt -0.610726 0.237026 0.000000
vt -0.565011 0.164415 0.000000
vt -0.595652 0.244351 0.000000
vt -0.559948 0.170990 0.000000
vt -0.576794 0.250269 0.000000
vt -0.550640 0.177404 0.000000
vt -0.557676 0.254732 0.000000
vt -0.540678 0.181963 0.000000
vt -0.538148 0.256895 0.000000
vt -0.529784 0.183885 0.000000
vt -0.518386 0.257741 0.000000
vt -0.518386 0.184379 0.000000
vt -0.504191 0.257335 0.000000
vt -0.490124 0.256101 0.000000
vt -0.476285 0.253374 0.000000
vt -0.462598 0.249651 0.000000
vt -0.453432 0.246172 0.000000
vt -0.444531 0.242191 0.000000
vt -0.407647 0.186332 0.000000
vt -0.436109 0.237301 0.000000
vt -0.428009 0.231799 0.000000
vt -0.423605 0.228241 0.000000
vt -0.407587 0.191150 0.000000
vt -0.419408 0.224481 0.000000
vt -0.407633 0.195964 0.000000
vt -0.415608 0.220337 0.000000
vt -0.407861 0.200773 0.000000
vt -0.412110 0.215900 0.000000
vt -0.411299 0.214560 0.000000
vt -0.410544 0.213194 0.000000
vt -0.409893 0.211776 0.000000
vt -0.408205 0.205579 0.000000
vt -0.409320 0.210321 0.000000
vt -0.408342 0.206799 0.000000
vt -0.408890 0.209173 0.000000
vt -0.408551 0.208002 0.000000
vt -0.510299 0.184155 0.000000
vt -0.502419 0.183144 0.000000
vt -0.494922 0.180664 0.000000
vt -0.487702 0.177127 0.000000
vt -0.483902 0.174336 0.000000
vt -0.480224 0.171407 0.000000
vt -0.476771 0.168221 0.000000
vt -0.450249 0.156049 0.000000
vt -0.439814 0.155018 0.000000
vt -0.460645 0.157601 0.000000
vt -0.473477 0.164854 0.000000
vt -0.462676 0.158091 0.000000
vt -0.472278 0.163673 0.000000
vt -0.471051 0.162525 0.000000
vt -0.464670 0.158679 0.000000
vt -0.469772 0.161437 0.000000
vt -0.466592 0.159459 0.000000
vt -0.468456 0.160391 0.000000
vt -0.429324 0.154718 0.000000
vt -0.407932 0.180319 0.000000
vt -0.408332 0.174314 0.000000
vt -0.418804 0.154812 0.000000
vt -0.408914 0.168325 0.000000
vt -0.417194 0.154858 0.000000
vt -0.409599 0.162343 0.000000
vt -0.415622 0.155054 0.000000
vt -0.414120 0.155530 0.000000
vt -0.412668 0.156206 0.000000
vt -0.411502 0.157529 0.000000
vt -0.410577 0.158979 0.000000
vt -0.409995 0.160612 0.000000
vt -0.553634 -0.081432 0.000000
vt -0.564391 -0.080173 0.000000
vt -0.670269 -0.079225 0.000000
vt -0.574731 -0.077126 0.000000
vt -0.670488 -0.073927 0.000000
vt -0.584774 -0.072803 0.000000
vt -0.589832 -0.069347 0.000000
vt -0.670397 -0.068625 0.000000
vt -0.594769 -0.065740 0.000000
vt -0.670129 -0.063319 0.000000
vt -0.599479 -0.061846 0.000000
vt -0.640841 -0.049651 0.000000
vt -0.636182 -0.049066 0.000000
vt -0.631517 -0.048560 0.000000
vt -0.604020 -0.057741 0.000000
vt -0.626840 -0.048209 0.000000
vt -0.606029 -0.055679 0.000000
vt -0.622152 -0.047978 0.000000
vt -0.608114 -0.053707 0.000000
vt -0.610341 -0.051900 0.000000
vt -0.612668 -0.050209 0.000000
vt -0.614925 -0.049190 0.000000
vt -0.617248 -0.048440 0.000000
vt -0.619672 -0.048095 0.000000
vt -0.646106 -0.050272 0.000000
vt -0.651354 -0.051002 0.000000
vt -0.656568 -0.051932 0.000000
vt -0.661761 -0.052999 0.000000
vt -0.669991 -0.061468 0.000000
vt -0.663538 -0.053517 0.000000
vt -0.665228 -0.054196 0.000000
vt -0.666757 -0.055170 0.000000
vt -0.669681 -0.059669 0.000000
vt -0.669049 -0.057971 0.000000
vt -0.668177 -0.056346 0.000000
vt 0.484651 -0.147422 0.000000
vt 0.620830 -0.142180 0.000000
vt 0.465945 -0.141423 0.000000
vt 0.629988 -0.137777 0.000000
vt 0.450418 -0.133596 0.000000
vt 0.638888 -0.132775 0.000000
vt 0.644720 -0.128474 0.000000
vt 0.503623 -0.151967 0.000000
vt 0.601510 -0.148675 0.000000
vt 0.611279 -0.145680 0.000000
vt 0.523016 -0.154197 0.000000
vt 0.572303 -0.153799 0.000000
vt 0.586952 -0.151635 0.000000
vt 0.542654 -0.155091 0.000000
vt 0.557516 -0.154774 0.000000
vt 0.436041 -0.124314 0.000000
vt 0.650314 -0.123909 0.000000
vt 0.655481 -0.118875 0.000000
vt 0.660366 -0.113529 0.000000
vt 0.423618 -0.112564 0.000000
vt 0.661528 -0.111815 0.000000
vt 0.662665 -0.110085 0.000000
vt 0.663760 -0.108328 0.000000
vt 0.664829 -0.106555 0.000000
vt 0.665744 -0.104753 0.000000
vt 0.666537 -0.102906 0.000000
vt 0.667135 -0.100986 0.000000
vt 0.412389 -0.099303 0.000000
vt 0.667619 -0.099024 0.000000
vt 0.668267 -0.095412 0.000000
vt 0.668861 -0.091791 0.000000
vt 0.669377 -0.088158 0.000000
vt 0.669850 -0.084519 0.000000
vt 0.670269 -0.079225 0.000000
vt 0.564391 -0.080173 0.000000
vt 0.553634 -0.081432 0.000000
vt 0.542654 -0.081729 0.000000
vt 0.574731 -0.077126 0.000000
vt 0.670488 -0.073927 0.000000
vt 0.584774 -0.072803 0.000000
vt 0.589832 -0.069347 0.000000
vt 0.670397 -0.068625 0.000000
vt 0.594769 -0.065740 0.000000
vt 0.670129 -0.063319 0.000000
vt 0.599479 -0.061846 0.000000
vt 0.640841 -0.049651 0.000000
vt 0.636182 -0.049066 0.000000
vt 0.669991 -0.061468 0.000000
vt 0.661761 -0.052999 0.000000
vt 0.656568 -0.051932 0.000000
vt 0.651354 -0.051002 0.000000
vt 0.669681 -0.059669 0.000000
vt 0.666757 -0.055170 0.000000
vt 0.665228 -0.054196 0.000000
vt 0.663538 -0.053517 0.000000
vt 0.669049 -0.057971 0.000000
vt 0.668177 -0.056346 0.000000
vt 0.646106 -0.050272 0.000000
vt 0.631517 -0.048560 0.000000
vt 0.604020 -0.057741 0.000000
vt 0.626840 -0.048209 0.000000
vt 0.606029 -0.055679 0.000000
vt 0.622152 -0.047978 0.000000
vt 0.608114 -0.053707 0.000000
vt 0.610341 -0.051900 0.000000
vt 0.619672 -0.048095 0.000000
vt 0.617248 -0.048440 0.000000
vt 0.614925 -0.049190 0.000000
vt 0.612668 -0.050209 0.000000
vt 0.403573 -0.082708 0.000000
vt 0.531630 -0.081229 0.000000
vt 0.520963 -0.079533 0.000000
vt 0.510945 -0.075658 0.000000
vt 0.501371 -0.070293 0.000000
vt 0.495291 -0.063506 0.000000
vt 0.492705 -0.059909 0.000000
vt 0.490663 -0.056068 0.000000
vt 0.488367 -0.047584 0.000000
vt 0.487424 -0.038494 0.000000
vt 0.396958 -0.065476 0.000000
vt 0.393789 -0.047248 0.000000
vt 0.392584 -0.028452 0.000000
vt 0.393224 -0.014045 0.000000
vt 0.487981 -0.033040 0.000000
vt 0.395147 0.000054 0.000000
vt 0.399376 0.013600 0.000000
vt 0.405136 0.026778 0.000000
vt 0.412476 0.036995 0.000000
vt 0.420699 0.046298 0.000000
vt 0.489155 -0.027786 0.000000
vt 0.430352 0.054124 0.000000
vt 0.440841 0.061088 0.000000
vt 0.491339 -0.022862 0.000000
vt 0.454463 0.068177 0.000000
vt 0.494118 -0.018131 0.000000
vt 0.468311 0.074762 0.000000
vt 0.499223 -0.012338 0.000000
vt 0.482510 0.080561 0.000000
vt 0.504825 -0.007139 0.000000
vt 0.511135 -0.002783 0.000000
vt 0.496907 0.085914 0.000000
vt 0.517828 0.001116 0.000000
vt 0.511579 0.091271 0.000000
vt 0.529831 0.007017 0.000000
vt 0.526066 0.097046 0.000000
vt 0.542039 0.012429 0.000000
vt 0.554541 0.017143 0.000000
vt 0.540206 0.103605 0.000000
vt 0.567200 0.021478 0.000000
vt 0.554090 0.110739 0.000000
vt 0.588245 0.029342 0.000000
vt 0.561556 0.116706 0.000000
vt 0.564798 0.119974 0.000000
vt 0.608311 0.038833 0.000000
vt 0.567452 0.123585 0.000000
vt 0.569368 0.127623 0.000000
vt 0.626588 0.051304 0.000000
vt 0.570664 0.132023 0.000000
vt 0.643630 0.065830 0.000000
vt 0.654275 0.082639 0.000000
vt 0.572221 0.141423 0.000000
vt 0.658729 0.091334 0.000000
vt 0.662147 0.100376 0.000000
vt 0.665789 0.119526 0.000000
vt 0.667061 0.139470 0.000000
vt 0.665867 0.156850 0.000000
vt 0.662804 0.173671 0.000000
vt 0.656482 0.189516 0.000000
vt 0.648093 0.204742 0.000000
vt 0.571174 0.149642 0.000000
vt 0.636977 0.217262 0.000000
vt 0.624750 0.228323 0.000000
vt 0.569005 0.157402 0.000000
vt 0.610726 0.237026 0.000000
vt 0.565011 0.164415 0.000000
vt 0.595652 0.244351 0.000000
vt 0.559948 0.170990 0.000000
vt 0.576794 0.250269 0.000000
vt 0.550640 0.177404 0.000000
vt 0.557676 0.254732 0.000000
vt 0.540678 0.181963 0.000000
vt 0.538148 0.256895 0.000000
vt 0.529784 0.183885 0.000000
vt 0.518386 0.257741 0.000000
vt 0.518386 0.184379 0.000000
vt 0.504191 0.257335 0.000000
vt 0.490124 0.256101 0.000000
vt 0.476285 0.253374 0.000000
vt 0.462598 0.249651 0.000000
vt 0.453432 0.246172 0.000000
vt 0.444531 0.242191 0.000000
vt 0.407647 0.186332 0.000000
vt 0.510299 0.184155 0.000000
vt 0.502419 0.183144 0.000000
vt 0.494922 0.180664 0.000000
vt 0.487702 0.177127 0.000000
vt 0.483902 0.174336 0.000000
vt 0.480224 0.171407 0.000000
vt 0.476771 0.168221 0.000000
vt 0.450249 0.156049 0.000000
vt 0.460645 0.157601 0.000000
vt 0.436109 0.237301 0.000000
vt 0.428009 0.231799 0.000000
vt 0.423605 0.228241 0.000000
vt 0.407587 0.191150 0.000000
vt 0.419408 0.224481 0.000000
vt 0.407633 0.195964 0.000000
vt 0.415608 0.220337 0.000000
vt 0.407861 0.200773 0.000000
vt 0.412110 0.215900 0.000000
vt 0.411299 0.214560 0.000000
vt 0.410544 0.213194 0.000000
vt 0.409893 0.211776 0.000000
vt 0.408205 0.205579 0.000000
vt 0.409320 0.210321 0.000000
vt 0.408342 0.206799 0.000000
vt 0.408890 0.209173 0.000000
vt 0.408551 0.208002 0.000000
vt 0.407932 0.180319 0.000000
vt 0.429324 0.154718 0.000000
vt 0.439814 0.155018 0.000000
vt 0.408332 0.174314 0.000000
vt 0.418804 0.154812 0.000000
vt 0.408914 0.168325 0.000000
vt 0.417194 0.154858 0.000000
vt 0.409599 0.162343 0.000000
vt 0.415622 0.155054 0.000000
vt 0.414120 0.155530 0.000000
vt 0.409995 0.160612 0.000000
vt 0.410577 0.158979 0.000000
vt 0.411502 0.157529 0.000000
vt 0.412668 0.156206 0.000000
vt 0.473477 0.164854 0.000000
vt 0.462676 0.158091 0.000000
vt 0.472278 0.163673 0.000000
vt 0.471051 0.162525 0.000000
vt 0.464670 0.158679 0.000000
vt 0.469772 0.161437 0.000000
vt 0.466592 0.159459 0.000000
vt 0.468456 0.160391 0.000000
vn -0.207988 -0.000000 -0.978131
vn -0.181592 -0.000000 -0.983374
vn -0.207988 -0.000000 -0.978131
vn -0.181592 -0.000000 -0.983374
vn -0.103015 -0.000000 -0.994680
vn -0.103015 -0.000000 -0.994680
vn -0.036100 -0.000000 -0.999348
vn -0.036100 -0.000000 -0.999348
vn -0.013871 -0.000000 -0.999904
vn -0.013871 -0.000000 -0.999904
vn -0.499111 -0.000000 -0.866538
vn -0.471283 -0.000000 -0.881982
vn -0.499111 -0.000000 -0.866538
vn -0.471283 -0.000000 -0.881982
vn -0.385973 -0.000000 -0.922510
vn -0.385973 -0.000000 -0.922510
vn -0.310162 -0.000000 -0.950684
vn -0.310162 -0.000000 -0.950684
vn -0.284625 -0.000000 -0.958639
vn -0.284625 -0.000000 -0.958639
vn -0.744685 -0.000000 -0.667416
vn -0.725055 -0.000000 -0.688691
vn -0.744685 -0.000000 -0.667416
vn -0.725055 -0.000000 -0.688691
vn -0.663350 -0.000000 -0.748309
vn -0.663350 -0.000000 -0.748309
vn -0.606586 -0.000000 -0.795018
vn -0.606586 -0.000000 -0.795018
vn -0.587053 -0.000000 -0.809548
vn -0.587053 -0.000000 -0.809548
vn -0.857688 -0.000000 -0.514170
vn -0.853819 -0.000000 -0.520570
vn -0.857688 -0.000000 -0.514170
vn -0.853819 -0.000000 -0.520570
vn -0.841952 -0.000000 -0.539553
vn -0.841952 -0.000000 -0.539553
vn -0.830414 -0.000000 -0.557147
vn -0.830414 -0.000000 -0.557147
vn -0.826488 -0.000000 -0.562955
vn -0.826488 -0.000000 -0.562955
vn -0.973332 -0.000000 -0.229399
vn -0.965985 -0.000000 -0.258600
vn -0.973332 -0.000000 -0.229399
vn -0.965985 -0.000000 -0.258600
vn -0.938432 -0.000000 -0.345464
vn -0.938432 -0.000000 -0.345464
vn -0.901151 -0.000000 -0.433505
vn -0.901151 -0.000000 -0.433505
vn -0.886983 -0.000000 -0.461801
vn -0.886983 -0.000000 -0.461801
vn -0.991907 -0.000000 -0.126964
vn -0.991139 -0.000000 -0.132828
vn -0.991907 -0.000000 -0.126964
vn -0.991139 -0.000000 -0.132828
vn -0.988625 -0.000000 -0.150399
vn -0.988625 -0.000000 -0.150399
vn -0.985149 -0.000000 -0.171701
vn -0.985149 -0.000000 -0.171701
vn -0.983848 -0.000000 -0.179003
vn -0.983848 -0.000000 -0.179003
vn -0.998441 0.000000 0.055824
vn -0.999227 0.000000 0.039322
vn -0.998441 0.000000 0.055824
vn -0.999227 0.000000 0.039322
vn -0.999946 -0.000000 -0.010374
vn -0.999946 -0.000000 -0.010374
vn -0.997795 -0.000000 -0.066370
vn -0.997795 -0.000000 -0.066370
vn -0.996369 -0.000000 -0.085144
vn -0.996369 -0.000000 -0.085144
vn -0.870262 0.000000 0.492588
vn -0.870262 0.000000 0.492588
vn -0.901680 0.000000 0.432403
vn -0.901680 0.000000 0.432403
vn -0.968388 0.000000 0.249449
vn -0.968388 0.000000 0.249449
vn -0.994352 0.000000 0.106129
vn -0.994352 0.000000 0.106129
vn -0.998246 0.000000 0.059198
vn -0.998246 0.000000 0.059198
vn -0.968388 0.000000 0.249449
vn -0.901680 0.000000 0.432403
vn -0.264596 0.000000 0.964359
vn -0.311046 0.000000 0.950395
vn -0.264596 0.000000 0.964359
vn -0.311046 0.000000 0.950395
vn -0.449490 0.000000 0.893285
vn -0.449490 0.000000 0.893285
vn -0.605588 0.000000 0.795778
vn -0.605588 0.000000 0.795778
vn -0.653531 0.000000 0.756900
vn -0.653531 0.000000 0.756900
vn -0.113551 0.000000 0.993532
vn -0.123964 0.000000 0.992287
vn -0.113551 0.000000 0.993532
vn -0.123964 0.000000 0.992287
vn -0.155155 0.000000 0.987890
vn -0.155155 0.000000 0.987890
vn -0.192633 0.000000 0.981271
vn -0.192633 0.000000 0.981271
vn -0.205411 0.000000 0.978676
vn -0.205411 0.000000 0.978676
vn -0.044998 0.000000 0.998987
vn -0.057998 0.000000 0.998317
vn -0.044998 0.000000 0.998987
vn -0.057998 0.000000 0.998317
vn -0.093386 0.000000 0.995630
vn -0.093386 0.000000 0.995630
vn -0.119085 0.000000 0.992884
vn -0.119085 0.000000 0.992884
vn -0.127625 0.000000 0.991822
vn -0.127625 0.000000 0.991822
vn 0.427967 0.000000 0.903794
vn 0.377562 0.000000 0.925984
vn 0.427967 0.000000 0.903794
vn 0.377562 0.000000 0.925984
vn 0.219047 0.000000 0.975714
vn 0.219047 0.000000 0.975714
vn 0.078264 0.000000 0.996933
vn 0.078264 0.000000 0.996933
vn 0.032021 0.000000 0.999487
vn 0.032021 0.000000 0.999487
vn 0.720958 0.000000 0.692979
vn 0.706686 0.000000 0.707527
vn 0.720958 0.000000 0.692979
vn 0.706686 0.000000 0.707527
vn 0.661898 0.000000 0.749594
vn 0.661898 0.000000 0.749594
vn 0.602198 0.000000 0.798347
vn 0.602198 0.000000 0.798347
vn 0.580675 0.000000 0.814135
vn 0.580675 0.000000 0.814135
vn 0.559813 0.000000 0.828619
vn 0.572811 0.000000 0.819688
vn 0.559813 0.000000 0.828619
vn 0.572811 0.000000 0.819688
vn 0.611060 0.000000 0.791584
vn 0.611060 0.000000 0.791584
vn 0.659494 0.000000 0.751710
vn 0.659494 0.000000 0.751710
vn 0.676137 0.000000 0.736776
vn 0.676137 0.000000 0.736776
vn 0.012416 0.000000 0.999923
vn 0.056550 0.000000 0.998400
vn 0.012416 0.000000 0.999923
vn 0.056550 0.000000 0.998400
vn 0.191337 0.000000 0.981524
vn 0.191337 0.000000 0.981524
vn 0.358478 0.000000 0.933538
vn 0.358478 0.000000 0.933538
vn 0.413414 0.000000 0.910543
vn 0.413414 0.000000 0.910543
vn -0.508784 0.000000 0.860894
vn -0.447618 0.000000 0.894225
vn -0.508784 0.000000 0.860894
vn -0.447618 0.000000 0.894225
vn -0.251174 0.000000 0.967942
vn -0.251174 0.000000 0.967942
vn -0.082161 0.000000 0.996619
vn -0.082161 0.000000 0.996619
vn -0.027203 0.000000 0.999630
vn -0.027203 0.000000 0.999630
vn -0.996968 0.000000 0.077819
vn -0.987920 0.000000 0.154967
vn -0.996968 0.000000 0.077819
vn -0.987920 0.000000 0.154967
vn -0.918915 0.000000 0.394456
vn -0.918915 0.000000 0.394456
vn -0.845104 0.000000 0.534603
vn -0.845104 0.000000 0.534603
vn -0.781282 0.000000 0.624179
vn -0.781282 0.000000 0.624179
vn -0.726240 0.000000 0.687441
vn -0.726240 0.000000 0.687441
vn -0.852696 -0.000000 -0.522408
vn -0.880579 -0.000000 -0.473900
vn -0.852696 -0.000000 -0.522408
vn -0.880579 -0.000000 -0.473900
vn -0.949132 -0.000000 -0.314877
vn -0.949132 -0.000000 -0.314877
vn -0.990116 -0.000000 -0.140253
vn -0.990116 -0.000000 -0.140253
vn -0.996583 -0.000000 -0.082593
vn -0.996583 -0.000000 -0.082593
vn -0.492455 -0.000000 -0.870338
vn -0.525141 -0.000000 -0.851015
vn -0.492455 -0.000000 -0.870338
vn -0.525141 -0.000000 -0.851015
vn -0.620132 -0.000000 -0.784497
vn -0.620132 -0.000000 -0.784497
vn -0.727770 -0.000000 -0.685821
vn -0.727770 -0.000000 -0.685821
vn -0.761141 -0.000000 -0.648587
vn -0.761141 -0.000000 -0.648587
vn -0.319163 -0.000000 -0.947700
vn -0.333623 -0.000000 -0.942707
vn -0.319163 -0.000000 -0.947700
vn -0.333623 -0.000000 -0.942707
vn -0.376645 -0.000000 -0.926358
vn -0.376645 -0.000000 -0.926358
vn -0.429255 -0.000000 -0.903183
vn -0.429255 -0.000000 -0.903183
vn -0.447158 -0.000000 -0.894455
vn -0.447158 -0.000000 -0.894455
vn -0.662001 -0.000000 -0.749503
vn -0.621244 -0.000000 -0.783617
vn -0.662001 -0.000000 -0.749503
vn -0.621244 -0.000000 -0.783617
vn -0.490849 -0.000000 -0.871245
vn -0.490849 -0.000000 -0.871245
vn -0.375964 -0.000000 -0.926634
vn -0.375964 -0.000000 -0.926634
vn -0.337071 -0.000000 -0.941479
vn -0.337071 -0.000000 -0.941479
vn -0.999049 -0.000000 -0.043608
vn -0.994555 -0.000000 -0.104209
vn -0.999049 -0.000000 -0.043608
vn -0.994555 -0.000000 -0.104209
vn -0.956794 -0.000000 -0.290767
vn -0.956794 -0.000000 -0.290767
vn -0.911539 -0.000000 -0.411213
vn -0.911539 -0.000000 -0.411213
vn -0.869617 -0.000000 -0.493728
vn -0.869617 -0.000000 -0.493728
vn -0.831957 -0.000000 -0.554841
vn -0.831957 -0.000000 -0.554841
vn -0.865986 0.000000 0.500068
vn -0.894813 0.000000 0.446441
vn -0.865986 0.000000 0.500068
vn -0.894813 0.000000 0.446441
vn -0.962346 0.000000 0.271827
vn -0.962346 0.000000 0.271827
vn -0.994462 0.000000 0.105099
vn -0.994462 0.000000 0.105099
vn -0.998726 0.000000 0.050466
vn -0.998726 0.000000 0.050466
vn -0.421922 0.000000 0.906632
vn -0.467414 0.000000 0.884039
vn -0.421922 0.000000 0.906632
vn -0.467414 0.000000 0.884039
vn -0.599545 0.000000 0.800341
vn -0.599545 0.000000 0.800341
vn -0.723355 0.000000 0.690476
vn -0.723355 0.000000 0.690476
vn -0.759505 0.000000 0.650501
vn -0.759505 0.000000 0.650501
vn -0.031588 0.000000 0.999501
vn -0.065134 0.000000 0.997877
vn -0.031588 0.000000 0.999501
vn -0.065134 0.000000 0.997877
vn -0.166382 0.000000 0.986061
vn -0.166382 0.000000 0.986061
vn -0.275643 0.000000 0.961260
vn -0.275643 0.000000 0.961260
vn -0.311172 0.000000 0.950353
vn -0.311172 0.000000 0.950353
vn 0.273758 0.000000 0.961799
vn 0.239579 0.000000 0.970877
vn 0.273758 0.000000 0.961799
vn 0.239579 0.000000 0.970877
vn 0.136614 0.000000 0.990624
vn 0.136614 0.000000 0.990624
vn 0.048112 0.000000 0.998842
vn 0.048112 0.000000 0.998842
vn 0.018786 0.000000 0.999824
vn 0.018786 0.000000 0.999824
vn 0.571563 0.000000 0.820558
vn 0.542283 0.000000 0.840196
vn 0.571563 0.000000 0.820558
vn 0.542283 0.000000 0.840196
vn 0.452028 0.000000 0.892004
vn 0.452028 0.000000 0.892004
vn 0.372787 0.000000 0.927917
vn 0.372787 0.000000 0.927917
vn 0.345979 0.000000 0.938242
vn 0.345979 0.000000 0.938242
vn 0.792999 0.000000 0.609223
vn 0.769485 0.000000 0.638665
vn 0.792999 0.000000 0.609223
vn 0.769485 0.000000 0.638665
vn 0.698627 0.000000 0.715486
vn 0.698627 0.000000 0.715486
vn 0.641510 0.000000 0.767114
vn 0.641510 0.000000 0.767114
vn 0.621789 0.000000 0.783185
vn 0.621789 0.000000 0.783185
vn 0.934009 0.000000 0.357249
vn 0.923575 0.000000 0.383418
vn 0.934009 0.000000 0.357249
vn 0.923575 0.000000 0.383418
vn 0.890560 0.000000 0.454866
vn 0.890560 0.000000 0.454866
vn 0.862201 0.000000 0.506566
vn 0.862201 0.000000 0.506566
vn 0.852130 0.000000 0.523330
vn 0.852130 0.000000 0.523330
vn 0.994729 0.000000 0.102543
vn 0.991270 0.000000 0.131848
vn 0.994729 0.000000 0.102543
vn 0.975521 0.000000 0.219906
vn 0.991270 0.000000 0.131848
vn 0.975521 0.000000 0.219906
vn 0.945116 0.000000 0.326734
vn 0.931987 0.000000 0.362490
vn 0.931987 0.000000 0.362490
vn 0.975521 0.000000 0.219906
vn 0.945116 0.000000 0.326734
vn 0.999872 0.000000 -0.015985
vn 0.999987 0.000000 -0.005109
vn 0.999872 0.000000 -0.015985
vn 0.999987 0.000000 -0.005109
vn 0.999620 0.000000 0.027558
vn 0.999620 0.000000 0.027558
vn 0.997989 0.000000 0.063391
vn 0.997989 0.000000 0.063391
vn 0.997155 0.000000 0.075380
vn 0.997155 0.000000 0.075380
vn 0.993178 0.000000 -0.116608
vn 0.994142 0.000000 -0.108086
vn 0.993178 0.000000 -0.116608
vn 0.994142 0.000000 -0.108086
vn 0.996595 0.000000 -0.082455
vn 0.996595 0.000000 -0.082455
vn 0.998555 0.000000 -0.053742
vn 0.998555 0.000000 -0.053742
vn 0.999028 0.000000 -0.044080
vn 0.999028 0.000000 -0.044080
vn 0.733325 0.000000 -0.679878
vn 0.733325 0.000000 -0.679878
vn 0.782880 0.000000 -0.622173
vn 0.782880 0.000000 -0.622173
vn 0.903249 0.000000 -0.429117
vn 0.903249 0.000000 -0.429117
vn 0.965531 0.000000 -0.260287
vn 0.965531 0.000000 -0.260287
vn 0.978887 0.000000 -0.204402
vn 0.978887 0.000000 -0.204402
vn 0.903249 0.000000 -0.429117
vn 0.782880 0.000000 -0.622173
vn 0.012808 0.000000 -0.999918
vn 0.059951 0.000000 -0.998201
vn 0.012808 0.000000 -0.999918
vn 0.059951 0.000000 -0.998201
vn 0.204336 0.000000 -0.978901
vn 0.204336 0.000000 -0.978901
vn 0.383068 0.000000 -0.923720
vn 0.383068 0.000000 -0.923720
vn 0.441286 0.000000 -0.897367
vn 0.441286 0.000000 -0.897367
vn -0.155874 -0.000000 -0.987777
vn -0.131171 -0.000000 -0.991360
vn -0.155874 -0.000000 -0.987777
vn -0.131171 -0.000000 -0.991360
vn -0.059889 -0.000000 -0.998205
vn -0.059889 -0.000000 -0.998205
vn -0.003560 -0.000000 -0.999994
vn -0.003560 -0.000000 -0.999994
vn 0.015145 0.000000 -0.999885
vn 0.015145 0.000000 -0.999885
vn -0.458704 -0.000000 -0.888589
vn -0.423107 -0.000000 -0.906080
vn -0.458704 -0.000000 -0.888589
vn -0.423107 -0.000000 -0.906080
vn -0.323720 -0.000000 -0.946153
vn -0.323720 -0.000000 -0.946153
vn -0.250625 -0.000000 -0.968084
vn -0.250625 -0.000000 -0.968084
vn -0.226143 -0.000000 -0.974094
vn -0.226143 -0.000000 -0.974094
vn -0.704622 -0.000000 -0.709583
vn -0.695586 -0.000000 -0.718443
vn -0.704622 -0.000000 -0.709583
vn -0.695586 -0.000000 -0.718443
vn -0.667758 -0.000000 -0.744378
vn -0.667758 -0.000000 -0.744378
vn -0.630922 -0.000000 -0.775846
vn -0.630922 -0.000000 -0.775846
vn -0.617684 -0.000000 -0.786427
vn -0.617684 -0.000000 -0.786427
vn -0.586634 -0.000000 -0.809852
vn -0.602325 -0.000000 -0.798251
vn -0.586634 -0.000000 -0.809852
vn -0.602325 -0.000000 -0.798251
vn -0.648209 -0.000000 -0.761462
vn -0.648209 -0.000000 -0.761462
vn -0.702740 -0.000000 -0.711446
vn -0.702740 -0.000000 -0.711446
vn -0.720770 -0.000000 -0.693175
vn -0.720770 -0.000000 -0.693175
vn -0.011495 -0.000000 -0.999934
vn -0.060597 -0.000000 -0.998162
vn -0.011495 -0.000000 -0.999934
vn -0.060597 -0.000000 -0.998162
vn -0.211349 -0.000000 -0.977411
vn -0.211349 -0.000000 -0.977411
vn -0.398974 -0.000000 -0.916962
vn -0.398974 -0.000000 -0.916962
vn -0.459859 -0.000000 -0.887992
vn -0.459859 -0.000000 -0.887992
vn 0.590159 0.000000 -0.807287
vn 0.519475 0.000000 -0.854486
vn 0.590159 0.000000 -0.807287
vn 0.519475 0.000000 -0.854486
vn 0.284769 0.000000 -0.958596
vn 0.284769 0.000000 -0.958596
vn 0.086079 0.000000 -0.996288
vn 0.086079 0.000000 -0.996288
vn 0.022337 0.000000 -0.999751
vn 0.022337 0.000000 -0.999751
vn 0.994673 0.000000 -0.103077
vn 0.984834 0.000000 -0.173499
vn 0.994673 0.000000 -0.103077
vn 0.984834 0.000000 -0.173499
vn 0.921813 0.000000 -0.387634
vn 0.921813 0.000000 -0.387634
vn 0.819115 0.000000 -0.573629
vn 0.819115 0.000000 -0.573629
vn 0.778535 0.000000 -0.627601
vn 0.778535 0.000000 -0.627601
vn 0.601239 0.000000 0.799069
vn 0.670288 0.000000 0.742101
vn 0.601239 0.000000 0.799069
vn 0.670288 0.000000 0.742101
vn 0.753927 0.000000 0.656958
vn 0.753927 0.000000 0.656958
vn 0.857320 0.000000 0.514784
vn 0.857320 0.000000 0.514784
vn 0.937630 0.000000 0.347634
vn 0.937630 0.000000 0.347634
vn 0.974067 0.000000 0.226258
vn 0.974067 0.000000 0.226258
vn 0.991136 0.000000 0.132849
vn 0.991136 0.000000 0.132849
vn 0.338415 0.000000 0.940997
vn 0.352111 0.000000 0.935958
vn 0.338415 0.000000 0.940997
vn 0.352111 0.000000 0.935958
vn 0.392850 0.000000 0.919603
vn 0.392850 0.000000 0.919603
vn 0.444929 0.000000 0.895566
vn 0.444929 0.000000 0.895566
vn 0.463032 0.000000 0.886342
vn 0.463032 0.000000 0.886342
vn 0.466939 0.000000 0.884290
vn 0.450964 0.000000 0.892542
vn 0.466939 0.000000 0.884290
vn 0.450964 0.000000 0.892542
vn 0.402535 0.000000 0.915404
vn 0.402535 0.000000 0.915404
vn 0.358387 0.000000 0.933573
vn 0.358387 0.000000 0.933573
vn 0.343524 0.000000 0.939144
vn 0.343524 0.000000 0.939144
vn 0.821669 0.000000 0.569965
vn 0.792259 0.000000 0.610186
vn 0.821669 0.000000 0.569965
vn 0.792259 0.000000 0.610186
vn 0.690299 0.000000 0.723524
vn 0.690299 0.000000 0.723524
vn 0.579024 0.000000 0.815310
vn 0.579024 0.000000 0.815310
vn 0.540053 0.000000 0.841631
vn 0.540053 0.000000 0.841631
vn 0.999566 0.000000 0.029452
vn 0.997226 0.000000 0.074429
vn 0.999566 0.000000 0.029452
vn 0.997226 0.000000 0.074429
vn 0.977422 0.000000 0.211297
vn 0.977422 0.000000 0.211297
vn 0.930188 0.000000 0.367084
vn 0.930188 0.000000 0.367084
vn 0.908954 0.000000 0.416897
vn 0.908954 0.000000 0.416897
vn 0.873647 0.000000 -0.486561
vn 0.901223 0.000000 -0.433357
vn 0.873647 0.000000 -0.486561
vn 0.901223 0.000000 -0.433357
vn 0.965270 0.000000 -0.261255
vn 0.965270 0.000000 -0.261255
vn 0.995042 0.000000 -0.099457
vn 0.995042 0.000000 -0.099457
vn 0.998922 0.000000 -0.046424
vn 0.998922 0.000000 -0.046424
vn 0.434559 0.000000 -0.900643
vn 0.481154 0.000000 -0.876636
vn 0.434559 0.000000 -0.900643
vn 0.481154 0.000000 -0.876636
vn 0.616064 0.000000 -0.787696
vn 0.616064 0.000000 -0.787696
vn 0.739084 0.000000 -0.673613
vn 0.739084 0.000000 -0.673613
vn 0.774680 0.000000 -0.632353
vn 0.774680 0.000000 -0.632353
vn 0.034100 0.000000 -0.999418
vn 0.068327 0.000000 -0.997663
vn 0.034100 0.000000 -0.999418
vn 0.068327 0.000000 -0.997663
vn 0.171623 0.000000 -0.985163
vn 0.171623 0.000000 -0.985163
vn 0.281528 0.000000 -0.959553
vn 0.281528 0.000000 -0.959553
vn 0.317171 0.000000 -0.948368
vn 0.317171 0.000000 -0.948368
vn 0.000000 -1.000000 0.000000
vn 0.000000 -1.000000 0.000000
vn 0.000000 -1.000000 0.000000
vn 0.000000 -1.000000 0.000000
vn 0.000000 -1.000000 0.000000
vn 0.000000 -1.000000 0.000000
vn 0.000000 -1.000000 0.000000
vn 0.000000 -1.000000 0.000000
vn 0.000000 -1.000000 0.000000
vn 0.000000 -1.000000 0.000000
vn 0.000000 -1.000000 0.000000
vn 0.000000 -1.000000 0.000000
vn 0.000000 -1.000000 0.000000
vn 0.000000 -1.000000 0.000000
vn 0.000000 -1.000000 0.000000
vn 0.000000 -1.000000 0.000000
vn 0.000000 -1.000000 0.000000
vn 0.000000 -1.000000 0.000000
vn 0.000000 -1.000000 0.000000
vn 0.000000 -1.000000 0.000000
vn 0.000000 -1.000000 0.000000
vn 0.000000 -1.000000 0.000000
vn 0.000000 -1.000000 0.000000
vn 0.000000 -1.000000 0.000000
vn 0.000000 -1.000000 0.000000
vn 0.000000 -1.000000 0.000000
vn 0.000000 -1.000000 0.000000
vn 0.000000 -1.000000 0.000000
vn 0.000000 -1.000000 0.000000
vn 0.000000 -1.000000 0.000000
vn 0.000000 -1.000000 0.000000
vn 0.000000 -1.000000 0.000000
vn 0.000000 -1.000000 0.000000
vn 0.000000 -1.000000 0.000000
vn 0.000000 -1.000000 0.000000
vn 0.000000 -1.000000 0.000000
vn 0.000000 -1.000000 0.000000
vn 0.000000 -1.000000 0.000000
vn 0.000000 -1.000000 0.000000
vn 0.000000 -1.000000 0.000000
vn 0.000000 -1.000000 0.000000
vn 0.000000 -1.000000 0.000000
vn 0.000000 -1.000000 0.000000
vn 0.000000 -1.000000 0.000000
vn 0.000000 -1.000000 0.000000
vn 0.000000 -1.000000 0.000000
vn 0.000000 -1.000000 0.000000
vn 0.000000 -1.000000 0.000000
vn 0.000000 -1.000000 0.000000
vn 0.000000 -1.000000 0.000000
vn 0.000000 -1.000000 0.000000
vn 0.000000 -1.000000 0.000000
vn 0.000000 -1.000000 0.000000
vn 0.000000 -1.000000 0.000000
vn 0.000000 -1.000000 0.000000
vn 0.000000 -1.000000 0.000000
vn 0.000000 -1.000000 0.000000
vn 0.000000 -1.000000 0.000000
vn 0.000000 -1.000000 0.000000
vn 0.000000 -1.000000 0.000000
vn 0.000000 -1.000000 0.000000
vn 0.000000 -1.000000 0.000000
vn 0.000000 -1.000000 0.000000
vn 0.000000 -1.000000 0.000000
vn 0.000000 -1.000000 0.000000
vn 0.000000 -1.000000 0.000000
vn 0.000000 -1.000000 0.000000
vn 0.000000 -1.000000 0.000000
vn 0.000000 -1.000000 0.000000
vn 0.000000 -1.000000 0.000000
vn 0.000000 -1.000000 0.000000
vn 0.000000 -1.000000 0.000000
vn 0.000000 -1.000000 0.000000
vn 0.000000 -1.000000 0.000000
vn 0.000000 -1.000000 0.000000
vn 0.000000 -1.000000 0.000000
vn 0.000000 -1.000000 0.000000
vn 0.000000 -1.000000 0.000000
vn 0.000000 -1.000000 0.000000
vn 0.000000 -1.000000 0.000000
vn 0.000000 -1.000000 0.000000
vn 0.000000 -1.000000 0.000000
vn 0.000000 -1.000000 0.000000
vn 0.000000 -1.000000 0.000000
vn 0.000000 -1.000000 0.000000
vn 0.000000 -1.000000 0.000000
vn 0.000000 -1.000000 0.000000
vn 0.000000 -1.000000 0.000000
vn 0.000000 -1.000000 0.000000
vn 0.000000 -1.000000 0.000000
vn 0.000000 -1.000000 0.000000
vn 0.000000 -1.000000 0.000000
vn 0.000000 -1.000000 0.000000
vn 0.000000 -1.000000 0.000000
vn 0.000000 -1.000000 0.000000
vn 0.000000 -1.000000 0.000000
vn 0.000000 -1.000000 0.000000
vn 0.000000 -1.000000 0.000000
vn 0.000000 -1.000000 0.000000
vn 0.000000 -1.000000 0.000000
vn 0.000000 -1.000000 0.000000
vn 0.000000 -1.000000 0.000000
vn 0.000000 -1.000000 0.000000
vn 0.000000 -1.000000 0.000000
vn 0.000000 -1.000000 0.000000
vn 0.000000 -1.000000 0.000000
vn 0.000000 -1.000000 0.000000
vn 0.000000 -1.000000 0.000000
vn 0.000000 -1.000000 0.000000
vn 0.000000 -1.000000 0.000000
vn 0.000000 -1.000000 0.000000
vn 0.000000 -1.000000 0.000000
vn 0.000000 -1.000000 0.000000
vn 0.000000 -1.000000 0.000000
vn 0.000000 -1.000000 0.000000
vn 0.000000 -1.000000 0.000000
vn 0.000000 -1.000000 0.000000
vn 0.000000 -1.000000 0.000000
vn 0.000000 -1.000000 0.000000
vn 0.000000 -1.000000 0.000000
vn 0.000000 -1.000000 0.000000
vn 0.000000 -1.000000 0.000000
vn 0.000000 -1.000000 0.000000
vn 0.000000 -1.000000 0.000000
vn 0.000000 -1.000000 0.000000
vn 0.000000 -1.000000 0.000000
vn 0.000000 -1.000000 0.000000
vn 0.000000 -1.000000 0.000000
vn 0.000000 -1.000000 0.000000
vn 0.000000 -1.000000 0.000000
vn 0.000000 -1.000000 0.000000
vn 0.000000 -1.000000 0.000000
vn 0.000000 -1.000000 0.000000
vn 0.000000 -1.000000 0.000000
vn 0.000000 -1.000000 0.000000
vn 0.000000 -1.000000 0.000000
vn 0.000000 -1.000000 0.000000
vn 0.000000 -1.000000 0.000000
vn 0.000000 -1.000000 0.000000
vn 0.000000 -1.000000 0.000000
vn 0.000000 -1.000000 0.000000
vn 0.000000 -1.000000 0.000000
vn 0.000000 -1.000000 0.000000
vn 0.000000 -1.000000 0.000000
vn 0.000000 -1.000000 0.000000
vn 0.000000 -1.000000 0.000000
vn 0.000000 -1.000000 0.000000
vn 0.000000 -1.000000 0.000000
vn 0.000000 -1.000000 0.000000
vn 0.000000 -1.000000 0.000000
vn 0.000000 -1.000000 0.000000
vn 0.000000 -1.000000 0.000000
vn 0.000000 -1.000000 0.000000
vn 0.000000 -1.000000 0.000000
vn 0.000000 -1.000000 0.000000
vn 0.000000 -1.000000 0.000000
vn 0.000000 -1.000000 0.000000
vn 0.000000 -1.000000 0.000000
vn 0.000000 -1.000000 0.000000
vn 0.000000 -1.000000 0.000000
vn 0.000000 -1.000000 0.000000
vn 0.000000 -1.000000 0.000000
vn 0.000000 -1.000000 0.000000
vn 0.000000 -1.000000 0.000000
vn 0.000000 -1.000000 0.000000
vn 0.000000 -1.000000 0.000000
vn 0.000000 -1.000000 0.000000
vn 0.000000 -1.000000 0.000000
vn 0.000000 -1.000000 0.000000
vn 0.000000 -1.000000 0.000000
vn 0.000000 -1.000000 0.000000
vn 0.000000 -1.000000 0.000000
vn 0.000000 -1.000000 0.000000
vn 0.000000 -1.000000 0.000000
vn 0.000000 -1.000000 0.000000
vn 0.000000 -1.000000 0.000000
vn 0.000000 -1.000000 0.000000
vn 0.000000 -1.000000 0.000000
vn 0.000000 -1.000000 0.000000
vn 0.000000 -1.000000 0.000000
vn 0.000000 -1.000000 0.000000
vn 0.000000 -1.000000 0.000000
vn 0.000000 -1.000000 0.000000
vn 0.000000 -1.000000 0.000000
vn 0.000000 -1.000000 0.000000
vn 0.000000 -1.000000 0.000000
vn 0.000000 -1.000000 0.000000
vn 0.000000 -1.000000 0.000000
vn 0.000000 -1.000000 0.000000
vn 0.000000 -1.000000 0.000000
vn 0.000000 -1.000000 0.000000
vn 0.000000 -1.000000 0.000000
vn 0.000000 -1.000000 0.000000
vn 0.000000 -1.000000 0.000000
vn 0.000000 -1.000000 0.000000
vn 0.000000 -1.000000 0.000000
vn 0.000000 -1.000000 0.000000
vn 0.000000 -1.000000 0.000000
vn 0.000000 -1.000000 0.000000
vn 0.000000 -1.000000 0.000000
vn -0.000000 1.000000 -0.000000
vn -0.000000 1.000000 -0.000000
vn -0.000000 1.000000 -0.000000
vn -0.000000 1.000000 -0.000000
vn -0.000000 1.000000 -0.000000
vn -0.000000 1.000000 -0.000000
vn -0.000000 1.000000 -0.000000
vn -0.000000 1.000000 -0.000000
vn -0.000000 1.000000 -0.000000
vn -0.000000 1.000000 -0.000000
vn -0.000000 1.000000 -0.000000
vn -0.000000 1.000000 -0.000000
vn -0.000000 1.000000 -0.000000
vn -0.000000 1.000000 -0.000000
vn -0.000000 1.000000 -0.000000
vn -0.000000 1.000000 -0.000000
vn -0.000000 1.000000 -0.000000
vn -0.000000 1.000000 -0.000000
vn -0.000000 1.000000 -0.000000
vn -0.000000 1.000000 -0.000000
vn -0.000000 1.000000 -0.000000
vn -0.000000 1.000000 -0.000000
vn -0.000000 1.000000 -0.000000
vn -0.000000 1.000000 -0.000000
vn -0.000000 1.000000 -0.000000
vn -0.000000 1.000000 -0.000000
vn -0.000000 1.000000 -0.000000
vn -0.000000 1.000000 -0.000000
vn -0.000000 1.000000 -0.000000
vn -0.000000 1.000000 -0.000000
vn -0.000000 1.000000 -0.000000
vn -0.000000 1.000000 -0.000000
vn -0.000000 1.000000 -0.000000
vn -0.000000 1.000000 -0.000000
vn -0.000000 1.000000 -0.000000
vn -0.000000 1.000000 -0.000000
vn -0.000000 1.000000 -0.000000
vn -0.000000 1.000000 -0.000000
vn -0.000000 1.000000 -0.000000
vn -0.000000 1.000000 -0.000000
vn -0.000000 1.000000 -0.000000
vn -0.000000 1.000000 -0.000000
vn -0.000000 1.000000 -0.000000
vn -0.000000 1.000000 -0.000000
vn -0.000000 1.000000 -0.000000
vn -0.000000 1.000000 -0.000000
vn -0.000000 1.000000 -0.000000
vn -0.000000 1.000000 -0.000000
vn -0.000000 1.000000 -0.000000
vn -0.000000 1.000000 -0.000000
vn -0.000000 1.000000 -0.000000
vn -0.000000 1.000000 -0.000000
vn -0.000000 1.000000 -0.000000
vn -0.000000 1.000000 -0.000000
vn -0.000000 1.000000 -0.000000
vn -0.000000 1.000000 -0.000000
vn -0.000000 1.000000 -0.000000
vn -0.000000 1.000000 -0.000000
vn -0.000000 1.000000 -0.000000
vn -0.000000 1.000000 -0.000000
vn -0.000000 1.000000 -0.000000
vn -0.000000 1.000000 -0.000000
vn -0.000000 1.000000 -0.000000
vn -0.000000 1.000000 -0.000000
vn -0.000000 1.000000 -0.000000
vn -0.000000 1.000000 -0.000000
vn -0.000000 1.000000 -0.000000
vn -0.000000 1.000000 -0.000000
vn -0.000000 1.000000 -0.000000
vn -0.000000 1.000000 -0.000000
vn -0.000000 1.000000 -0.000000
vn -0.000000 1.000000 -0.000000
vn -0.000000 1.000000 -0.000000
vn -0.000000 1.000000 -0.000000
vn -0.000000 1.000000 -0.000000
vn -0.000000 1.000000 -0.000000
vn -0.000000 1.000000 -0.000000
vn -0.000000 1.000000 -0.000000
vn -0.000000 1.000000 -0.000000
vn -0.000000 1.000000 -0.000000
vn -0.000000 1.000000 -0.000000
vn -0.000000 1.000000 -0.000000
vn -0.000000 1.000000 -0.000000
vn -0.000000 1.000000 -0.000000
vn -0.000000 1.000000 -0.000000
vn -0.000000 1.000000 -0.000000
vn -0.000000 1.000000 -0.000000
vn -0.000000 1.000000 -0.000000
vn -0.000000 1.000000 -0.000000
vn -0.000000 1.000000 -0.000000
vn -0.000000 1.000000 -0.000000
vn -0.000000 1.000000 -0.000000
vn -0.000000 1.000000 -0.000000
vn -0.000000 1.000000 -0.000000
vn -0.000000 1.000000 -0.000000
vn -0.000000 1.000000 -0.000000
vn -0.000000 1.000000 -0.000000
vn -0.000000 1.000000 -0.000000
vn -0.000000 1.000000 -0.000000
vn -0.000000 1.000000 -0.000000
vn -0.000000 1.000000 -0.000000
vn -0.000000 1.000000 -0.000000
vn -0.000000 1.000000 -0.000000
vn -0.000000 1.000000 -0.000000
vn -0.000000 1.000000 -0.000000
vn -0.000000 1.000000 -0.000000
vn -0.000000 1.000000 -0.000000
vn -0.000000 1.000000 -0.000000
vn -0.000000 1.000000 -0.000000
vn -0.000000 1.000000 -0.000000
vn -0.000000 1.000000 -0.000000
vn -0.000000 1.000000 -0.000000
vn -0.000000 1.000000 -0.000000
vn -0.000000 1.000000 -0.000000
vn -0.000000 1.000000 -0.000000
vn -0.000000 1.000000 -0.000000
vn -0.000000 1.000000 -0.000000
vn -0.000000 1.000000 -0.000000
vn -0.000000 1.000000 -0.000000
vn -0.000000 1.000000 -0.000000
vn -0.000000 1.000000 -0.000000
vn -0.000000 1.000000 -0.000000
vn -0.000000 1.000000 -0.000000
vn -0.000000 1.000000 -0.000000
vn -0.000000 1.000000 -0.000000
vn -0.000000 1.000000 -0.000000
vn -0.000000 1.000000 -0.000000
vn -0.000000 1.000000 -0.000000
vn -0.000000 1.000000 -0.000000
vn -0.000000 1.000000 -0.000000
vn -0.000000 1.000000 -0.000000
vn -0.000000 1.000000 -0.000000
vn -0.000000 1.000000 -0.000000
vn -0.000000 1.000000 -0.000000
vn -0.000000 1.000000 -0.000000
vn -0.000000 1.000000 -0.000000
vn -0.000000 1.000000 -0.000000
vn -0.000000 1.000000 -0.000000
vn -0.000000 1.000000 -0.000000
vn -0.000000 1.000000 -0.000000
vn -0.000000 1.000000 -0.000000
vn -0.000000 1.000000 -0.000000
vn -0.000000 1.000000 -0.000000
vn -0.000000 1.000000 -0.000000
vn -0.000000 1.000000 -0.000000
vn -0.000000 1.000000 -0.000000
vn -0.000000 1.000000 -0.000000
vn -0.000000 1.000000 -0.000000
vn -0.000000 1.000000 -0.000000
vn -0.000000 1.000000 -0.000000
vn -0.000000 1.000000 -0.000000
vn -0.000000 1.000000 -0.000000
vn -0.000000 1.000000 -0.000000
vn -0.000000 1.000000 -0.000000
vn -0.000000 1.000000 -0.000000
vn -0.000000 1.000000 -0.000000
vn -0.000000 1.000000 -0.000000
vn -0.000000 1.000000 -0.000000
vn -0.000000 1.000000 -0.000000
vn -0.000000 1.000000 -0.000000
vn -0.000000 1.000000 -0.000000
vn -0.000000 1.000000 -0.000000
vn -0.000000 1.000000 -0.000000
vn -0.000000 1.000000 -0.000000
vn -0.000000 1.000000 -0.000000
vn -0.000000 1.000000 -0.000000
vn -0.000000 1.000000 -0.000000
vn -0.000000 1.000000 -0.000000
vn -0.000000 1.000000 -0.000000
vn -0.000000 1.000000 -0.000000
vn -0.000000 1.000000 -0.000000
vn -0.000000 1.000000 -0.000000
vn -0.000000 1.000000 -0.000000
vn -0.000000 1.000000 -0.000000
vn -0.000000 1.000000 -0.000000
vn -0.000000 1.000000 -0.000000
vn -0.000000 1.000000 -0.000000
vn -0.000000 1.000000 -0.000000
vn -0.000000 1.000000 -0.000000
vn -0.000000 1.000000 -0.000000
vn -0.000000 1.000000 -0.000000
vn -0.000000 1.000000 -0.000000
vn -0.000000 1.000000 -0.000000
vn -0.000000 1.000000 -0.000000
vn -0.000000 1.000000 -0.000000
vn -0.000000 1.000000 -0.000000
vn -0.000000 1.000000 -0.000000
vn -0.000000 1.000000 -0.000000
vn -0.000000 1.000000 -0.000000
vn -0.000000 1.000000 -0.000000
vn -0.000000 1.000000 -0.000000
vn -0.000000 1.000000 -0.000000
vn -0.000000 1.000000 -0.000000
vn -0.000000 1.000000 -0.000000
vn -0.000000 1.000000 -0.000000
vn -0.000000 1.000000 -0.000000
vn -0.000000 1.000000 -0.000000
vn -0.000000 1.000000 -0.000000
vn -0.000000 1.000000 -0.000000
vn -0.000000 1.000000 -0.000000
f 2905/5135/4651 2906/5136/4652 2914/5137/4653
f 2914/5137/4653 2906/5136/4652 2913/5138/4654
f 2913/5138/4654 2906/5136/4652 2907/5139/4655
f 2913/5138/4654 2907/5139/4655 2912/5140/4656
f 2912/5140/4656 2907/5139/4655 2908/5141/4657
f 2912/5140/4656 2908/5141/4657 2911/5142/4658
f 2911/5142/4658 2908/5141/4657 2909/5143/4659
f 2911/5142/4658 2909/5143/4659 2910/5144/4660
f 2915/5145/4661 2916/5146/4662 2922/5147/4663
f 2922/5147/4663 2916/5146/4662 2921/5148/4664
f 2921/5148/4664 2916/5146/4662 2917/5149/4665
f 2921/5148/4664 2917/5149/4665 2920/5150/4666
f 2920/5150/4666 2917/5149/4665 2918/5151/4667
f 2920/5150/4666 2918/5151/4667 2919/5152/4668
f 2919/5152/4668 2918/5151/4667 2905/5153/4669
f 2919/5152/4668 2905/5153/4669 2914/5154/4670
f 2923/5155/4671 2924/5156/4672 2930/5157/4673
f 2930/5157/4673 2924/5156/4672 2929/5158/4674
f 2929/5158/4674 2924/5156/4672 2925/5159/4675
f 2929/5158/4674 2925/5159/4675 2928/5160/4676
f 2928/5160/4676 2925/5159/4675 2926/5161/4677
f 2928/5160/4676 2926/5161/4677 2927/5162/4678
f 2927/5162/4678 2926/5161/4677 2915/5163/4679
f 2927/5162/4678 2915/5163/4679 2922/5164/4680
f 2931/5165/4681 2932/5166/4682 2938/5167/4683
f 2938/5167/4683 2932/5166/4682 2937/5168/4684
f 2937/5168/4684 2932/5166/4682 2933/5169/4685
f 2937/5168/4684 2933/5169/4685 2936/5170/4686
f 2936/5170/4686 2933/5169/4685 2934/5171/4687
f 2936/5170/4686 2934/5171/4687 2935/5172/4688
f 2935/5172/4688 2934/5171/4687 2923/5173/4689
f 2935/5172/4688 2923/5173/4689 2930/5174/4690
f 2939/5175/4691 2940/5176/4692 2946/5177/4693
f 2946/5177/4693 2940/5176/4692 2945/5178/4694
f 2945/5178/4694 2940/5176/4692 2941/5179/4695
f 2945/5178/4694 2941/5179/4695 2944/5180/4696
f 2944/5180/4696 2941/5179/4695 2942/5181/4697
f 2944/5180/4696 2942/5181/4697 2943/5182/4698
f 2943/5182/4698 2942/5181/4697 2931/5183/4699
f 2943/5182/4698 2931/5183/4699 2938/5184/4700
f 2947/5185/4701 2948/5186/4702 2954/5187/4703
f 2954/5187/4703 2948/5186/4702 2953/5188/4704
f 2953/5188/4704 2948/5186/4702 2949/5189/4705
f 2953/5188/4704 2949/5189/4705 2952/5190/4706
f 2952/5190/4706 2949/5189/4705 2950/5191/4707
f 2952/5190/4706 2950/5191/4707 2951/5192/4708
f 2951/5192/4708 2950/5191/4707 2939/5193/4709
f 2951/5192/4708 2939/5193/4709 2946/5194/4710
f 2955/5195/4711 2956/5196/4712 2962/5197/4713
f 2962/5197/4713 2956/5196/4712 2961/5198/4714
f 2961/5198/4714 2956/5196/4712 2957/5199/4715
f 2961/5198/4714 2957/5199/4715 2960/5200/4716
f 2960/5200/4716 2957/5199/4715 2958/5201/4717
f 2960/5200/4716 2958/5201/4717 2959/5202/4718
f 2959/5202/4718 2958/5201/4717 2947/5203/4719
f 2959/5202/4718 2947/5203/4719 2954/5204/4720
f 2970/5205/4721 2963/5206/4722 2972/5207/4723
f 2972/5207/4723 2963/5206/4722 2964/5208/4724
f 2972/5207/4723 2964/5208/4724 2965/5209/4725
f 2972/5207/4723 2965/5209/4725 2971/5210/4726
f 2971/5210/4726 2965/5209/4725 2966/5211/4727
f 2971/5210/4726 2966/5211/4727 2967/5212/4728
f 2967/5212/4728 2966/5211/4727 2955/5213/4729
f 2967/5212/4728 2955/5213/4729 2962/5214/4730
f 2967/5212/4728 2968/5215/4731 2971/5210/4726
f 2971/5210/4726 2968/5215/4731 2969/5216/4732
f 2971/5210/4726 2969/5216/4732 2972/5207/4723
f 2972/5207/4723 2969/5216/4732 2970/5205/4721
f 2973/5217/4733 2974/5218/4734 2980/5219/4735
f 2980/5219/4735 2974/5218/4734 2979/5220/4736
f 2979/5220/4736 2974/5218/4734 2975/5221/4737
f 2979/5220/4736 2975/5221/4737 2978/5222/4738
f 2978/5222/4738 2975/5221/4737 2976/5223/4739
f 2978/5222/4738 2976/5223/4739 2977/5224/4740
f 2977/5224/4740 2976/5223/4739 2963/5225/4741
f 2977/5224/4740 2963/5225/4741 2970/5226/4742
f 2981/5227/4743 2982/5228/4744 2988/5229/4745
f 2988/5229/4745 2982/5228/4744 2987/5230/4746
f 2987/5230/4746 2982/5228/4744 2983/5231/4747
f 2987/5230/4746 2983/5231/4747 2986/5232/4748
f 2986/5232/4748 2983/5231/4747 2984/5233/4749
f 2986/5232/4748 2984/5233/4749 2985/5234/4750
f 2985/5234/4750 2984/5233/4749 2973/5235/4751
f 2985/5234/4750 2973/5235/4751 2980/5236/4752
f 2989/5237/4753 2990/5238/4754 2996/5239/4755
f 2996/5239/4755 2990/5238/4754 2995/5240/4756
f 2995/5240/4756 2990/5238/4754 2991/5241/4757
f 2995/5240/4756 2991/5241/4757 2994/5242/4758
f 2994/5242/4758 2991/5241/4757 2992/5243/4759
f 2994/5242/4758 2992/5243/4759 2993/5244/4760
f 2993/5244/4760 2992/5243/4759 2981/5245/4761
f 2993/5244/4760 2981/5245/4761 2988/5246/4762
f 2997/5247/4763 2998/5248/4764 3004/5249/4765
f 3004/5249/4765 2998/5248/4764 3003/5250/4766
f 3003/5250/4766 2998/5248/4764 2999/5251/4767
f 3003/5250/4766 2999/5251/4767 3002/5252/4768
f 3002/5252/4768 2999/5251/4767 3000/5253/4769
f 3002/5252/4768 3000/5253/4769 3001/5254/4770
f 3001/5254/4770 3000/5253/4769 2989/5255/4771
f 3001/5254/4770 2989/5255/4771 2996/5256/4772
f 3005/5257/4773 3006/5258/4774 3012/5259/4775
f 3012/5259/4775 3006/5258/4774 3011/5260/4776
f 3011/5260/4776 3006/5258/4774 3007/5261/4777
f 3011/5260/4776 3007/5261/4777 3010/5262/4778
f 3010/5262/4778 3007/5261/4777 3008/5263/4779
f 3010/5262/4778 3008/5263/4779 3009/5264/4780
f 3009/5264/4780 3008/5263/4779 2997/5265/4781
f 3009/5264/4780 2997/5265/4781 3004/5266/4782
f 3013/5267/4783 3014/5268/4784 3020/5269/4785
f 3020/5269/4785 3014/5268/4784 3019/5270/4786
f 3019/5270/4786 3014/5268/4784 3015/5271/4787
f 3019/5270/4786 3015/5271/4787 3018/5272/4788
f 3018/5272/4788 3015/5271/4787 3016/5273/4789
f 3018/5272/4788 3016/5273/4789 3017/5274/4790
f 3017/5274/4790 3016/5273/4789 3005/5275/4791
f 3017/5274/4790 3005/5275/4791 3012/5276/4792
f 3021/5277/4793 3022/5278/4794 3028/5279/4795
f 3028/5279/4795 3022/5278/4794 3027/5280/4796
f 3027/5280/4796 3022/5278/4794 3023/5281/4797
f 3027/5280/4796 3023/5281/4797 3026/5282/4798
f 3026/5282/4798 3023/5281/4797 3024/5283/4799
f 3026/5282/4798 3024/5283/4799 3025/5284/4800
f 3025/5284/4800 3024/5283/4799 3013/5285/4801
f 3025/5284/4800 3013/5285/4801 3020/5286/4802
f 3029/5287/4803 3030/5288/4804 3036/5289/4805
f 3036/5289/4805 3030/5288/4804 3035/5290/4806
f 3035/5290/4806 3030/5288/4804 3031/5291/4807
f 3035/5290/4806 3031/5291/4807 3034/5292/4808
f 3034/5292/4808 3031/5291/4807 3032/5293/4809
f 3034/5292/4808 3032/5293/4809 3033/5294/4810
f 3033/5294/4810 3032/5293/4809 3021/5295/4811
f 3033/5294/4810 3021/5295/4811 3028/5296/4812
f 3037/5297/4813 3038/5298/4814 3046/5299/4815
f 3046/5299/4815 3038/5298/4814 3045/5300/4816
f 3045/5300/4816 3038/5298/4814 3039/5301/4817
f 3045/5300/4816 3039/5301/4817 3044/5302/4818
f 3044/5302/4818 3039/5301/4817 3040/5303/4819
f 3044/5302/4818 3040/5303/4819 3043/5304/4820
f 3043/5304/4820 3040/5303/4819 3041/5305/4821
f 3043/5304/4820 3041/5305/4821 3042/5306/4822
f 3042/5306/4822 3041/5305/4821 3029/5307/4823
f 3042/5306/4822 3029/5307/4823 3036/5308/4824
f 3047/5309/4825 3048/5310/4826 3054/5311/4827
f 3054/5311/4827 3048/5310/4826 3053/5312/4828
f 3053/5312/4828 3048/5310/4826 3049/5313/4829
f 3053/5312/4828 3049/5313/4829 3052/5314/4830
f 3052/5314/4830 3049/5313/4829 3050/5315/4831
f 3052/5314/4830 3050/5315/4831 3051/5316/4832
f 3051/5316/4832 3050/5315/4831 3037/5317/4833
f 3051/5316/4832 3037/5317/4833 3046/5318/4834
f 3055/5319/4835 3056/5320/4836 3062/5321/4837
f 3062/5321/4837 3056/5320/4836 3061/5322/4838
f 3061/5322/4838 3056/5320/4836 3057/5323/4839
f 3061/5322/4838 3057/5323/4839 3060/5324/4840
f 3060/5324/4840 3057/5323/4839 3058/5325/4841
f 3060/5324/4840 3058/5325/4841 3059/5326/4842
f 3059/5326/4842 3058/5325/4841 3047/5327/4843
f 3059/5326/4842 3047/5327/4843 3054/5328/4844
f 3063/5329/4845 3064/5330/4846 3070/5331/4847
f 3070/5331/4847 3064/5330/4846 3069/5332/4848
f 3069/5332/4848 3064/5330/4846 3065/5333/4849
f 3069/5332/4848 3065/5333/4849 3068/5334/4850
f 3068/5334/4850 3065/5333/4849 3066/5335/4851
f 3068/5334/4850 3066/5335/4851 3067/5336/4852
f 3067/5336/4852 3066/5335/4851 3055/5337/4853
f 3067/5336/4852 3055/5337/4853 3062/5338/4854
f 3071/5339/4855 3072/5340/4856 3078/5341/4857
f 3078/5341/4857 3072/5340/4856 3077/5342/4858
f 3077/5342/4858 3072/5340/4856 3073/5343/4859
f 3077/5342/4858 3073/5343/4859 3076/5344/4860
f 3076/5344/4860 3073/5343/4859 3074/5345/4861
f 3076/5344/4860 3074/5345/4861 3075/5346/4862
f 3075/5346/4862 3074/5345/4861 3063/5347/4863
f 3075/5346/4862 3063/5347/4863 3070/5348/4864
f 3079/5349/4865 3080/5350/4866 3088/5351/4867
f 3088/5351/4867 3080/5350/4866 3087/5352/4868
f 3087/5352/4868 3080/5350/4866 3081/5353/4869
f 3087/5352/4868 3081/5353/4869 3086/5354/4870
f 3086/5354/4870 3081/5353/4869 3082/5355/4871
f 3086/5354/4870 3082/5355/4871 3085/5356/4872
f 3085/5356/4872 3082/5355/4871 3083/5357/4873
f 3085/5356/4872 3083/5357/4873 3084/5358/4874
f 3084/5358/4874 3083/5357/4873 3071/5359/4875
f 3084/5358/4874 3071/5359/4875 3078/5360/4876
f 3089/5361/4877 3090/5362/4878 3096/5363/4879
f 3096/5363/4879 3090/5362/4878 3095/5364/4880
f 3095/5364/4880 3090/5362/4878 3091/5365/4881
f 3095/5364/4880 3091/5365/4881 3094/5366/4882
f 3094/5366/4882 3091/5365/4881 3092/5367/4883
f 3094/5366/4882 3092/5367/4883 3093/5368/4884
f 3093/5368/4884 3092/5367/4883 3079/5369/4885
f 3093/5368/4884 3079/5369/4885 3088/5370/4886
f 3097/5371/4887 3098/5372/4888 3104/5373/4889
f 3104/5373/4889 3098/5372/4888 3103/5374/4890
f 3103/5374/4890 3098/5372/4888 3099/5375/4891
f 3103/5374/4890 3099/5375/4891 3102/5376/4892
f 3102/5376/4892 3099/5375/4891 3100/5377/4893
f 3102/5376/4892 3100/5377/4893 3101/5378/4894
f 3101/5378/4894 3100/5377/4893 3089/5379/4895
f 3101/5378/4894 3089/5379/4895 3096/5380/4896
f 3105/5381/4897 3106/5382/4898 3112/5383/4899
f 3112/5383/4899 3106/5382/4898 3111/5384/4900
f 3111/5384/4900 3106/5382/4898 3107/5385/4901
f 3111/5384/4900 3107/5385/4901 3110/5386/4902
f 3110/5386/4902 3107/5385/4901 3108/5387/4903
f 3110/5386/4902 3108/5387/4903 3109/5388/4904
f 3109/5388/4904 3108/5387/4903 3097/5389/4905
f 3109/5388/4904 3097/5389/4905 3104/5390/4906
f 3113/5391/4907 3114/5392/4908 3120/5393/4909
f 3120/5393/4909 3114/5392/4908 3119/5394/4910
f 3119/5394/4910 3114/5392/4908 3115/5395/4911
f 3119/5394/4910 3115/5395/4911 3118/5396/4912
f 3118/5396/4912 3115/5395/4911 3116/5397/4913
f 3118/5396/4912 3116/5397/4913 3117/5398/4914
f 3117/5398/4914 3116/5397/4913 3105/5399/4915
f 3117/5398/4914 3105/5399/4915 3112/5400/4916
f 3121/5401/4917 3122/5402/4918 3128/5403/4919
f 3128/5403/4919 3122/5402/4918 3127/5404/4920
f 3127/5404/4920 3122/5402/4918 3123/5405/4921
f 3127/5404/4920 3123/5405/4921 3126/5406/4922
f 3126/5406/4922 3123/5405/4921 3124/5407/4923
f 3126/5406/4922 3124/5407/4923 3125/5408/4924
f 3125/5408/4924 3124/5407/4923 3113/5409/4925
f 3125/5408/4924 3113/5409/4925 3120/5410/4926
f 3129/5411/4927 3130/5412/4928 3136/5413/4929
f 3136/5413/4929 3130/5412/4928 3135/5414/4930
f 3135/5414/4930 3130/5412/4928 3131/5415/4931
f 3135/5414/4930 3131/5415/4931 3134/5416/4932
f 3134/5416/4932 3131/5415/4931 3132/5417/4933
f 3134/5416/4932 3132/5417/4933 3133/5418/4934
f 3133/5418/4934 3132/5417/4933 3121/5419/4935
f 3133/5418/4934 3121/5419/4935 3128/5420/4936
f 3137/5421/4937 3138/5422/4938 3144/5423/4939
f 3144/5423/4939 3138/5422/4938 3143/5424/4940
f 3143/5424/4940 3138/5422/4938 3139/5425/4941
f 3143/5424/4940 3139/5425/4941 3142/5426/4942
f 3142/5426/4942 3139/5425/4941 3140/5427/4943
f 3142/5426/4942 3140/5427/4943 3141/5428/4944
f 3141/5428/4944 3140/5427/4943 3129/5429/4945
f 3141/5428/4944 3129/5429/4945 3136/5430/4946
f 3145/5431/4947 3146/5432/4948 3152/5433/4949
f 3152/5433/4949 3146/5432/4948 3153/5434/4950
f 3152/5433/4949 3153/5434/4950 3151/5435/4951
f 3151/5435/4951 3153/5434/4950 3150/5436/4952
f 3150/5436/4952 3153/5434/4950 3149/5437/4953
f 3149/5437/4953 3153/5434/4950 3137/5438/4954
f 3149/5437/4953 3137/5438/4954 3144/5439/4955
f 3146/5432/4948 3147/5440/4956 3153/5434/4950
f 3153/5434/4950 3147/5440/4956 3148/5441/4957
f 3153/5434/4950 3148/5441/4957 3137/5438/4954
f 3154/5442/4958 3155/5443/4959 3161/5444/4960
f 3161/5444/4960 3155/5443/4959 3160/5445/4961
f 3160/5445/4961 3155/5443/4959 3156/5446/4962
f 3160/5445/4961 3156/5446/4962 3159/5447/4963
f 3159/5447/4963 3156/5446/4962 3157/5448/4964
f 3159/5447/4963 3157/5448/4964 3158/5449/4965
f 3158/5449/4965 3157/5448/4964 3145/5450/4966
f 3158/5449/4965 3145/5450/4966 3152/5451/4967
f 3162/5452/4968 3163/5453/4969 3169/5454/4970
f 3169/5454/4970 3163/5453/4969 3168/5455/4971
f 3168/5455/4971 3163/5453/4969 3164/5456/4972
f 3168/5455/4971 3164/5456/4972 3167/5457/4973
f 3167/5457/4973 3164/5456/4972 3165/5458/4974
f 3167/5457/4973 3165/5458/4974 3166/5459/4975
f 3166/5459/4975 3165/5458/4974 3154/5460/4976
f 3166/5459/4975 3154/5460/4976 3161/5461/4977
f 3177/5462/4978 3170/5463/4979 3179/5464/4980
f 3179/5464/4980 3170/5463/4979 3171/5465/4981
f 3179/5464/4980 3171/5465/4981 3172/5466/4982
f 3179/5464/4980 3172/5466/4982 3178/5467/4983
f 3178/5467/4983 3172/5466/4982 3173/5468/4984
f 3178/5467/4983 3173/5468/4984 3174/5469/4985
f 3174/5469/4985 3173/5468/4984 3162/5470/4986
f 3174/5469/4985 3162/5470/4986 3169/5471/4987
f 3174/5469/4985 3175/5472/4988 3178/5467/4983
f 3178/5467/4983 3175/5472/4988 3176/5473/4989
f 3178/5467/4983 3176/5473/4989 3179/5464/4980
f 3179/5464/4980 3176/5473/4989 3177/5462/4978
f 3180/5474/4990 3181/5475/4991 3187/5476/4992
f 3187/5476/4992 3181/5475/4991 3186/5477/4993
f 3186/5477/4993 3181/5475/4991 3182/5478/4994
f 3186/5477/4993 3182/5478/4994 3185/5479/4995
f 3185/5479/4995 3182/5478/4994 3183/5480/4996
f 3185/5479/4995 3183/5480/4996 3184/5481/4997
f 3184/5481/4997 3183/5480/4996 3170/5482/4998
f 3184/5481/4997 3170/5482/4998 3177/5483/4999
f 3188/5484/5000 3189/5485/5001 3195/5486/5002
f 3195/5486/5002 3189/5485/5001 3194/5487/5003
f 3194/5487/5003 3189/5485/5001 3190/5488/5004
f 3194/5487/5003 3190/5488/5004 3193/5489/5005
f 3193/5489/5005 3190/5488/5004 3191/5490/5006
f 3193/5489/5005 3191/5490/5006 3192/5491/5007
f 3192/5491/5007 3191/5490/5006 3180/5492/5008
f 3192/5491/5007 3180/5492/5008 3187/5493/5009
f 3196/5494/5010 3197/5495/5011 3203/5496/5012
f 3203/5496/5012 3197/5495/5011 3202/5497/5013
f 3202/5497/5013 3197/5495/5011 3198/5498/5014
f 3202/5497/5013 3198/5498/5014 3201/5499/5015
f 3201/5499/5015 3198/5498/5014 3199/5500/5016
f 3201/5499/5015 3199/5500/5016 3200/5501/5017
f 3200/5501/5017 3199/5500/5016 3188/5502/5018
f 3200/5501/5017 3188/5502/5018 3195/5503/5019
f 3204/5504/5020 3205/5505/5021 3211/5506/5022
f 3211/5506/5022 3205/5505/5021 3210/5507/5023
f 3210/5507/5023 3205/5505/5021 3206/5508/5024
f 3210/5507/5023 3206/5508/5024 3209/5509/5025
f 3209/5509/5025 3206/5508/5024 3207/5510/5026
f 3209/5509/5025 3207/5510/5026 3208/5511/5027
f 3208/5511/5027 3207/5510/5026 3196/5512/5028
f 3208/5511/5027 3196/5512/5028 3203/5513/5029
f 3212/5514/5030 3213/5515/5031 3219/5516/5032
f 3219/5516/5032 3213/5515/5031 3218/5517/5033
f 3218/5517/5033 3213/5515/5031 3214/5518/5034
f 3218/5517/5033 3214/5518/5034 3217/5519/5035
f 3217/5519/5035 3214/5518/5034 3215/5520/5036
f 3217/5519/5035 3215/5520/5036 3216/5521/5037
f 3216/5521/5037 3215/5520/5036 3204/5522/5038
f 3216/5521/5037 3204/5522/5038 3211/5523/5039
f 3220/5524/5040 3221/5525/5041 3227/5526/5042
f 3227/5526/5042 3221/5525/5041 3226/5527/5043
f 3226/5527/5043 3221/5525/5041 3222/5528/5044
f 3226/5527/5043 3222/5528/5044 3225/5529/5045
f 3225/5529/5045 3222/5528/5044 3223/5530/5046
f 3225/5529/5045 3223/5530/5046 3224/5531/5047
f 3224/5531/5047 3223/5530/5046 3212/5532/5048
f 3224/5531/5047 3212/5532/5048 3219/5533/5049
f 3228/5534/5050 3229/5535/5051 3235/5536/5052
f 3235/5536/5052 3229/5535/5051 3234/5537/5053
f 3234/5537/5053 3229/5535/5051 3230/5538/5054
f 3234/5537/5053 3230/5538/5054 3233/5539/5055
f 3233/5539/5055 3230/5538/5054 3231/5540/5056
f 3233/5539/5055 3231/5540/5056 3232/5541/5057
f 3232/5541/5057 3231/5540/5056 3220/5542/5058
f 3232/5541/5057 3220/5542/5058 3227/5543/5059
f 3236/5544/5060 3237/5545/5061 3243/5546/5062
f 3243/5546/5062 3237/5545/5061 3242/5547/5063
f 3242/5547/5063 3237/5545/5061 3238/5548/5064
f 3242/5547/5063 3238/5548/5064 3241/5549/5065
f 3241/5549/5065 3238/5548/5064 3239/5550/5066
f 3241/5549/5065 3239/5550/5066 3240/5551/5067
f 3240/5551/5067 3239/5550/5066 3228/5552/5068
f 3240/5551/5067 3228/5552/5068 3235/5553/5069
f 3244/5554/5070 3245/5555/5071 3255/5556/5072
f 3255/5556/5072 3245/5555/5071 3254/5557/5073
f 3254/5557/5073 3245/5555/5071 3246/5558/5074
f 3254/5557/5073 3246/5558/5074 3253/5559/5075
f 3253/5559/5075 3246/5558/5074 3247/5560/5076
f 3253/5559/5075 3247/5560/5076 3252/5561/5077
f 3252/5561/5077 3247/5560/5076 3248/5562/5078
f 3252/5561/5077 3248/5562/5078 3251/5563/5079
f 3251/5563/5079 3248/5562/5078 3249/5564/5080
f 3251/5563/5079 3249/5564/5080 3250/5565/5081
f 3250/5565/5081 3249/5564/5080 3236/5566/5082
f 3250/5565/5081 3236/5566/5082 3243/5567/5083
f 3256/5568/5084 3257/5569/5085 3263/5570/5086
f 3263/5570/5086 3257/5569/5085 3262/5571/5087
f 3262/5571/5087 3257/5569/5085 3258/5572/5088
f 3262/5571/5087 3258/5572/5088 3261/5573/5089
f 3261/5573/5089 3258/5572/5088 3259/5574/5090
f 3261/5573/5089 3259/5574/5090 3260/5575/5091
f 3260/5575/5091 3259/5574/5090 3244/5576/5092
f 3260/5575/5091 3244/5576/5092 3255/5577/5093
f 3264/5578/5094 3265/5579/5095 3271/5580/5096
f 3271/5580/5096 3265/5579/5095 3270/5581/5097
f 3270/5581/5097 3265/5579/5095 3266/5582/5098
f 3270/5581/5097 3266/5582/5098 3269/5583/5099
f 3269/5583/5099 3266/5582/5098 3267/5584/5100
f 3269/5583/5099 3267/5584/5100 3268/5585/5101
f 3268/5585/5101 3267/5584/5100 3256/5586/5102
f 3268/5585/5101 3256/5586/5102 3263/5587/5103
f 3272/5588/5104 3273/5589/5105 3279/5590/5106
f 3279/5590/5106 3273/5589/5105 3278/5591/5107
f 3278/5591/5107 3273/5589/5105 3274/5592/5108
f 3278/5591/5107 3274/5592/5108 3277/5593/5109
f 3277/5593/5109 3274/5592/5108 3275/5594/5110
f 3277/5593/5109 3275/5594/5110 3276/5595/5111
f 3276/5595/5111 3275/5594/5110 3264/5596/5112
f 3276/5595/5111 3264/5596/5112 3271/5597/5113
f 3280/5598/5114 3281/5599/5115 3287/5600/5116
f 3287/5600/5116 3281/5599/5115 3286/5601/5117
f 3286/5601/5117 3281/5599/5115 3282/5602/5118
f 3286/5601/5117 3282/5602/5118 3285/5603/5119
f 3285/5603/5119 3282/5602/5118 3283/5604/5120
f 3285/5603/5119 3283/5604/5120 3284/5605/5121
f 3284/5605/5121 3283/5604/5120 3272/5606/5122
f 3284/5605/5121 3272/5606/5122 3279/5607/5123
f 3288/5608/5124 3289/5609/5125 3295/5610/5126
f 3295/5610/5126 3289/5609/5125 3294/5611/5127
f 3294/5611/5127 3289/5609/5125 3290/5612/5128
f 3294/5611/5127 3290/5612/5128 3293/5613/5129
f 3293/5613/5129 3290/5612/5128 3291/5614/5130
f 3293/5613/5129 3291/5614/5130 3292/5615/5131
f 3292/5615/5131 3291/5614/5130 3280/5616/5132
f 3292/5615/5131 3280/5616/5132 3287/5617/5133
f 3296/5618/5134 3297/5619/5135 3303/5620/5136
f 3303/5620/5136 3297/5619/5135 3302/5621/5137
f 3302/5621/5137 3297/5619/5135 3298/5622/5138
f 3302/5621/5137 3298/5622/5138 3301/5623/5139
f 3301/5623/5139 3298/5622/5138 3299/5624/5140
f 3301/5623/5139 3299/5624/5140 3300/5625/5141
f 3300/5625/5141 3299/5624/5140 3288/5626/5142
f 3300/5625/5141 3288/5626/5142 3295/5627/5143
f 2909/5628/5144 3304/5629/5145 2910/5630/5146
f 2910/5630/5146 3304/5629/5145 3309/5631/5147
f 3309/5631/5147 3304/5629/5145 3305/5632/5148
f 3309/5631/5147 3305/5632/5148 3308/5633/5149
f 3308/5633/5149 3305/5632/5148 3306/5634/5150
f 3308/5633/5149 3306/5634/5150 3307/5635/5151
f 3307/5635/5151 3306/5634/5150 3296/5636/5152
f 3307/5635/5151 3296/5636/5152 3303/5637/5153
f 2910/5638/5154 3309/5639/5155 2911/5640/5156
f 2911/5640/5156 3309/5639/5155 2912/5641/5157
f 2912/5641/5157 3309/5639/5155 3308/5642/5158
f 2912/5641/5157 3308/5642/5158 2913/5643/5159
f 2913/5643/5159 3308/5642/5158 2914/5644/5160
f 2914/5644/5160 3308/5642/5158 3307/5645/5161
f 2914/5644/5160 3307/5645/5161 2919/5646/5162
f 2919/5646/5162 3307/5645/5161 2920/5647/5163
f 2920/5647/5163 3307/5645/5161 3303/5648/5164
f 2920/5647/5163 3303/5648/5164 2921/5649/5165
f 2921/5649/5165 3303/5648/5164 3302/5650/5166
f 2921/5649/5165 3302/5650/5166 2922/5651/5167
f 2922/5651/5167 3302/5650/5166 2927/5652/5168
f 2927/5652/5168 3302/5650/5166 3301/5653/5169
f 2927/5652/5168 3301/5653/5169 2928/5654/5170
f 2928/5654/5170 3301/5653/5169 2929/5655/5171
f 2929/5655/5171 3301/5653/5169 2930/5656/5172
f 2930/5656/5172 3301/5653/5169 3300/5657/5173
f 2930/5656/5172 3300/5657/5173 2935/5658/5174
f 2935/5658/5174 3300/5657/5173 2936/5659/5175
f 2936/5659/5175 3300/5657/5173 2937/5660/5176
f 2937/5660/5176 3300/5657/5173 2938/5661/5177
f 2938/5661/5177 3300/5657/5173 2943/5662/5178
f 2943/5662/5178 3300/5657/5173 2944/5663/5179
f 2944/5663/5179 3300/5657/5173 2945/5664/5180
f 2945/5664/5180 3300/5657/5173 3295/5665/5181
f 2945/5664/5180 3295/5665/5181 2946/5666/5182
f 2946/5666/5182 3295/5665/5181 2951/5667/5183
f 2951/5667/5183 3295/5665/5181 2952/5668/5184
f 2952/5668/5184 3295/5665/5181 2953/5669/5185
f 2953/5669/5185 3295/5665/5181 2954/5670/5186
f 2954/5670/5186 3295/5665/5181 3294/5671/5187
f 2954/5670/5186 3294/5671/5187 3028/5672/5188
f 3028/5672/5188 3294/5671/5187 3033/5673/5189
f 3033/5673/5189 3294/5671/5187 3034/5674/5190
f 3034/5674/5190 3294/5671/5187 3035/5675/5191
f 3035/5675/5191 3294/5671/5187 3036/5676/5192
f 3036/5676/5192 3294/5671/5187 3042/5677/5193
f 3042/5677/5193 3294/5671/5187 3043/5678/5194
f 3043/5678/5194 3294/5671/5187 3044/5679/5195
f 3044/5679/5195 3294/5671/5187 3045/5680/5196
f 3045/5680/5196 3294/5671/5187 3046/5681/5197
f 3046/5681/5197 3294/5671/5187 3293/5682/5198
f 3046/5681/5197 3293/5682/5198 3292/5683/5199
f 3292/5683/5199 3287/5684/5200 3046/5681/5197
f 3046/5681/5197 3287/5684/5200 3286/5685/5201
f 3046/5681/5197 3286/5685/5201 3051/5686/5202
f 3051/5686/5202 3286/5685/5201 3285/5687/5203
f 3051/5686/5202 3285/5687/5203 3284/5688/5204
f 3284/5688/5204 3279/5689/5205 3051/5686/5202
f 3051/5686/5202 3279/5689/5205 3278/5690/5206
f 3051/5686/5202 3278/5690/5206 3277/5691/5207
f 3051/5686/5202 3277/5691/5207 3052/5692/5208
f 3052/5692/5208 3277/5691/5207 3276/5693/5209
f 3052/5692/5208 3276/5693/5209 3271/5694/5210
f 3052/5692/5208 3271/5694/5210 3053/5695/5211
f 3053/5695/5211 3271/5694/5210 3270/5696/5212
f 3053/5695/5211 3270/5696/5212 3054/5697/5213
f 3054/5697/5213 3270/5696/5212 3269/5698/5214
f 3054/5697/5213 3269/5698/5214 3059/5699/5215
f 3059/5699/5215 3269/5698/5214 3268/5700/5216
f 3059/5699/5215 3268/5700/5216 3060/5701/5217
f 3060/5701/5217 3268/5700/5216 3061/5702/5218
f 3061/5702/5218 3268/5700/5216 3263/5703/5219
f 3061/5702/5218 3263/5703/5219 3062/5704/5220
f 3062/5704/5220 3263/5703/5219 3262/5705/5221
f 3062/5704/5220 3262/5705/5221 3067/5706/5222
f 3067/5706/5222 3262/5705/5221 3261/5707/5223
f 3067/5706/5222 3261/5707/5223 3068/5708/5224
f 3068/5708/5224 3261/5707/5223 3069/5709/5225
f 3069/5709/5225 3261/5707/5223 3260/5710/5226
f 3069/5709/5225 3260/5710/5226 3070/5711/5227
f 3070/5711/5227 3260/5710/5226 3255/5712/5228
f 3070/5711/5227 3255/5712/5228 3075/5713/5229
f 3075/5713/5229 3255/5712/5228 3254/5714/5230
f 3075/5713/5229 3254/5714/5230 3253/5715/5231
f 3075/5713/5229 3253/5715/5231 3076/5716/5232
f 3076/5716/5232 3253/5715/5231 3252/5717/5233
f 3076/5716/5232 3252/5717/5233 3251/5718/5234
f 3076/5716/5232 3251/5718/5234 3077/5719/5235
f 3077/5719/5235 3251/5718/5234 3250/5720/5236
f 3077/5719/5235 3250/5720/5236 3078/5721/5237
f 3078/5721/5237 3250/5720/5236 3084/5722/5238
f 3084/5722/5238 3250/5720/5236 3243/5723/5239
f 3084/5722/5238 3243/5723/5239 3085/5724/5240
f 3085/5724/5240 3243/5723/5239 3086/5725/5241
f 3086/5725/5241 3243/5723/5239 3087/5726/5242
f 3087/5726/5242 3243/5723/5239 3088/5727/5243
f 3088/5727/5243 3243/5723/5239 3093/5728/5244
f 3093/5728/5244 3243/5723/5239 3094/5729/5245
f 3094/5729/5245 3243/5723/5239 3095/5730/5246
f 3095/5730/5246 3243/5723/5239 3096/5731/5247
f 3096/5731/5247 3243/5723/5239 3242/5732/5248
f 3096/5731/5247 3242/5732/5248 3101/5733/5249
f 3101/5733/5249 3242/5732/5248 3102/5734/5250
f 3102/5734/5250 3242/5732/5248 3241/5735/5251
f 3102/5734/5250 3241/5735/5251 3103/5736/5252
f 3103/5736/5252 3241/5735/5251 3240/5737/5253
f 3103/5736/5252 3240/5737/5253 3104/5738/5254
f 3104/5738/5254 3240/5737/5253 3235/5739/5255
f 3104/5738/5254 3235/5739/5255 3109/5740/5256
f 3109/5740/5256 3235/5739/5255 3234/5741/5257
f 3109/5740/5256 3234/5741/5257 3110/5742/5258
f 3110/5742/5258 3234/5741/5257 3233/5743/5259
f 3110/5742/5258 3233/5743/5259 3111/5744/5260
f 3111/5744/5260 3233/5743/5259 3232/5745/5261
f 3111/5744/5260 3232/5745/5261 3112/5746/5262
f 3112/5746/5262 3232/5745/5261 3227/5747/5263
f 3112/5746/5262 3227/5747/5263 3117/5748/5264
f 3117/5748/5264 3227/5747/5263 3118/5749/5265
f 3118/5749/5265 3227/5747/5263 3119/5750/5266
f 3119/5750/5266 3227/5747/5263 3120/5751/5267
f 3120/5751/5267 3227/5747/5263 3125/5752/5268
f 3125/5752/5268 3227/5747/5263 3126/5753/5269
f 3126/5753/5269 3227/5747/5263 3161/5754/5270
f 3126/5753/5269 3161/5754/5270 3127/5755/5271
f 3127/5755/5271 3161/5754/5270 3128/5756/5272
f 3128/5756/5272 3161/5754/5270 3133/5757/5273
f 3133/5757/5273 3161/5754/5270 3160/5758/5274
f 3133/5757/5273 3160/5758/5274 3134/5759/5275
f 3134/5759/5275 3160/5758/5274 3159/5760/5276
f 3134/5759/5275 3159/5760/5276 3135/5761/5277
f 3135/5761/5277 3159/5760/5276 3158/5762/5278
f 3135/5761/5277 3158/5762/5278 3136/5763/5279
f 3136/5763/5279 3158/5762/5278 3141/5764/5280
f 3141/5764/5280 3158/5762/5278 3142/5765/5281
f 3142/5765/5281 3158/5762/5278 3143/5766/5282
f 3143/5766/5282 3158/5762/5278 3152/5767/5283
f 3143/5766/5282 3152/5767/5283 3144/5768/5284
f 3144/5768/5284 3152/5767/5283 3151/5769/5285
f 3144/5768/5284 3151/5769/5285 3149/5770/5286
f 3149/5770/5286 3151/5769/5285 3150/5771/5287
f 3227/5747/5263 3226/5772/5288 3161/5754/5270
f 3161/5754/5270 3226/5772/5288 3225/5773/5289
f 3161/5754/5270 3225/5773/5289 3224/5774/5290
f 3224/5774/5290 3219/5775/5291 3161/5754/5270
f 3161/5754/5270 3219/5775/5291 3218/5776/5292
f 3161/5754/5270 3218/5776/5292 3217/5777/5293
f 3217/5777/5293 3216/5778/5294 3161/5754/5270
f 3161/5754/5270 3216/5778/5294 3194/5779/5295
f 3161/5754/5270 3194/5779/5295 3193/5780/5296
f 3194/5779/5295 3216/5778/5294 3195/5781/5297
f 3195/5781/5297 3216/5778/5294 3211/5782/5298
f 3195/5781/5297 3211/5782/5298 3200/5783/5299
f 3200/5783/5299 3211/5782/5298 3210/5784/5300
f 3200/5783/5299 3210/5784/5300 3209/5785/5301
f 3200/5783/5299 3209/5785/5301 3201/5786/5302
f 3201/5786/5302 3209/5785/5301 3208/5787/5303
f 3201/5786/5302 3208/5787/5303 3202/5788/5304
f 3202/5788/5304 3208/5787/5303 3203/5789/5305
f 3193/5780/5296 3192/5790/5306 3161/5754/5270
f 3161/5754/5270 3192/5790/5306 3166/5791/5307
f 3166/5791/5307 3192/5790/5306 3167/5792/5308
f 3167/5792/5308 3192/5790/5306 3187/5793/5309
f 3167/5792/5308 3187/5793/5309 3168/5794/5310
f 3168/5794/5310 3187/5793/5309 3186/5795/5311
f 3168/5794/5310 3186/5795/5311 3169/5796/5312
f 3169/5796/5312 3186/5795/5311 3185/5797/5313
f 3169/5796/5312 3185/5797/5313 3184/5798/5314
f 3177/5799/5315 3176/5800/5316 3184/5798/5314
f 3184/5798/5314 3176/5800/5316 3175/5801/5317
f 3184/5798/5314 3175/5801/5317 3174/5802/5318
f 3174/5802/5318 3169/5796/5312 3184/5798/5314
f 3028/5672/5188 3027/5803/5319 2954/5670/5186
f 2954/5670/5186 3027/5803/5319 3026/5804/5320
f 2954/5670/5186 3026/5804/5320 2959/5805/5321
f 2959/5805/5321 3026/5804/5320 3025/5806/5322
f 2959/5805/5321 3025/5806/5322 2960/5807/5323
f 2960/5807/5323 3025/5806/5322 3020/5808/5324
f 2960/5807/5323 3020/5808/5324 3019/5809/5325
f 2960/5807/5323 3019/5809/5325 2961/5810/5326
f 2961/5810/5326 3019/5809/5325 3018/5811/5327
f 2961/5810/5326 3018/5811/5327 2962/5812/5328
f 2962/5812/5328 3018/5811/5327 3017/5813/5329
f 2962/5812/5328 3017/5813/5329 2988/5814/5330
f 2988/5814/5330 3017/5813/5329 2993/5815/5331
f 2993/5815/5331 3017/5813/5329 2994/5816/5332
f 2994/5816/5332 3017/5813/5329 3012/5817/5333
f 2994/5816/5332 3012/5817/5333 2995/5818/5334
f 2995/5818/5334 3012/5817/5333 3011/5819/5335
f 2995/5818/5334 3011/5819/5335 2996/5820/5336
f 2996/5820/5336 3011/5819/5335 3010/5821/5337
f 2996/5820/5336 3010/5821/5337 3009/5822/5338
f 3004/5823/5339 3003/5824/5340 3009/5822/5338
f 3009/5822/5338 3003/5824/5340 3002/5825/5341
f 3009/5822/5338 3002/5825/5341 3001/5826/5342
f 3001/5826/5342 2996/5820/5336 3009/5822/5338
f 2988/5814/5330 2987/5827/5343 2962/5812/5328
f 2962/5812/5328 2987/5827/5343 2986/5828/5344
f 2962/5812/5328 2986/5828/5344 2985/5829/5345
f 2985/5829/5345 2980/5830/5346 2962/5812/5328
f 2962/5812/5328 2980/5830/5346 2967/5831/5347
f 2967/5831/5347 2980/5830/5346 2979/5832/5348
f 2967/5831/5347 2979/5832/5348 2978/5833/5349
f 2978/5833/5349 2977/5834/5350 2967/5831/5347
f 2967/5831/5347 2977/5834/5350 2968/5835/5351
f 2968/5835/5351 2977/5834/5350 2969/5836/5352
f 2969/5836/5352 2977/5834/5350 2970/5837/5353
f 3306/5838/5354 2917/5839/5355 3296/5840/5356
f 3296/5840/5356 2917/5839/5355 2916/5841/5357
f 3296/5840/5356 2916/5841/5357 3297/5842/5358
f 3297/5842/5358 2916/5841/5357 2915/5843/5359
f 3297/5842/5358 2915/5843/5359 2926/5844/5360
f 3305/5845/5361 2905/5846/5362 3306/5838/5354
f 3306/5838/5354 2905/5846/5362 2918/5847/5363
f 3306/5838/5354 2918/5847/5363 2917/5839/5355
f 3304/5848/5364 2907/5849/5365 3305/5845/5361
f 3305/5845/5361 2907/5849/5365 2906/5850/5366
f 3305/5845/5361 2906/5850/5366 2905/5846/5362
f 2909/5851/5367 2908/5852/5368 3304/5848/5364
f 3304/5848/5364 2908/5852/5368 2907/5849/5365
f 3297/5842/5358 2926/5844/5360 3298/5853/5369
f 3298/5853/5369 2926/5844/5360 2925/5854/5370
f 3298/5853/5369 2925/5854/5370 2924/5855/5371
f 2924/5855/5371 2923/5856/5372 3298/5853/5369
f 3298/5853/5369 2923/5856/5372 3299/5857/5373
f 3299/5857/5373 2923/5856/5372 2934/5858/5374
f 3299/5857/5373 2934/5858/5374 2933/5859/5375
f 2933/5859/5375 2932/5860/5376 3299/5857/5373
f 3299/5857/5373 2932/5860/5376 2931/5861/5377
f 3299/5857/5373 2931/5861/5377 2942/5862/5378
f 2942/5862/5378 2941/5863/5379 3299/5857/5373
f 3299/5857/5373 2941/5863/5379 2940/5864/5380
f 3299/5857/5373 2940/5864/5380 3288/5865/5381
f 3288/5865/5381 2940/5864/5380 2939/5866/5382
f 3288/5865/5381 2939/5866/5382 2950/5867/5383
f 2950/5867/5383 2949/5868/5384 3288/5865/5381
f 3288/5865/5381 2949/5868/5384 2948/5869/5385
f 3288/5865/5381 2948/5869/5385 2947/5870/5386
f 2958/5871/5387 3023/5872/5388 2947/5870/5386
f 2947/5870/5386 3023/5872/5388 3022/5873/5389
f 2947/5870/5386 3022/5873/5389 3021/5874/5390
f 3023/5872/5388 2958/5871/5387 3024/5875/5391
f 3024/5875/5391 2958/5871/5387 2957/5876/5392
f 3024/5875/5391 2957/5876/5392 3013/5877/5393
f 3013/5877/5393 2957/5876/5392 3014/5878/5394
f 3014/5878/5394 2957/5876/5392 2956/5879/5395
f 3014/5878/5394 2956/5879/5395 3015/5880/5396
f 3015/5880/5396 2956/5879/5395 2955/5881/5397
f 3015/5880/5396 2955/5881/5397 3016/5882/5398
f 3016/5882/5398 2955/5881/5397 2981/5883/5399
f 3016/5882/5398 2981/5883/5399 2992/5884/5400
f 2966/5885/5401 2973/5886/5402 2955/5881/5397
f 2955/5881/5397 2973/5886/5402 2984/5887/5403
f 2955/5881/5397 2984/5887/5403 2983/5888/5404
f 2965/5889/5405 2976/5890/5406 2966/5885/5401
f 2966/5885/5401 2976/5890/5406 2975/5891/5407
f 2966/5885/5401 2975/5891/5407 2974/5892/5408
f 2965/5889/5405 2964/5893/5409 2976/5890/5406
f 2976/5890/5406 2964/5893/5409 2963/5894/5410
f 2974/5892/5408 2973/5886/5402 2966/5885/5401
f 2983/5888/5404 2982/5895/5411 2955/5881/5397
f 2955/5881/5397 2982/5895/5411 2981/5883/5399
f 2992/5884/5400 2991/5896/5412 3016/5882/5398
f 3016/5882/5398 2991/5896/5412 3005/5897/5413
f 3005/5897/5413 2991/5896/5412 2990/5898/5414
f 3005/5897/5413 2990/5898/5414 3006/5899/5415
f 3006/5899/5415 2990/5898/5414 2989/5900/5416
f 3006/5899/5415 2989/5900/5416 3007/5901/5417
f 3007/5901/5417 2989/5900/5416 3008/5902/5418
f 3008/5902/5418 2989/5900/5416 3000/5903/5419
f 3008/5902/5418 3000/5903/5419 2999/5904/5420
f 2999/5904/5420 2998/5905/5421 3008/5902/5418
f 3008/5902/5418 2998/5905/5421 2997/5906/5422
f 2947/5870/5386 3021/5874/5390 3289/5907/5423
f 3289/5907/5423 3021/5874/5390 3032/5908/5424
f 3289/5907/5423 3032/5908/5424 3031/5909/5425
f 3031/5909/5425 3030/5910/5426 3289/5907/5423
f 3289/5907/5423 3030/5910/5426 3029/5911/5427
f 3289/5907/5423 3029/5911/5427 3041/5912/5428
f 3041/5912/5428 3040/5913/5429 3289/5907/5423
f 3289/5907/5423 3040/5913/5429 3039/5914/5430
f 3289/5907/5423 3039/5914/5430 3038/5915/5431
f 3038/5915/5431 3037/5916/5432 3289/5907/5423
f 3289/5907/5423 3037/5916/5432 3290/5917/5433
f 3290/5917/5433 3037/5916/5432 3291/5918/5434
f 3291/5918/5434 3037/5916/5432 3280/5919/5435
f 3280/5919/5435 3037/5916/5432 3281/5920/5436
f 3281/5920/5436 3037/5916/5432 3050/5921/5437
f 3281/5920/5436 3050/5921/5437 3282/5922/5438
f 3282/5922/5438 3050/5921/5437 3283/5923/5439
f 3283/5923/5439 3050/5921/5437 3272/5924/5440
f 3272/5924/5440 3050/5921/5437 3273/5925/5441
f 3273/5925/5441 3050/5921/5437 3274/5926/5442
f 3274/5926/5442 3050/5921/5437 3049/5927/5443
f 3274/5926/5442 3049/5927/5443 3275/5928/5444
f 3275/5928/5444 3049/5927/5443 3264/5929/5445
f 3264/5929/5445 3049/5927/5443 3048/5930/5446
f 3264/5929/5445 3048/5930/5446 3265/5931/5447
f 3265/5931/5447 3048/5930/5446 3047/5932/5448
f 3265/5931/5447 3047/5932/5448 3266/5933/5449
f 3266/5933/5449 3047/5932/5448 3058/5934/5450
f 3266/5933/5449 3058/5934/5450 3267/5935/5451
f 3267/5935/5451 3058/5934/5450 3057/5936/5452
f 3267/5935/5451 3057/5936/5452 3056/5937/5453
f 3267/5935/5451 3056/5937/5453 3256/5938/5454
f 3256/5938/5454 3056/5937/5453 3055/5939/5455
f 3256/5938/5454 3055/5939/5455 3257/5940/5456
f 3257/5940/5456 3055/5939/5455 3066/5941/5457
f 3257/5940/5456 3066/5941/5457 3258/5942/5458
f 3258/5942/5458 3066/5941/5457 3065/5943/5459
f 3258/5942/5458 3065/5943/5459 3064/5944/5460
f 3258/5942/5458 3064/5944/5460 3259/5945/5461
f 3259/5945/5461 3064/5944/5460 3063/5946/5462
f 3259/5945/5461 3063/5946/5462 3244/5947/5463
f 3244/5947/5463 3063/5946/5462 3074/5948/5464
f 3244/5947/5463 3074/5948/5464 3245/5949/5465
f 3245/5949/5465 3074/5948/5464 3246/5950/5466
f 3246/5950/5466 3074/5948/5464 3073/5951/5467
f 3246/5950/5466 3073/5951/5467 3247/5952/5468
f 3247/5952/5468 3073/5951/5467 3248/5953/5469
f 3248/5953/5469 3073/5951/5467 3072/5954/5470
f 3248/5953/5469 3072/5954/5470 3249/5955/5471
f 3249/5955/5471 3072/5954/5470 3071/5956/5472
f 3249/5955/5471 3071/5956/5472 3083/5957/5473
f 3249/5955/5471 3083/5957/5473 3236/5958/5474
f 3236/5958/5474 3083/5957/5473 3082/5959/5475
f 3236/5958/5474 3082/5959/5475 3081/5960/5476
f 3081/5960/5476 3080/5961/5477 3236/5958/5474
f 3236/5958/5474 3080/5961/5477 3079/5962/5478
f 3236/5958/5474 3079/5962/5478 3092/5963/5479
f 3092/5963/5479 3091/5964/5480 3236/5958/5474
f 3236/5958/5474 3091/5964/5480 3090/5965/5481
f 3236/5958/5474 3090/5965/5481 3089/5966/5482
f 3236/5958/5474 3089/5966/5482 3237/5967/5483
f 3237/5967/5483 3089/5966/5482 3100/5968/5484
f 3237/5967/5483 3100/5968/5484 3099/5969/5485
f 3237/5967/5483 3099/5969/5485 3238/5970/5486
f 3238/5970/5486 3099/5969/5485 3098/5971/5487
f 3238/5970/5486 3098/5971/5487 3239/5972/5488
f 3239/5972/5488 3098/5971/5487 3097/5973/5489
f 3239/5972/5488 3097/5973/5489 3228/5974/5490
f 3228/5974/5490 3097/5973/5489 3108/5975/5491
f 3228/5974/5490 3108/5975/5491 3229/5976/5492
f 3229/5976/5492 3108/5975/5491 3107/5977/5493
f 3229/5976/5492 3107/5977/5493 3230/5978/5494
f 3230/5978/5494 3107/5977/5493 3106/5979/5495
f 3230/5978/5494 3106/5979/5495 3231/5980/5496
f 3231/5980/5496 3106/5979/5495 3105/5981/5497
f 3231/5980/5496 3105/5981/5497 3220/5982/5498
f 3220/5982/5498 3105/5981/5497 3116/5983/5499
f 3220/5982/5498 3116/5983/5499 3115/5984/5500
f 3115/5984/5500 3114/5985/5501 3220/5982/5498
f 3220/5982/5498 3114/5985/5501 3113/5986/5502
f 3220/5982/5498 3113/5986/5502 3124/5987/5503
f 3124/5987/5503 3123/5988/5504 3220/5982/5498
f 3220/5982/5498 3123/5988/5504 3154/5989/5505
f 3220/5982/5498 3154/5989/5505 3221/5990/5506
f 3221/5990/5506 3154/5989/5505 3222/5991/5507
f 3222/5991/5507 3154/5989/5505 3223/5992/5508
f 3223/5992/5508 3154/5989/5505 3212/5993/5509
f 3212/5993/5509 3154/5989/5505 3213/5994/5510
f 3213/5994/5510 3154/5989/5505 3214/5995/5511
f 3214/5995/5511 3154/5989/5505 3215/5996/5512
f 3215/5996/5512 3154/5989/5505 3189/5997/5513
f 3215/5996/5512 3189/5997/5513 3188/5998/5514
f 3123/5988/5504 3122/5999/5515 3154/5989/5505
f 3154/5989/5505 3122/5999/5515 3121/6000/5516
f 3154/5989/5505 3121/6000/5516 3132/6001/5517
f 3154/5989/5505 3132/6001/5517 3155/6002/5518
f 3155/6002/5518 3132/6001/5517 3131/6003/5519
f 3155/6002/5518 3131/6003/5519 3156/6004/5520
f 3156/6004/5520 3131/6003/5519 3130/6005/5521
f 3156/6004/5520 3130/6005/5521 3157/6006/5522
f 3157/6006/5522 3130/6005/5521 3129/6007/5523
f 3157/6006/5522 3129/6007/5523 3140/6008/5524
f 3140/6008/5524 3139/6009/5525 3157/6006/5522
f 3157/6006/5522 3139/6009/5525 3138/6010/5526
f 3157/6006/5522 3138/6010/5526 3145/6011/5527
f 3145/6011/5527 3138/6010/5526 3137/6012/5528
f 3145/6011/5527 3137/6012/5528 3146/6013/5529
f 3146/6013/5529 3137/6012/5528 3148/6014/5530
f 3146/6013/5529 3148/6014/5530 3147/6015/5531
f 3165/6016/5532 3191/6017/5533 3154/5989/5505
f 3154/5989/5505 3191/6017/5533 3190/6018/5534
f 3154/5989/5505 3190/6018/5534 3189/5997/5513
f 3165/6016/5532 3164/6019/5535 3191/6017/5533
f 3191/6017/5533 3164/6019/5535 3180/6020/5536
f 3180/6020/5536 3164/6019/5535 3163/6021/5537
f 3180/6020/5536 3163/6021/5537 3181/6022/5538
f 3181/6022/5538 3163/6021/5537 3162/6023/5539
f 3181/6022/5538 3162/6023/5539 3182/6024/5540
f 3182/6024/5540 3162/6023/5539 3183/6025/5541
f 3183/6025/5541 3162/6023/5539 3173/6026/5542
f 3183/6025/5541 3173/6026/5542 3172/6027/5543
f 3172/6027/5543 3171/6028/5544 3183/6025/5541
f 3183/6025/5541 3171/6028/5544 3170/6029/5545
f 3215/5996/5512 3188/5998/5514 3204/6030/5546
f 3204/6030/5546 3188/5998/5514 3199/6031/5547
f 3204/6030/5546 3199/6031/5547 3205/6032/5548
f 3205/6032/5548 3199/6031/5547 3206/6033/5549
f 3206/6033/5549 3199/6031/5547 3198/6034/5550
f 3206/6033/5549 3198/6034/5550 3207/6035/5551
f 3207/6035/5551 3198/6034/5550 3197/6036/5552
f 3207/6035/5551 3197/6036/5552 3196/6037/5553
f 3289/5907/5423 3288/5865/5381 2947/5870/5386
# 3309 vertices
# 6037 texture params
# 5553 normals
# 6606 facets

# 5 groups
